step,action,ucb_score,objective_before,objective_after,reward,accepted,moves,feasible,action_runtime_sec,cumulative_runtime_sec,context,termination_reason,profile,method,instance,instance_seed,construction_source
0,two_opt,,514.5575935930884,514.5575935930884,0.0,False,0,True,0.0005317909999575932,0.0005317909999575932,"{'instance': 'synthetic_evrptw_n20_seed20280813_baseline', 'scale': 20, 'seed': 20280813, 'source': 'nearest'}",,baseline,E_adaptive_portfolio,synthetic_evrptw_n20_seed20280813_baseline,20280813,nearest
1,relocate,,514.5575935930884,484.52752850700864,0.05836094046612696,True,3,True,0.0011303749997750856,0.0016621659997326788,"{'instance': 'synthetic_evrptw_n20_seed20280813_baseline', 'scale': 20, 'seed': 20280813, 'source': 'nearest'}",,baseline,E_adaptive_portfolio,synthetic_evrptw_n20_seed20280813_baseline,20280813,nearest
2,swap,,484.52752850700864,469.9095220705576,0.030169609725775526,True,1,True,0.000408333999075694,0.0020704999988083728,"{'instance': 'synthetic_evrptw_n20_seed20280813_baseline', 'scale': 20, 'seed': 20280813, 'source': 'nearest'}",,baseline,E_adaptive_portfolio,synthetic_evrptw_n20_seed20280813_baseline,20280813,nearest
3,relocate,0.7920638922438704,469.9095220705576,432.4016019011251,0.07981945120873851,True,2,True,0.0010015420011768583,0.003072041999985231,"{'instance': 'synthetic_evrptw_n20_seed20280813_baseline', 'scale': 20, 'seed': 20280813, 'source': 'nearest'}",,baseline,E_adaptive_portfolio,synthetic_evrptw_n20_seed20280813_baseline,20280813,nearest
4,swap,0.8543566254866077,432.4016019011251,432.4016019011251,0.0,False,0,True,0.00039437499799532816,0.0034664169979805592,"{'instance': 'synthetic_evrptw_n20_seed20280813_baseline', 'scale': 20, 'seed': 20280813, 'source': 'nearest'}",,baseline,E_adaptive_portfolio,synthetic_evrptw_n20_seed20280813_baseline,20280813,nearest
5,two_opt,0.8880453688256637,432.4016019011251,415.0043698427064,0.04023396764010329,True,1,True,0.001037250000081258,0.004503666998061817,"{'instance': 'synthetic_evrptw_n20_seed20280813_baseline', 'scale': 20, 'seed': 20280813, 'source': 'nearest'}",,baseline,E_adaptive_portfolio,synthetic_evrptw_n20_seed20280813_baseline,20280813,nearest
6,relocate,0.7316466613261285,415.0043698427064,398.2781535427064,0.04030371127499103,True,1,True,0.0011357080002198927,0.00563937499828171,"{'instance': 'synthetic_evrptw_n20_seed20280813_baseline', 'scale': 20, 'seed': 20280813, 'source': 'nearest'}",,baseline,E_adaptive_portfolio,synthetic_evrptw_n20_seed20280813_baseline,20280813,nearest
7,two_opt,0.7105863796071146,398.2781535427064,398.2781535427064,0.0,False,0,True,0.0005223330008448102,0.00616170799912652,"{'instance': 'synthetic_evrptw_n20_seed20280813_baseline', 'scale': 20, 'seed': 20280813, 'source': 'nearest'}",,baseline,E_adaptive_portfolio,synthetic_evrptw_n20_seed20280813_baseline,20280813,nearest
8,swap,0.728851697981054,398.2781535427064,398.2781535427064,0.0,False,0,True,0.0006520419992739335,0.0068137499984004535,"{'instance': 'synthetic_evrptw_n20_seed20280813_baseline', 'scale': 20, 'seed': 20280813, 'source': 'nearest'}",,baseline,E_adaptive_portfolio,synthetic_evrptw_n20_seed20280813_baseline,20280813,nearest
9,relocate,0.6585606525263932,398.2781535427064,398.2781535427064,0.0,False,0,True,0.0011273330019321293,0.007941083000332583,"{'instance': 'synthetic_evrptw_n20_seed20280813_baseline', 'scale': 20, 'seed': 20280813, 'source': 'nearest'}",,baseline,E_adaptive_portfolio,synthetic_evrptw_n20_seed20280813_baseline,20280813,nearest
10,two_opt,0.6266721956850099,398.2781535427064,398.2781535427064,0.0,False,0,True,0.0005177089988137595,0.008458791999146342,"{'instance': 'synthetic_evrptw_n20_seed20280813_baseline', 'scale': 20, 'seed': 20280813, 'source': 'nearest'}",patience,baseline,E_adaptive_portfolio,synthetic_evrptw_n20_seed20280813_baseline,20280813,nearest
0,two_opt,,437.36299593089615,437.36299593089615,0.0,False,0,True,0.0003758329985430464,0.0003758329985430464,"{'instance': 'synthetic_evrptw_n20_seed20280813_baseline', 'scale': 20, 'seed': 20280813, 'source': 'composite'}",,baseline,E_adaptive_portfolio,synthetic_evrptw_n20_seed20280813_baseline,20280813,composite
1,relocate,,437.36299593089615,424.3003623872711,0.029866800952883917,True,3,True,0.0010097079975821543,0.0013855409961252008,"{'instance': 'synthetic_evrptw_n20_seed20280813_baseline', 'scale': 20, 'seed': 20280813, 'source': 'composite'}",,baseline,E_adaptive_portfolio,synthetic_evrptw_n20_seed20280813_baseline,20280813,composite
2,swap,,424.3003623872711,401.7831882595467,0.05306894861233307,True,1,True,0.000437917002273025,0.0018234579983982258,"{'instance': 'synthetic_evrptw_n20_seed20280813_baseline', 'scale': 20, 'seed': 20280813, 'source': 'composite'}",,baseline,E_adaptive_portfolio,synthetic_evrptw_n20_seed20280813_baseline,20280813,composite
3,swap,0.7867719003900765,401.7831882595467,401.7831882595467,0.0,False,0,True,0.00043362499854993075,0.0022570829969481565,"{'instance': 'synthetic_evrptw_n20_seed20280813_baseline', 'scale': 20, 'seed': 20280813, 'source': 'composite'}",,baseline,E_adaptive_portfolio,synthetic_evrptw_n20_seed20280813_baseline,20280813,composite
4,relocate,0.8540538167137162,401.7831882595467,373.051086909127,0.07151145739791173,True,2,True,0.0011309580004308373,0.0033880409973789938,"{'instance': 'synthetic_evrptw_n20_seed20280813_baseline', 'scale': 20, 'seed': 20280813, 'source': 'composite'}",,baseline,E_adaptive_portfolio,synthetic_evrptw_n20_seed20280813_baseline,20280813,composite
5,two_opt,0.8880453688256637,373.051086909127,367.587456990638,0.01464579546934791,True,2,True,0.0005000829987693578,0.0038881239961483516,"{'instance': 'synthetic_evrptw_n20_seed20280813_baseline', 'scale': 20, 'seed': 20280813, 'source': 'composite'}",,baseline,E_adaptive_portfolio,synthetic_evrptw_n20_seed20280813_baseline,20280813,composite
6,relocate,0.7132455946640937,367.587456990638,367.587456990638,0.0,False,0,True,0.0011071250009990763,0.004995248997147428,"{'instance': 'synthetic_evrptw_n20_seed20280813_baseline', 'scale': 20, 'seed': 20280813, 'source': 'composite'}",,baseline,E_adaptive_portfolio,synthetic_evrptw_n20_seed20280813_baseline,20280813,composite
7,swap,0.7170038700932294,367.587456990638,367.587456990638,0.0,False,0,True,0.0005195839985390194,0.005514832995686447,"{'instance': 'synthetic_evrptw_n20_seed20280813_baseline', 'scale': 20, 'seed': 20280813, 'source': 'composite'}",,baseline,E_adaptive_portfolio,synthetic_evrptw_n20_seed20280813_baseline,20280813,composite
8,two_opt,0.7210897908528402,367.587456990638,367.587456990638,0.0,False,0,True,0.00027604099886957556,0.005790873994556023,"{'instance': 'synthetic_evrptw_n20_seed20280813_baseline', 'scale': 20, 'seed': 20280813, 'source': 'composite'}",,baseline,E_adaptive_portfolio,synthetic_evrptw_n20_seed20280813_baseline,20280813,composite
9,relocate,0.6328587043267062,367.587456990638,367.587456990638,0.0,False,0,True,0.0011995419990853406,0.0069904159936413635,"{'instance': 'synthetic_evrptw_n20_seed20280813_baseline', 'scale': 20, 'seed': 20280813, 'source': 'composite'}",patience,baseline,E_adaptive_portfolio,synthetic_evrptw_n20_seed20280813_baseline,20280813,composite
0,two_opt,,464.57307036225336,464.57307036225336,0.0,False,0,True,0.00041608299943618476,0.00041608299943618476,"{'instance': 'synthetic_evrptw_n20_seed20280814_baseline', 'scale': 20, 'seed': 20280814, 'source': 'nearest'}",,baseline,E_adaptive_portfolio,synthetic_evrptw_n20_seed20280814_baseline,20280814,nearest
1,relocate,,464.57307036225336,461.94138438859784,0.005664740686763118,True,1,True,0.0010009170000557788,0.0014169999994919635,"{'instance': 'synthetic_evrptw_n20_seed20280814_baseline', 'scale': 20, 'seed': 20280814, 'source': 'nearest'}",,baseline,E_adaptive_portfolio,synthetic_evrptw_n20_seed20280814_baseline,20280814,nearest
2,swap,,461.94138438859784,461.94138438859784,0.0,False,0,True,0.00040904199704527855,0.001826041996537242,"{'instance': 'synthetic_evrptw_n20_seed20280814_baseline', 'scale': 20, 'seed': 20280814, 'source': 'nearest'}",,baseline,E_adaptive_portfolio,synthetic_evrptw_n20_seed20280814_baseline,20280814,nearest
3,relocate,0.7393676924645066,461.94138438859784,458.70558790056,0.007004777223674382,True,1,True,0.0010409159986011218,0.002866957995138364,"{'instance': 'synthetic_evrptw_n20_seed20280814_baseline', 'scale': 20, 'seed': 20280814, 'source': 'nearest'}",,baseline,E_adaptive_portfolio,synthetic_evrptw_n20_seed20280814_baseline,20280814,nearest
4,two_opt,0.8241870157608322,458.70558790056,458.70558790056,0.0,False,0,True,0.0003269579974585213,0.003193915992596885,"{'instance': 'synthetic_evrptw_n20_seed20280814_baseline', 'scale': 20, 'seed': 20280814, 'source': 'nearest'}",,baseline,E_adaptive_portfolio,synthetic_evrptw_n20_seed20280814_baseline,20280814,nearest
5,swap,0.8880453688256637,458.70558790056,458.70558790056,0.0,False,0,True,0.0004372080002212897,0.003631123992818175,"{'instance': 'synthetic_evrptw_n20_seed20280814_baseline', 'scale': 20, 'seed': 20280814, 'source': 'nearest'}",,baseline,E_adaptive_portfolio,synthetic_evrptw_n20_seed20280814_baseline,20280814,nearest
6,relocate,0.6688912244439146,458.70558790056,448.2805870478636,0.022726997725077518,True,1,True,0.0010843339987332001,0.004715457991551375,"{'instance': 'synthetic_evrptw_n20_seed20280814_baseline', 'scale': 20, 'seed': 20280814, 'source': 'nearest'}",,baseline,E_adaptive_portfolio,synthetic_evrptw_n20_seed20280814_baseline,20280814,nearest
7,two_opt,0.6904693957870629,448.2805870478636,448.2805870478636,0.0,False,0,True,0.0002827499993145466,0.004998207990865922,"{'instance': 'synthetic_evrptw_n20_seed20280814_baseline', 'scale': 20, 'seed': 20280814, 'source': 'nearest'}",,baseline,E_adaptive_portfolio,synthetic_evrptw_n20_seed20280814_baseline,20280814,nearest
8,swap,0.7137668931181662,448.2805870478636,448.2805870478636,0.0,False,0,True,0.0004657079989556223,0.005463915989821544,"{'instance': 'synthetic_evrptw_n20_seed20280814_baseline', 'scale': 20, 'seed': 20280814, 'source': 'nearest'}",,baseline,E_adaptive_portfolio,synthetic_evrptw_n20_seed20280814_baseline,20280814,nearest
9,relocate,0.6108647900882794,448.2805870478636,448.2805870478636,0.0,False,0,True,0.0010845830001926515,0.0065484989900141954,"{'instance': 'synthetic_evrptw_n20_seed20280814_baseline', 'scale': 20, 'seed': 20280814, 'source': 'nearest'}",,baseline,E_adaptive_portfolio,synthetic_evrptw_n20_seed20280814_baseline,20280814,nearest
10,two_opt,0.6132608731383088,448.2805870478636,448.2805870478636,0.0,False,0,True,0.0002822089991241228,0.006830707989138318,"{'instance': 'synthetic_evrptw_n20_seed20280814_baseline', 'scale': 20, 'seed': 20280814, 'source': 'nearest'}",patience,baseline,E_adaptive_portfolio,synthetic_evrptw_n20_seed20280814_baseline,20280814,nearest
0,two_opt,,467.98908526360026,467.98908526360026,0.0,False,0,True,0.0003529169989633374,0.0003529169989633374,"{'instance': 'synthetic_evrptw_n20_seed20280814_baseline', 'scale': 20, 'seed': 20280814, 'source': 'composite'}",,baseline,E_adaptive_portfolio,synthetic_evrptw_n20_seed20280814_baseline,20280814,composite
1,relocate,,467.98908526360026,454.32318695502875,0.029201318447147198,True,2,True,0.0011264170025242493,0.0014793340014875866,"{'instance': 'synthetic_evrptw_n20_seed20280814_baseline', 'scale': 20, 'seed': 20280814, 'source': 'composite'}",,baseline,E_adaptive_portfolio,synthetic_evrptw_n20_seed20280814_baseline,20280814,composite
2,swap,,454.32318695502875,454.32318695502875,0.0,False,0,True,0.00045574999967357144,0.001935084001161158,"{'instance': 'synthetic_evrptw_n20_seed20280814_baseline', 'scale': 20, 'seed': 20280814, 'source': 'composite'}",,baseline,E_adaptive_portfolio,synthetic_evrptw_n20_seed20280814_baseline,20280814,composite
3,relocate,0.7629042702248907,454.32318695502875,448.2805870478636,0.013300223454726003,True,1,True,0.0011223750007047784,0.0030574590018659364,"{'instance': 'synthetic_evrptw_n20_seed20280814_baseline', 'scale': 20, 'seed': 20280814, 'source': 'composite'}",,baseline,E_adaptive_portfolio,synthetic_evrptw_n20_seed20280814_baseline,20280814,composite
4,two_opt,0.8241870157608322,448.2805870478636,448.2805870478636,0.0,False,0,True,0.0002838340005837381,0.0033412930024496745,"{'instance': 'synthetic_evrptw_n20_seed20280814_baseline', 'scale': 20, 'seed': 20280814, 'source': 'composite'}",,baseline,E_adaptive_portfolio,synthetic_evrptw_n20_seed20280814_baseline,20280814,composite
5,swap,0.8880453688256637,448.2805870478636,448.2805870478636,0.0,False,0,True,0.00046333399950526655,0.003804627001954941,"{'instance': 'synthetic_evrptw_n20_seed20280814_baseline', 'scale': 20, 'seed': 20280814, 'source': 'composite'}",,baseline,E_adaptive_portfolio,synthetic_evrptw_n20_seed20280814_baseline,20280814,composite
6,relocate,0.6838072364396325,448.2805870478636,448.2805870478636,0.0,False,0,True,0.001108125001337612,0.004912752003292553,"{'instance': 'synthetic_evrptw_n20_seed20280814_baseline', 'scale': 20, 'seed': 20280814, 'source': 'composite'}",,baseline,E_adaptive_portfolio,synthetic_evrptw_n20_seed20280814_baseline,20280814,composite
7,two_opt,0.6904693957870629,448.2805870478636,448.2805870478636,0.0,False,0,True,0.00029558300229837187,0.005208335005590925,"{'instance': 'synthetic_evrptw_n20_seed20280814_baseline', 'scale': 20, 'seed': 20280814, 'source': 'composite'}",patience,baseline,E_adaptive_portfolio,synthetic_evrptw_n20_seed20280814_baseline,20280814,composite
0,two_opt,,503.03904246715706,503.03904246715706,0.0,False,0,True,0.00032395899688708596,0.00032395899688708596,"{'instance': 'synthetic_evrptw_n20_seed20280815_baseline', 'scale': 20, 'seed': 20280815, 'source': 'nearest'}",,baseline,E_adaptive_portfolio,synthetic_evrptw_n20_seed20280815_baseline,20280815,nearest
1,relocate,,503.03904246715706,444.5205432065477,0.11632993529409792,True,5,True,0.0008704169995326083,0.0011943759964196943,"{'instance': 'synthetic_evrptw_n20_seed20280815_baseline', 'scale': 20, 'seed': 20280815, 'source': 'nearest'}",,baseline,E_adaptive_portfolio,synthetic_evrptw_n20_seed20280815_baseline,20280815,nearest
2,swap,,444.5205432065477,398.6603892616473,0.1031676817770632,True,2,True,0.00036749999708263204,0.0015618759935023263,"{'instance': 'synthetic_evrptw_n20_seed20280815_baseline', 'scale': 20, 'seed': 20280815, 'source': 'nearest'}",,baseline,E_adaptive_portfolio,synthetic_evrptw_n20_seed20280815_baseline,20280815,nearest
3,relocate,0.8500328870718414,398.6603892616473,388.7028370480465,0.024977530955716587,True,2,True,0.00097704200015869,0.0025389179936610162,"{'instance': 'synthetic_evrptw_n20_seed20280815_baseline', 'scale': 20, 'seed': 20280815, 'source': 'nearest'}",,baseline,E_adaptive_portfolio,synthetic_evrptw_n20_seed20280815_baseline,20280815,nearest
4,swap,0.9273546975378955,388.7028370480465,388.7028370480465,0.0,False,0,True,0.0003476669990050141,0.0028865849926660303,"{'instance': 'synthetic_evrptw_n20_seed20280815_baseline', 'scale': 20, 'seed': 20280815, 'source': 'nearest'}",,baseline,E_adaptive_portfolio,synthetic_evrptw_n20_seed20280815_baseline,20280815,nearest
5,two_opt,0.8880453688256637,388.7028370480465,388.7028370480465,0.0,False,0,True,0.00036499999987427145,0.0032515849925403018,"{'instance': 'synthetic_evrptw_n20_seed20280815_baseline', 'scale': 20, 'seed': 20280815, 'source': 'nearest'}",,baseline,E_adaptive_portfolio,synthetic_evrptw_n20_seed20280815_baseline,20280815,nearest
6,relocate,0.733210198613603,388.7028370480465,381.49528617584275,0.018542573362573204,True,1,True,0.0009940419986378402,0.004245626991178142,"{'instance': 'synthetic_evrptw_n20_seed20280815_baseline', 'scale': 20, 'seed': 20280815, 'source': 'nearest'}",,baseline,E_adaptive_portfolio,synthetic_evrptw_n20_seed20280815_baseline,20280815,nearest
7,swap,0.7420532366755945,381.49528617584275,381.49528617584275,0.0,False,0,True,0.0003255000010540243,0.004571126992232166,"{'instance': 'synthetic_evrptw_n20_seed20280815_baseline', 'scale': 20, 'seed': 20280815, 'source': 'nearest'}",,baseline,E_adaptive_portfolio,synthetic_evrptw_n20_seed20280815_baseline,20280815,nearest
8,two_opt,0.7137668931181662,381.49528617584275,381.49528617584275,0.0,False,0,True,0.00037820799843757413,0.00494933499066974,"{'instance': 'synthetic_evrptw_n20_seed20280815_baseline', 'scale': 20, 'seed': 20280815, 'source': 'nearest'}",,baseline,E_adaptive_portfolio,synthetic_evrptw_n20_seed20280815_baseline,20280815,nearest
9,relocate,0.6523492980805703,381.49528617584275,381.49528617584275,0.0,False,0,True,0.0009961249998013955,0.005945459990471136,"{'instance': 'synthetic_evrptw_n20_seed20280815_baseline', 'scale': 20, 'seed': 20280815, 'source': 'nearest'}",,baseline,E_adaptive_portfolio,synthetic_evrptw_n20_seed20280815_baseline,20280815,nearest
10,swap,0.6476501003973298,381.49528617584275,381.49528617584275,0.0,False,0,True,0.0003361669987498317,0.0062816269892209675,"{'instance': 'synthetic_evrptw_n20_seed20280815_baseline', 'scale': 20, 'seed': 20280815, 'source': 'nearest'}",patience,baseline,E_adaptive_portfolio,synthetic_evrptw_n20_seed20280815_baseline,20280815,nearest
0,two_opt,,469.2009823107724,469.2009823107724,0.0,False,0,True,0.00035224999737692997,0.00035224999737692997,"{'instance': 'synthetic_evrptw_n20_seed20280815_baseline', 'scale': 20, 'seed': 20280815, 'source': 'composite'}",,baseline,E_adaptive_portfolio,synthetic_evrptw_n20_seed20280815_baseline,20280815,composite
1,relocate,,469.2009823107724,457.8724910289136,0.024144219021168756,True,4,True,0.000918583002203377,0.001270832999580307,"{'instance': 'synthetic_evrptw_n20_seed20280815_baseline', 'scale': 20, 'seed': 20280815, 'source': 'composite'}",,baseline,E_adaptive_portfolio,synthetic_evrptw_n20_seed20280815_baseline,20280815,composite
2,swap,,457.8724910289136,437.18881885539724,0.04517343273241159,True,2,True,0.0004216249981254805,0.0016924579977057874,"{'instance': 'synthetic_evrptw_n20_seed20280815_baseline', 'scale': 20, 'seed': 20280815, 'source': 'composite'}",,baseline,E_adaptive_portfolio,synthetic_evrptw_n20_seed20280815_baseline,20280815,composite
3,swap,0.7788763845101551,437.18881885539724,437.18881885539724,0.0,False,0,True,0.0004187500016996637,0.002111207999405451,"{'instance': 'synthetic_evrptw_n20_seed20280815_baseline', 'scale': 20, 'seed': 20280815, 'source': 'composite'}",,baseline,E_adaptive_portfolio,synthetic_evrptw_n20_seed20280815_baseline,20280815,composite
4,relocate,0.8483312347820009,437.18881885539724,427.92193786927743,0.02119651872703746,True,1,True,0.000931665999814868,0.003042873999220319,"{'instance': 'synthetic_evrptw_n20_seed20280815_baseline', 'scale': 20, 'seed': 20280815, 'source': 'composite'}",,baseline,E_adaptive_portfolio,synthetic_evrptw_n20_seed20280815_baseline,20280815,composite
5,two_opt,0.8880453688256637,427.92193786927743,427.89143839583767,7.127345139542262e-05,True,1,True,0.0005752910001319833,0.0036181649993523024,"{'instance': 'synthetic_evrptw_n20_seed20280815_baseline', 'scale': 20, 'seed': 20280815, 'source': 'composite'}",,baseline,E_adaptive_portfolio,synthetic_evrptw_n20_seed20280815_baseline,20280815,composite
6,relocate,0.685226834362799,427.89143839583767,427.89143839583767,0.0,False,0,True,0.0009694580003269948,0.004587622999679297,"{'instance': 'synthetic_evrptw_n20_seed20280815_baseline', 'scale': 20, 'seed': 20280815, 'source': 'composite'}",,baseline,E_adaptive_portfolio,synthetic_evrptw_n20_seed20280815_baseline,20280815,composite
7,swap,0.7130561121532687,427.89143839583767,427.89143839583767,0.0,False,0,True,0.0004075840006407816,0.004995207000320079,"{'instance': 'synthetic_evrptw_n20_seed20280815_baseline', 'scale': 20, 'seed': 20280815, 'source': 'composite'}",,baseline,E_adaptive_portfolio,synthetic_evrptw_n20_seed20280815_baseline,20280815,composite
8,two_opt,0.7138025298438639,427.89143839583767,427.89143839583767,0.0,False,0,True,0.00033354200058965944,0.005328749000909738,"{'instance': 'synthetic_evrptw_n20_seed20280815_baseline', 'scale': 20, 'seed': 20280815, 'source': 'composite'}",,baseline,E_adaptive_portfolio,synthetic_evrptw_n20_seed20280815_baseline,20280815,composite
9,relocate,0.6141795307925098,427.89143839583767,427.89143839583767,0.0,False,0,True,0.0009652080007072072,0.0062939570016169455,"{'instance': 'synthetic_evrptw_n20_seed20280815_baseline', 'scale': 20, 'seed': 20280815, 'source': 'composite'}",patience,baseline,E_adaptive_portfolio,synthetic_evrptw_n20_seed20280815_baseline,20280815,composite
0,two_opt,,417.4408245466196,417.4408245466196,0.0,False,0,True,0.00036616700162994675,0.00036616700162994675,"{'instance': 'synthetic_evrptw_n20_seed20280816_baseline', 'scale': 20, 'seed': 20280816, 'source': 'nearest'}",,baseline,E_adaptive_portfolio,synthetic_evrptw_n20_seed20280816_baseline,20280816,nearest
1,relocate,,417.4408245466196,415.7194350341842,0.004123673132125941,True,1,True,0.0011902080004801974,0.0015563750021101441,"{'instance': 'synthetic_evrptw_n20_seed20280816_baseline', 'scale': 20, 'seed': 20280816, 'source': 'nearest'}",,baseline,E_adaptive_portfolio,synthetic_evrptw_n20_seed20280816_baseline,20280816,nearest
2,swap,,415.7194350341842,415.7194350341842,0.0,False,0,True,0.000380000001314329,0.001936375003424473,"{'instance': 'synthetic_evrptw_n20_seed20280816_baseline', 'scale': 20, 'seed': 20280816, 'source': 'nearest'}",,baseline,E_adaptive_portfolio,synthetic_evrptw_n20_seed20280816_baseline,20280816,nearest
3,relocate,0.7378266249098694,415.7194350341842,415.7194350341842,0.0,False,0,True,0.001099249999242602,0.003035625002667075,"{'instance': 'synthetic_evrptw_n20_seed20280816_baseline', 'scale': 20, 'seed': 20280816, 'source': 'nearest'}",,baseline,E_adaptive_portfolio,synthetic_evrptw_n20_seed20280816_baseline,20280816,nearest
4,two_opt,0.8241870157608322,415.7194350341842,415.7194350341842,0.0,False,0,True,0.00032095799906528555,0.0033565830017323606,"{'instance': 'synthetic_evrptw_n20_seed20280816_baseline', 'scale': 20, 'seed': 20280816, 'source': 'nearest'}",,baseline,E_adaptive_portfolio,synthetic_evrptw_n20_seed20280816_baseline,20280816,nearest
5,swap,0.8880453688256637,415.7194350341842,415.7194350341842,0.0,False,0,True,0.0003736669968930073,0.003730249998625368,"{'instance': 'synthetic_evrptw_n20_seed20280816_baseline', 'scale': 20, 'seed': 20280816, 'source': 'nearest'}",patience,baseline,E_adaptive_portfolio,synthetic_evrptw_n20_seed20280816_baseline,20280816,nearest
0,two_opt,,427.23029285961275,427.23029285961275,0.0,False,0,True,0.0003713749974849634,0.0003713749974849634,"{'instance': 'synthetic_evrptw_n20_seed20280816_baseline', 'scale': 20, 'seed': 20280816, 'source': 'composite'}",,baseline,E_adaptive_portfolio,synthetic_evrptw_n20_seed20280816_baseline,20280816,composite
1,relocate,,427.23029285961275,419.1816851972392,0.01883903786059087,True,3,True,0.0009928749968821649,0.0013642499943671282,"{'instance': 'synthetic_evrptw_n20_seed20280816_baseline', 'scale': 20, 'seed': 20280816, 'source': 'composite'}",,baseline,E_adaptive_portfolio,synthetic_evrptw_n20_seed20280816_baseline,20280816,composite
2,swap,,419.1816851972392,407.6240044690671,0.02757200788181817,True,1,True,0.0003770830007852055,0.0017413329951523338,"{'instance': 'synthetic_evrptw_n20_seed20280816_baseline', 'scale': 20, 'seed': 20280816, 'source': 'composite'}",,baseline,E_adaptive_portfolio,synthetic_evrptw_n20_seed20280816_baseline,20280816,composite
3,swap,0.7612749596595616,407.6240044690671,407.6240044690671,0.0,False,0,True,0.0004105830012122169,0.0021519159963645507,"{'instance': 'synthetic_evrptw_n20_seed20280816_baseline', 'scale': 20, 'seed': 20280816, 'source': 'composite'}",,baseline,E_adaptive_portfolio,synthetic_evrptw_n20_seed20280816_baseline,20280816,composite
4,relocate,0.843026053621423,407.6240044690671,407.6240044690671,0.0,False,0,True,0.0010672089993022382,0.003219124995666789,"{'instance': 'synthetic_evrptw_n20_seed20280816_baseline', 'scale': 20, 'seed': 20280816, 'source': 'composite'}",,baseline,E_adaptive_portfolio,synthetic_evrptw_n20_seed20280816_baseline,20280816,composite
5,two_opt,0.8880453688256637,407.6240044690671,407.6240044690671,0.0,False,0,True,0.0002733750006882474,0.0034924999963550363,"{'instance': 'synthetic_evrptw_n20_seed20280816_baseline', 'scale': 20, 'seed': 20280816, 'source': 'composite'}",,baseline,E_adaptive_portfolio,synthetic_evrptw_n20_seed20280816_baseline,20280816,composite
6,swap,0.676342469429605,407.6240044690671,407.6240044690671,0.0,False,0,True,0.00040691600224818103,0.0038994159986032173,"{'instance': 'synthetic_evrptw_n20_seed20280816_baseline', 'scale': 20, 'seed': 20280816, 'source': 'composite'}",patience,baseline,E_adaptive_portfolio,synthetic_evrptw_n20_seed20280816_baseline,20280816,composite
0,two_opt,,485.752264050886,485.752264050886,0.0,False,0,True,0.0004117500029678922,0.0004117500029678922,"{'instance': 'synthetic_evrptw_n20_seed20280817_baseline', 'scale': 20, 'seed': 20280817, 'source': 'nearest'}",,baseline,E_adaptive_portfolio,synthetic_evrptw_n20_seed20280817_baseline,20280817,nearest
1,relocate,,485.752264050886,471.0782387598516,0.03020886648815949,True,2,True,0.0012311669997870922,0.0016429170027549844,"{'instance': 'synthetic_evrptw_n20_seed20280817_baseline', 'scale': 20, 'seed': 20280817, 'source': 'nearest'}",,baseline,E_adaptive_portfolio,synthetic_evrptw_n20_seed20280817_baseline,20280817,nearest
2,swap,,471.0782387598516,471.0782387598516,0.0,False,0,True,0.0004559580011118669,0.0020988750038668513,"{'instance': 'synthetic_evrptw_n20_seed20280817_baseline', 'scale': 20, 'seed': 20280817, 'source': 'nearest'}",,baseline,E_adaptive_portfolio,synthetic_evrptw_n20_seed20280817_baseline,20280817,nearest
3,relocate,0.7639118182659029,471.0782387598516,463.1795262788046,0.016767304942467677,True,1,True,0.0012410409981384873,0.0033399160020053387,"{'instance': 'synthetic_evrptw_n20_seed20280817_baseline', 'scale': 20, 'seed': 20280817, 'source': 'nearest'}",,baseline,E_adaptive_portfolio,synthetic_evrptw_n20_seed20280817_baseline,20280817,nearest
4,two_opt,0.8241870157608322,463.1795262788046,463.1795262788046,0.0,False,0,True,0.0003379580011824146,0.0036778740031877533,"{'instance': 'synthetic_evrptw_n20_seed20280817_baseline', 'scale': 20, 'seed': 20280817, 'source': 'nearest'}",,baseline,E_adaptive_portfolio,synthetic_evrptw_n20_seed20280817_baseline,20280817,nearest
5,swap,0.8880453688256637,463.1795262788046,463.1795262788046,0.0,False,0,True,0.0004682500002672896,0.004146124003455043,"{'instance': 'synthetic_evrptw_n20_seed20280817_baseline', 'scale': 20, 'seed': 20280817, 'source': 'nearest'}",,baseline,E_adaptive_portfolio,synthetic_evrptw_n20_seed20280817_baseline,20280817,nearest
6,relocate,0.6860445512040094,463.1795262788046,463.1795262788046,0.0,False,0,True,0.0012107080001442228,0.005356832003599266,"{'instance': 'synthetic_evrptw_n20_seed20280817_baseline', 'scale': 20, 'seed': 20280817, 'source': 'nearest'}",,baseline,E_adaptive_portfolio,synthetic_evrptw_n20_seed20280817_baseline,20280817,nearest
7,two_opt,0.6904693957870629,463.1795262788046,463.1795262788046,0.0,False,0,True,0.00036991700108046643,0.005726749004679732,"{'instance': 'synthetic_evrptw_n20_seed20280817_baseline', 'scale': 20, 'seed': 20280817, 'source': 'nearest'}",patience,baseline,E_adaptive_portfolio,synthetic_evrptw_n20_seed20280817_baseline,20280817,nearest
0,two_opt,,485.752264050886,485.752264050886,0.0,False,0,True,0.00041283300015493296,0.00041283300015493296,"{'instance': 'synthetic_evrptw_n20_seed20280817_baseline', 'scale': 20, 'seed': 20280817, 'source': 'composite'}",,baseline,E_adaptive_portfolio,synthetic_evrptw_n20_seed20280817_baseline,20280817,composite
1,relocate,,485.752264050886,471.0782387598516,0.03020886648815949,True,2,True,0.0012176249983895104,0.0016304579985444434,"{'instance': 'synthetic_evrptw_n20_seed20280817_baseline', 'scale': 20, 'seed': 20280817, 'source': 'composite'}",,baseline,E_adaptive_portfolio,synthetic_evrptw_n20_seed20280817_baseline,20280817,composite
2,swap,,471.0782387598516,471.0782387598516,0.0,False,0,True,0.0004517919987847563,0.0020822499973291997,"{'instance': 'synthetic_evrptw_n20_seed20280817_baseline', 'scale': 20, 'seed': 20280817, 'source': 'composite'}",,baseline,E_adaptive_portfolio,synthetic_evrptw_n20_seed20280817_baseline,20280817,composite
3,relocate,0.7639118182659029,471.0782387598516,463.1795262788046,0.016767304942467677,True,1,True,0.0012576250010170043,0.003339874998346204,"{'instance': 'synthetic_evrptw_n20_seed20280817_baseline', 'scale': 20, 'seed': 20280817, 'source': 'composite'}",,baseline,E_adaptive_portfolio,synthetic_evrptw_n20_seed20280817_baseline,20280817,composite
4,two_opt,0.8241870157608322,463.1795262788046,463.1795262788046,0.0,False,0,True,0.00035312500040163286,0.003692999998747837,"{'instance': 'synthetic_evrptw_n20_seed20280817_baseline', 'scale': 20, 'seed': 20280817, 'source': 'composite'}",,baseline,E_adaptive_portfolio,synthetic_evrptw_n20_seed20280817_baseline,20280817,composite
5,swap,0.8880453688256637,463.1795262788046,463.1795262788046,0.0,False,0,True,0.00047491700024693273,0.0041679169989947695,"{'instance': 'synthetic_evrptw_n20_seed20280817_baseline', 'scale': 20, 'seed': 20280817, 'source': 'composite'}",,baseline,E_adaptive_portfolio,synthetic_evrptw_n20_seed20280817_baseline,20280817,composite
6,relocate,0.6860445512040094,463.1795262788046,463.1795262788046,0.0,False,0,True,0.0011776669998653233,0.005345583998860093,"{'instance': 'synthetic_evrptw_n20_seed20280817_baseline', 'scale': 20, 'seed': 20280817, 'source': 'composite'}",,baseline,E_adaptive_portfolio,synthetic_evrptw_n20_seed20280817_baseline,20280817,composite
7,two_opt,0.6904693957870629,463.1795262788046,463.1795262788046,0.0,False,0,True,0.0003378330002306029,0.005683416999090696,"{'instance': 'synthetic_evrptw_n20_seed20280817_baseline', 'scale': 20, 'seed': 20280817, 'source': 'composite'}",patience,baseline,E_adaptive_portfolio,synthetic_evrptw_n20_seed20280817_baseline,20280817,composite
0,two_opt,,471.3829577623475,471.3829577623475,0.0,False,0,True,0.0006271250022109598,0.0006271250022109598,"{'instance': 'synthetic_evrptw_n20_seed20280818_baseline', 'scale': 20, 'seed': 20280818, 'source': 'nearest'}",,baseline,E_adaptive_portfolio,synthetic_evrptw_n20_seed20280818_baseline,20280818,nearest
1,relocate,,471.3829577623475,458.79427713010676,0.026705845904992222,True,4,True,0.001125666000007186,0.0017527910022181459,"{'instance': 'synthetic_evrptw_n20_seed20280818_baseline', 'scale': 20, 'seed': 20280818, 'source': 'nearest'}",,baseline,E_adaptive_portfolio,synthetic_evrptw_n20_seed20280818_baseline,20280818,nearest
2,swap,,458.79427713010676,458.79427713010676,0.0,False,0,True,0.0005101249989820644,0.0022629160012002103,"{'instance': 'synthetic_evrptw_n20_seed20280818_baseline', 'scale': 20, 'seed': 20280818, 'source': 'nearest'}",,baseline,E_adaptive_portfolio,synthetic_evrptw_n20_seed20280818_baseline,20280818,nearest
3,relocate,0.7604087976827357,458.79427713010676,427.2552361405018,0.06874331821855095,True,2,True,0.0010994170006597415,0.0033623330018599518,"{'instance': 'synthetic_evrptw_n20_seed20280818_baseline', 'scale': 20, 'seed': 20280818, 'source': 'nearest'}",,baseline,E_adaptive_portfolio,synthetic_evrptw_n20_seed20280818_baseline,20280818,nearest
4,two_opt,0.8241870157608322,427.2552361405018,427.2552361405018,0.0,False,0,True,0.0005116249994898681,0.00387395800134982,"{'instance': 'synthetic_evrptw_n20_seed20280818_baseline', 'scale': 20, 'seed': 20280818, 'source': 'nearest'}",,baseline,E_adaptive_portfolio,synthetic_evrptw_n20_seed20280818_baseline,20280818,nearest
5,swap,0.8880453688256637,427.2552361405018,427.2552361405018,0.0,False,0,True,0.0004791249994013924,0.004353083000751212,"{'instance': 'synthetic_evrptw_n20_seed20280818_baseline', 'scale': 20, 'seed': 20280818, 'source': 'nearest'}",,baseline,E_adaptive_portfolio,synthetic_evrptw_n20_seed20280818_baseline,20280818,nearest
6,relocate,0.7102810475504674,427.2552361405018,427.2552361405018,0.0,False,0,True,0.0011012920003850013,0.0054543750011362135,"{'instance': 'synthetic_evrptw_n20_seed20280818_baseline', 'scale': 20, 'seed': 20280818, 'source': 'nearest'}",,baseline,E_adaptive_portfolio,synthetic_evrptw_n20_seed20280818_baseline,20280818,nearest
7,two_opt,0.6904693957870629,427.2552361405018,427.2552361405018,0.0,False,0,True,0.0004961660015396774,0.005950541002675891,"{'instance': 'synthetic_evrptw_n20_seed20280818_baseline', 'scale': 20, 'seed': 20280818, 'source': 'nearest'}",patience,baseline,E_adaptive_portfolio,synthetic_evrptw_n20_seed20280818_baseline,20280818,nearest
0,two_opt,,512.592643011222,512.592643011222,0.0,False,0,True,0.0005595840011665132,0.0005595840011665132,"{'instance': 'synthetic_evrptw_n20_seed20280818_baseline', 'scale': 20, 'seed': 20280818, 'source': 'composite'}",,baseline,E_adaptive_portfolio,synthetic_evrptw_n20_seed20280818_baseline,20280818,composite
1,relocate,,512.592643011222,475.2828304094643,0.07278647696264515,True,3,True,0.0009710000013001263,0.0015305840024666395,"{'instance': 'synthetic_evrptw_n20_seed20280818_baseline', 'scale': 20, 'seed': 20280818, 'source': 'composite'}",,baseline,E_adaptive_portfolio,synthetic_evrptw_n20_seed20280818_baseline,20280818,composite
2,swap,,475.2828304094643,475.2828304094643,0.0,False,0,True,0.00036787499993806705,0.0018984590024047066,"{'instance': 'synthetic_evrptw_n20_seed20280818_baseline', 'scale': 20, 'seed': 20280818, 'source': 'composite'}",,baseline,E_adaptive_portfolio,synthetic_evrptw_n20_seed20280818_baseline,20280818,composite
3,relocate,0.8064894287403886,475.2828304094643,458.8541017708586,0.034566215287962394,True,2,True,0.0009812499993131496,0.002879709001717856,"{'instance': 'synthetic_evrptw_n20_seed20280818_baseline', 'scale': 20, 'seed': 20280818, 'source': 'composite'}",,baseline,E_adaptive_portfolio,synthetic_evrptw_n20_seed20280818_baseline,20280818,composite
4,two_opt,0.8241870157608322,458.8541017708586,452.3557834132691,0.014162057901434329,True,1,True,0.0008851669990690425,0.0037648760007868987,"{'instance': 'synthetic_evrptw_n20_seed20280818_baseline', 'scale': 20, 'seed': 20280818, 'source': 'composite'}",,baseline,E_adaptive_portfolio,synthetic_evrptw_n20_seed20280818_baseline,20280818,composite
5,swap,0.8880453688256637,452.3557834132691,452.3557834132691,0.0,False,0,True,0.0005114999985380564,0.004276375999324955,"{'instance': 'synthetic_evrptw_n20_seed20280818_baseline', 'scale': 20, 'seed': 20280818, 'source': 'composite'}",,baseline,E_adaptive_portfolio,synthetic_evrptw_n20_seed20280818_baseline,20280818,composite
6,relocate,0.7162328116139997,452.3557834132691,444.90821329639857,0.01646396573218223,True,1,True,0.0011396249974495731,0.005416000996774528,"{'instance': 'synthetic_evrptw_n20_seed20280818_baseline', 'scale': 20, 'seed': 20280818, 'source': 'composite'}",,baseline,E_adaptive_portfolio,synthetic_evrptw_n20_seed20280818_baseline,20280818,composite
7,two_opt,0.6975504247377801,444.90821329639857,444.90821329639857,0.0,False,0,True,0.0004538749999483116,0.00586987599672284,"{'instance': 'synthetic_evrptw_n20_seed20280818_baseline', 'scale': 20, 'seed': 20280818, 'source': 'composite'}",,baseline,E_adaptive_portfolio,synthetic_evrptw_n20_seed20280818_baseline,20280818,composite
8,swap,0.7137668931181662,444.90821329639857,444.90821329639857,0.0,False,0,True,0.0005773330012743827,0.0064472089979972225,"{'instance': 'synthetic_evrptw_n20_seed20280818_baseline', 'scale': 20, 'seed': 20280818, 'source': 'composite'}",,baseline,E_adaptive_portfolio,synthetic_evrptw_n20_seed20280818_baseline,20280818,composite
9,relocate,0.6403381708707043,444.90821329639857,444.90821329639857,0.0,False,0,True,0.0011449159974290524,0.007592124995426275,"{'instance': 'synthetic_evrptw_n20_seed20280818_baseline', 'scale': 20, 'seed': 20280818, 'source': 'composite'}",,baseline,E_adaptive_portfolio,synthetic_evrptw_n20_seed20280818_baseline,20280818,composite
10,two_opt,0.6179815591054536,444.90821329639857,444.90821329639857,0.0,False,0,True,0.0004462079996301327,0.008038332995056408,"{'instance': 'synthetic_evrptw_n20_seed20280818_baseline', 'scale': 20, 'seed': 20280818, 'source': 'composite'}",patience,baseline,E_adaptive_portfolio,synthetic_evrptw_n20_seed20280818_baseline,20280818,composite
0,two_opt,,462.37506922863514,462.37506922863514,0.0,False,0,True,0.0003765420005947817,0.0003765420005947817,"{'instance': 'synthetic_evrptw_n20_seed20280819_baseline', 'scale': 20, 'seed': 20280819, 'source': 'nearest'}",,baseline,E_adaptive_portfolio,synthetic_evrptw_n20_seed20280819_baseline,20280819,nearest
1,relocate,,462.37506922863514,448.3389070340054,0.030356658757674397,True,3,True,0.001058333000401035,0.0014348750009958167,"{'instance': 'synthetic_evrptw_n20_seed20280819_baseline', 'scale': 20, 'seed': 20280819, 'source': 'nearest'}",,baseline,E_adaptive_portfolio,synthetic_evrptw_n20_seed20280819_baseline,20280819,nearest
2,swap,,448.3389070340054,448.3389070340054,0.0,False,0,True,0.0004836249972868245,0.0019184999982826412,"{'instance': 'synthetic_evrptw_n20_seed20280819_baseline', 'scale': 20, 'seed': 20280819, 'source': 'nearest'}",,baseline,E_adaptive_portfolio,synthetic_evrptw_n20_seed20280819_baseline,20280819,nearest
3,relocate,0.7640596105354178,448.3389070340054,448.3389070340054,0.0,False,0,True,0.0015700000003562309,0.003488499998638872,"{'instance': 'synthetic_evrptw_n20_seed20280819_baseline', 'scale': 20, 'seed': 20280819, 'source': 'nearest'}",,baseline,E_adaptive_portfolio,synthetic_evrptw_n20_seed20280819_baseline,20280819,nearest
4,two_opt,0.8241870157608322,448.3389070340054,447.7549260266734,0.0013025436743719992,True,1,True,0.0003842919977614656,0.0038727919964003377,"{'instance': 'synthetic_evrptw_n20_seed20280819_baseline', 'scale': 20, 'seed': 20280819, 'source': 'nearest'}",,baseline,E_adaptive_portfolio,synthetic_evrptw_n20_seed20280819_baseline,20280819,nearest
5,swap,0.8880453688256637,447.7549260266734,447.7549260266734,0.0,False,0,True,0.0004837499982386362,0.004356541994638974,"{'instance': 'synthetic_evrptw_n20_seed20280819_baseline', 'scale': 20, 'seed': 20280819, 'source': 'nearest'}",,baseline,E_adaptive_portfolio,synthetic_evrptw_n20_seed20280819_baseline,20280819,nearest
6,relocate,0.6777347948675331,447.7549260266734,447.7549260266734,0.0,False,0,True,0.0010986659981426783,0.005455207992781652,"{'instance': 'synthetic_evrptw_n20_seed20280819_baseline', 'scale': 20, 'seed': 20280819, 'source': 'nearest'}",,baseline,E_adaptive_portfolio,synthetic_evrptw_n20_seed20280819_baseline,20280819,nearest
7,two_opt,0.691120667624249,447.7549260266734,447.7549260266734,0.0,False,0,True,0.0002876250000554137,0.005742832992837066,"{'instance': 'synthetic_evrptw_n20_seed20280819_baseline', 'scale': 20, 'seed': 20280819, 'source': 'nearest'}",,baseline,E_adaptive_portfolio,synthetic_evrptw_n20_seed20280819_baseline,20280819,nearest
8,swap,0.7137668931181662,447.7549260266734,447.7549260266734,0.0,False,0,True,0.00047508399802609347,0.006217916990863159,"{'instance': 'synthetic_evrptw_n20_seed20280819_baseline', 'scale': 20, 'seed': 20280819, 'source': 'nearest'}",patience,baseline,E_adaptive_portfolio,synthetic_evrptw_n20_seed20280819_baseline,20280819,nearest
0,two_opt,,489.01934039523485,489.01934039523485,0.0,False,0,True,0.0002688329986995086,0.0002688329986995086,"{'instance': 'synthetic_evrptw_n20_seed20280819_baseline', 'scale': 20, 'seed': 20280819, 'source': 'composite'}",,baseline,E_adaptive_portfolio,synthetic_evrptw_n20_seed20280819_baseline,20280819,composite
1,relocate,,489.01934039523485,463.14330552112733,0.052914133934240735,True,5,True,0.0009991670012823306,0.0012679999999818392,"{'instance': 'synthetic_evrptw_n20_seed20280819_baseline', 'scale': 20, 'seed': 20280819, 'source': 'composite'}",,baseline,E_adaptive_portfolio,synthetic_evrptw_n20_seed20280819_baseline,20280819,composite
2,swap,,463.14330552112733,448.66175761605047,0.03126796335484602,True,1,True,0.000495459000376286,0.0017634590003581252,"{'instance': 'synthetic_evrptw_n20_seed20280819_baseline', 'scale': 20, 'seed': 20280819, 'source': 'composite'}",,baseline,E_adaptive_portfolio,synthetic_evrptw_n20_seed20280819_baseline,20280819,composite
3,relocate,0.7866170857119842,448.66175761605047,427.61849136686783,0.04690229530815227,True,1,True,0.001054208001733059,0.0028176670020911843,"{'instance': 'synthetic_evrptw_n20_seed20280819_baseline', 'scale': 20, 'seed': 20280819, 'source': 'composite'}",,baseline,E_adaptive_portfolio,synthetic_evrptw_n20_seed20280819_baseline,20280819,composite
4,swap,0.8554549791156782,427.61849136686783,415.98224879940415,0.027211738506136236,True,1,True,0.0004962090024491772,0.0033138760045403615,"{'instance': 'synthetic_evrptw_n20_seed20280819_baseline', 'scale': 20, 'seed': 20280819, 'source': 'composite'}",,baseline,E_adaptive_portfolio,synthetic_evrptw_n20_seed20280819_baseline,20280819,composite
5,two_opt,0.8880453688256637,415.98224879940415,415.98224879940415,0.0,False,0,True,0.00022570900182472542,0.003539585006365087,"{'instance': 'synthetic_evrptw_n20_seed20280819_baseline', 'scale': 20, 'seed': 20280819, 'source': 'composite'}",,baseline,E_adaptive_portfolio,synthetic_evrptw_n20_seed20280819_baseline,20280819,composite
6,relocate,0.7124646801098924,415.98224879940415,403.6888358750163,0.029552734425251866,True,2,True,0.0010096670011989772,0.004549252007564064,"{'instance': 'synthetic_evrptw_n20_seed20280819_baseline', 'scale': 20, 'seed': 20280819, 'source': 'composite'}",,baseline,E_adaptive_portfolio,synthetic_evrptw_n20_seed20280819_baseline,20280819,composite
7,swap,0.719709246717554,403.6888358750163,403.6888358750163,0.0,False,0,True,0.0004923329979646951,0.005041585005528759,"{'instance': 'synthetic_evrptw_n20_seed20280819_baseline', 'scale': 20, 'seed': 20280819, 'source': 'composite'}",,baseline,E_adaptive_portfolio,synthetic_evrptw_n20_seed20280819_baseline,20280819,composite
8,two_opt,0.7137668931181662,403.6888358750163,403.6888358750163,0.0,False,0,True,0.00023058400256559253,0.005272169008094352,"{'instance': 'synthetic_evrptw_n20_seed20280819_baseline', 'scale': 20, 'seed': 20280819, 'source': 'composite'}",,baseline,E_adaptive_portfolio,synthetic_evrptw_n20_seed20280819_baseline,20280819,composite
9,relocate,0.6421890060989893,403.6888358750163,401.90016613632963,0.004430812991916521,True,1,True,0.001076708002074156,0.006348877010168508,"{'instance': 'synthetic_evrptw_n20_seed20280819_baseline', 'scale': 20, 'seed': 20280819, 'source': 'composite'}",,baseline,E_adaptive_portfolio,synthetic_evrptw_n20_seed20280819_baseline,20280819,composite
10,swap,0.6327541070919696,401.90016613632963,401.90016613632963,0.0,False,0,True,0.0004890419986622874,0.006837919008830795,"{'instance': 'synthetic_evrptw_n20_seed20280819_baseline', 'scale': 20, 'seed': 20280819, 'source': 'composite'}",,baseline,E_adaptive_portfolio,synthetic_evrptw_n20_seed20280819_baseline,20280819,composite
11,two_opt,0.625824438553178,401.90016613632963,400.423021624798,0.003675401594709815,True,1,True,0.00028124999880674295,0.007119169007637538,"{'instance': 'synthetic_evrptw_n20_seed20280819_baseline', 'scale': 20, 'seed': 20280819, 'source': 'composite'}",budget,baseline,E_adaptive_portfolio,synthetic_evrptw_n20_seed20280819_baseline,20280819,composite
0,two_opt,,432.1013398865773,432.1013398865773,0.0,False,0,True,0.00028633399779209867,0.00028633399779209867,"{'instance': 'synthetic_evrptw_n20_seed20280820_baseline', 'scale': 20, 'seed': 20280820, 'source': 'nearest'}",,baseline,E_adaptive_portfolio,synthetic_evrptw_n20_seed20280820_baseline,20280820,nearest
1,relocate,,432.1013398865773,428.0727175156239,0.009323327652746703,True,1,True,0.0011358330011717044,0.001422166998963803,"{'instance': 'synthetic_evrptw_n20_seed20280820_baseline', 'scale': 20, 'seed': 20280820, 'source': 'nearest'}",,baseline,E_adaptive_portfolio,synthetic_evrptw_n20_seed20280820_baseline,20280820,nearest
2,swap,,428.0727175156239,428.0727175156239,0.0,False,0,True,0.00043158300104551017,0.0018537500000093132,"{'instance': 'synthetic_evrptw_n20_seed20280820_baseline', 'scale': 20, 'seed': 20280820, 'source': 'nearest'}",,baseline,E_adaptive_portfolio,synthetic_evrptw_n20_seed20280820_baseline,20280820,nearest
3,relocate,0.7430262794304902,428.0727175156239,428.0727175156239,0.0,False,0,True,0.0010539159993641078,0.002907665999373421,"{'instance': 'synthetic_evrptw_n20_seed20280820_baseline', 'scale': 20, 'seed': 20280820, 'source': 'nearest'}",,baseline,E_adaptive_portfolio,synthetic_evrptw_n20_seed20280820_baseline,20280820,nearest
4,two_opt,0.8241870157608322,428.0727175156239,428.0727175156239,0.0,False,0,True,0.0002851669996744022,0.0031928329990478233,"{'instance': 'synthetic_evrptw_n20_seed20280820_baseline', 'scale': 20, 'seed': 20280820, 'source': 'nearest'}",,baseline,E_adaptive_portfolio,synthetic_evrptw_n20_seed20280820_baseline,20280820,nearest
5,swap,0.8880453688256637,428.0727175156239,428.0727175156239,0.0,False,0,True,0.00045191699973656796,0.003644749998784391,"{'instance': 'synthetic_evrptw_n20_seed20280820_baseline', 'scale': 20, 'seed': 20280820, 'source': 'nearest'}",patience,baseline,E_adaptive_portfolio,synthetic_evrptw_n20_seed20280820_baseline,20280820,nearest
0,two_opt,,432.1013398865773,432.1013398865773,0.0,False,0,True,0.00028729200130328536,0.00028729200130328536,"{'instance': 'synthetic_evrptw_n20_seed20280820_baseline', 'scale': 20, 'seed': 20280820, 'source': 'composite'}",,baseline,E_adaptive_portfolio,synthetic_evrptw_n20_seed20280820_baseline,20280820,composite
1,relocate,,432.1013398865773,428.0727175156239,0.009323327652746703,True,1,True,0.0010458750002726447,0.00133316700157593,"{'instance': 'synthetic_evrptw_n20_seed20280820_baseline', 'scale': 20, 'seed': 20280820, 'source': 'composite'}",,baseline,E_adaptive_portfolio,synthetic_evrptw_n20_seed20280820_baseline,20280820,composite
2,swap,,428.0727175156239,428.0727175156239,0.0,False,0,True,0.00044874999730382115,0.0017819169988797512,"{'instance': 'synthetic_evrptw_n20_seed20280820_baseline', 'scale': 20, 'seed': 20280820, 'source': 'composite'}",,baseline,E_adaptive_portfolio,synthetic_evrptw_n20_seed20280820_baseline,20280820,composite
3,relocate,0.7430262794304902,428.0727175156239,428.0727175156239,0.0,False,0,True,0.0012145000000600703,0.0029964169989398215,"{'instance': 'synthetic_evrptw_n20_seed20280820_baseline', 'scale': 20, 'seed': 20280820, 'source': 'composite'}",,baseline,E_adaptive_portfolio,synthetic_evrptw_n20_seed20280820_baseline,20280820,composite
4,two_opt,0.8241870157608322,428.0727175156239,428.0727175156239,0.0,False,0,True,0.00029808299950673245,0.003294499998446554,"{'instance': 'synthetic_evrptw_n20_seed20280820_baseline', 'scale': 20, 'seed': 20280820, 'source': 'composite'}",,baseline,E_adaptive_portfolio,synthetic_evrptw_n20_seed20280820_baseline,20280820,composite
5,swap,0.8880453688256637,428.0727175156239,428.0727175156239,0.0,False,0,True,0.0004372910007077735,0.0037317909991543274,"{'instance': 'synthetic_evrptw_n20_seed20280820_baseline', 'scale': 20, 'seed': 20280820, 'source': 'composite'}",patience,baseline,E_adaptive_portfolio,synthetic_evrptw_n20_seed20280820_baseline,20280820,composite
0,two_opt,,444.1424295969515,444.1424295969515,0.0,False,0,True,0.00035945800118497573,0.00035945800118497573,"{'instance': 'synthetic_evrptw_n20_seed20280821_baseline', 'scale': 20, 'seed': 20280821, 'source': 'nearest'}",,baseline,E_adaptive_portfolio,synthetic_evrptw_n20_seed20280821_baseline,20280821,nearest
1,relocate,,444.1424295969515,430.47961018836423,0.030762247644265703,True,4,True,0.0010023329996329267,0.0013617910008179024,"{'instance': 'synthetic_evrptw_n20_seed20280821_baseline', 'scale': 20, 'seed': 20280821, 'source': 'nearest'}",,baseline,E_adaptive_portfolio,synthetic_evrptw_n20_seed20280821_baseline,20280821,nearest
2,swap,,430.47961018836423,430.47961018836423,0.0,False,0,True,0.0004444170008355286,0.001806208001653431,"{'instance': 'synthetic_evrptw_n20_seed20280821_baseline', 'scale': 20, 'seed': 20280821, 'source': 'nearest'}",,baseline,E_adaptive_portfolio,synthetic_evrptw_n20_seed20280821_baseline,20280821,nearest
3,relocate,0.7644651994220092,430.47961018836423,428.33170453421116,0.004989564205406204,True,1,True,0.001001708998956019,0.00280791700060945,"{'instance': 'synthetic_evrptw_n20_seed20280821_baseline', 'scale': 20, 'seed': 20280821, 'source': 'nearest'}",,baseline,E_adaptive_portfolio,synthetic_evrptw_n20_seed20280821_baseline,20280821,nearest
4,two_opt,0.8241870157608322,428.33170453421116,427.23220705082025,0.002566929955807387,True,1,True,0.00032700000156182796,0.003134917002171278,"{'instance': 'synthetic_evrptw_n20_seed20280821_baseline', 'scale': 20, 'seed': 20280821, 'source': 'nearest'}",,baseline,E_adaptive_portfolio,synthetic_evrptw_n20_seed20280821_baseline,20280821,nearest
5,swap,0.8880453688256637,427.23220705082025,427.23220705082025,0.0,False,0,True,0.0004574170015985146,0.0035923340037697926,"{'instance': 'synthetic_evrptw_n20_seed20280821_baseline', 'scale': 20, 'seed': 20280821, 'source': 'nearest'}",,baseline,E_adaptive_portfolio,synthetic_evrptw_n20_seed20280821_baseline,20280821,nearest
6,relocate,0.6804323714135319,427.23220705082025,411.2292214037126,0.03745734844658861,True,1,True,0.0010350420016038697,0.004627376005373662,"{'instance': 'synthetic_evrptw_n20_seed20280821_baseline', 'scale': 20, 'seed': 20280821, 'source': 'nearest'}",,baseline,E_adaptive_portfolio,synthetic_evrptw_n20_seed20280821_baseline,20280821,nearest
7,two_opt,0.6917528607649666,411.2292214037126,411.2292214037126,0.0,False,0,True,0.0002372919989284128,0.004864668004302075,"{'instance': 'synthetic_evrptw_n20_seed20280821_baseline', 'scale': 20, 'seed': 20280821, 'source': 'nearest'}",,baseline,E_adaptive_portfolio,synthetic_evrptw_n20_seed20280821_baseline,20280821,nearest
8,swap,0.7137668931181662,411.2292214037126,411.2292214037126,0.0,False,0,True,0.0004934159987897146,0.00535808400309179,"{'instance': 'synthetic_evrptw_n20_seed20280821_baseline', 'scale': 20, 'seed': 20280821, 'source': 'nearest'}",,baseline,E_adaptive_portfolio,synthetic_evrptw_n20_seed20280821_baseline,20280821,nearest
9,relocate,0.6234690049751945,411.2292214037126,411.2292214037126,0.0,False,0,True,0.001138209001510404,0.006496293004602194,"{'instance': 'synthetic_evrptw_n20_seed20280821_baseline', 'scale': 20, 'seed': 20280821, 'source': 'nearest'}",,baseline,E_adaptive_portfolio,synthetic_evrptw_n20_seed20280821_baseline,20280821,nearest
10,two_opt,0.6141165164569112,411.2292214037126,411.2292214037126,0.0,False,0,True,0.00025033300335053355,0.006746626007952727,"{'instance': 'synthetic_evrptw_n20_seed20280821_baseline', 'scale': 20, 'seed': 20280821, 'source': 'nearest'}",patience,baseline,E_adaptive_portfolio,synthetic_evrptw_n20_seed20280821_baseline,20280821,nearest
0,two_opt,,447.4358206757902,447.4358206757902,0.0,False,0,True,0.0003656660010165069,0.0003656660010165069,"{'instance': 'synthetic_evrptw_n20_seed20280821_baseline', 'scale': 20, 'seed': 20280821, 'source': 'composite'}",,baseline,E_adaptive_portfolio,synthetic_evrptw_n20_seed20280821_baseline,20280821,composite
1,relocate,,447.4358206757902,433.44650517649416,0.03126552424472205,True,3,True,0.0010189160020672716,0.0013845820030837785,"{'instance': 'synthetic_evrptw_n20_seed20280821_baseline', 'scale': 20, 'seed': 20280821, 'source': 'composite'}",,baseline,E_adaptive_portfolio,synthetic_evrptw_n20_seed20280821_baseline,20280821,composite
2,swap,,433.44650517649416,433.44650517649416,0.0,False,0,True,0.0004576250030368101,0.0018422070061205886,"{'instance': 'synthetic_evrptw_n20_seed20280821_baseline', 'scale': 20, 'seed': 20280821, 'source': 'composite'}",,baseline,E_adaptive_portfolio,synthetic_evrptw_n20_seed20280821_baseline,20280821,composite
3,relocate,0.7649684760224655,433.44650517649416,427.0039465754446,0.014863561071801026,True,2,True,0.0010504169986234047,0.0028926240047439933,"{'instance': 'synthetic_evrptw_n20_seed20280821_baseline', 'scale': 20, 'seed': 20280821, 'source': 'composite'}",,baseline,E_adaptive_portfolio,synthetic_evrptw_n20_seed20280821_baseline,20280821,composite
4,two_opt,0.8241870157608322,427.0039465754446,427.0039465754446,0.0,False,0,True,0.0002522920003684703,0.0031449160051124636,"{'instance': 'synthetic_evrptw_n20_seed20280821_baseline', 'scale': 20, 'seed': 20280821, 'source': 'composite'}",,baseline,E_adaptive_portfolio,synthetic_evrptw_n20_seed20280821_baseline,20280821,composite
5,swap,0.8880453688256637,427.0039465754446,427.0039465754446,0.0,False,0,True,0.00047170800098683685,0.0036166240060993005,"{'instance': 'synthetic_evrptw_n20_seed20280821_baseline', 'scale': 20, 'seed': 20280821, 'source': 'composite'}",,baseline,E_adaptive_portfolio,synthetic_evrptw_n20_seed20280821_baseline,20280821,composite
6,relocate,0.6856210081469574,427.0039465754446,412.45354165345935,0.03407557480130794,True,1,True,0.0010416250006528571,0.004658249006752158,"{'instance': 'synthetic_evrptw_n20_seed20280821_baseline', 'scale': 20, 'seed': 20280821, 'source': 'composite'}",,baseline,E_adaptive_portfolio,synthetic_evrptw_n20_seed20280821_baseline,20280821,composite
7,two_opt,0.6904693957870629,412.45354165345935,412.45354165345935,0.0,False,0,True,0.000237208998441929,0.004895458005194087,"{'instance': 'synthetic_evrptw_n20_seed20280821_baseline', 'scale': 20, 'seed': 20280821, 'source': 'composite'}",,baseline,E_adaptive_portfolio,synthetic_evrptw_n20_seed20280821_baseline,20280821,composite
8,swap,0.7137668931181662,412.45354165345935,412.45354165345935,0.0,False,0,True,0.0005070419974799734,0.00540250000267406,"{'instance': 'synthetic_evrptw_n20_seed20280821_baseline', 'scale': 20, 'seed': 20280821, 'source': 'composite'}",,baseline,E_adaptive_portfolio,synthetic_evrptw_n20_seed20280821_baseline,20280821,composite
9,relocate,0.6258008382490514,412.45354165345935,411.2292214037126,0.0029683834083195563,True,1,True,0.0010132089992112014,0.006415709001885261,"{'instance': 'synthetic_evrptw_n20_seed20280821_baseline', 'scale': 20, 'seed': 20280821, 'source': 'composite'}",,baseline,E_adaptive_portfolio,synthetic_evrptw_n20_seed20280821_baseline,20280821,composite
10,two_opt,0.6132608731383088,411.2292214037126,411.2292214037126,0.0,False,0,True,0.0002353750023758039,0.006651084004261065,"{'instance': 'synthetic_evrptw_n20_seed20280821_baseline', 'scale': 20, 'seed': 20280821, 'source': 'composite'}",,baseline,E_adaptive_portfolio,synthetic_evrptw_n20_seed20280821_baseline,20280821,composite
11,swap,0.625824438553178,411.2292214037126,411.2292214037126,0.0,False,0,True,0.0005090419981570449,0.00716012600241811,"{'instance': 'synthetic_evrptw_n20_seed20280821_baseline', 'scale': 20, 'seed': 20280821, 'source': 'composite'}",budget,baseline,E_adaptive_portfolio,synthetic_evrptw_n20_seed20280821_baseline,20280821,composite
0,two_opt,,441.11355023560805,441.11355023560805,0.0,False,0,True,0.00041037499977392145,0.00041037499977392145,"{'instance': 'synthetic_evrptw_n20_seed20280822_baseline', 'scale': 20, 'seed': 20280822, 'source': 'nearest'}",,baseline,E_adaptive_portfolio,synthetic_evrptw_n20_seed20280822_baseline,20280822,nearest
1,relocate,,441.11355023560805,419.9932575999705,0.04787949185500368,True,3,True,0.0009831249990384094,0.0013934999988123309,"{'instance': 'synthetic_evrptw_n20_seed20280822_baseline', 'scale': 20, 'seed': 20280822, 'source': 'nearest'}",,baseline,E_adaptive_portfolio,synthetic_evrptw_n20_seed20280822_baseline,20280822,nearest
2,swap,,419.9932575999705,419.10663141615345,0.0021110486127411234,True,1,True,0.0003684580005938187,0.0017619579994061496,"{'instance': 'synthetic_evrptw_n20_seed20280822_baseline', 'scale': 20, 'seed': 20280822, 'source': 'nearest'}",,baseline,E_adaptive_portfolio,synthetic_evrptw_n20_seed20280822_baseline,20280822,nearest
3,relocate,0.7815824436327472,419.10663141615345,403.8643458617628,0.0363685143871078,True,3,True,0.0009300839992647525,0.002692041998670902,"{'instance': 'synthetic_evrptw_n20_seed20280822_baseline', 'scale': 20, 'seed': 20280822, 'source': 'nearest'}",,baseline,E_adaptive_portfolio,synthetic_evrptw_n20_seed20280822_baseline,20280822,nearest
4,swap,0.8262980643735733,403.8643458617628,390.6847449053901,0.03263373231982172,True,1,True,0.0003878330026054755,0.0030798750012763776,"{'instance': 'synthetic_evrptw_n20_seed20280822_baseline', 'scale': 20, 'seed': 20280822, 'source': 'nearest'}",,baseline,E_adaptive_portfolio,synthetic_evrptw_n20_seed20280822_baseline,20280822,nearest
5,two_opt,0.8880453688256637,390.6847449053901,390.6820137855346,6.990597639502666e-06,True,1,True,0.0004411250010889489,0.0035210000023653265,"{'instance': 'synthetic_evrptw_n20_seed20280822_baseline', 'scale': 20, 'seed': 20280822, 'source': 'nearest'}",,baseline,E_adaptive_portfolio,synthetic_evrptw_n20_seed20280822_baseline,20280822,nearest
6,relocate,0.7046804686097516,390.6820137855346,387.84248235135533,0.007268139648061783,True,1,True,0.0009764999995240942,0.004497500001889421,"{'instance': 'synthetic_evrptw_n20_seed20280822_baseline', 'scale': 20, 'seed': 20280822, 'source': 'nearest'}",,baseline,E_adaptive_portfolio,synthetic_evrptw_n20_seed20280822_baseline,20280822,nearest
7,swap,0.7078417862533444,387.84248235135533,387.84248235135533,0.0,False,0,True,0.0003639590031525586,0.004861459005041979,"{'instance': 'synthetic_evrptw_n20_seed20280822_baseline', 'scale': 20, 'seed': 20280822, 'source': 'nearest'}",,baseline,E_adaptive_portfolio,synthetic_evrptw_n20_seed20280822_baseline,20280822,nearest
8,two_opt,0.7137703884169859,387.84248235135533,387.84248235135533,0.0,False,0,True,0.0003995830011263024,0.005261042006168282,"{'instance': 'synthetic_evrptw_n20_seed20280822_baseline', 'scale': 20, 'seed': 20280822, 'source': 'nearest'}",,baseline,E_adaptive_portfolio,synthetic_evrptw_n20_seed20280822_baseline,20280822,nearest
9,relocate,0.6295713335064987,387.84248235135533,377.1128130706505,0.027665018065206697,True,1,True,0.0009609170010662638,0.006221959007234545,"{'instance': 'synthetic_evrptw_n20_seed20280822_baseline', 'scale': 20, 'seed': 20280822, 'source': 'nearest'}",,baseline,E_adaptive_portfolio,synthetic_evrptw_n20_seed20280822_baseline,20280822,nearest
10,swap,0.6248424667824964,377.1128130706505,377.1128130706505,0.0,False,0,True,0.0003697499996633269,0.006591709006897872,"{'instance': 'synthetic_evrptw_n20_seed20280822_baseline', 'scale': 20, 'seed': 20280822, 'source': 'nearest'}",,baseline,E_adaptive_portfolio,synthetic_evrptw_n20_seed20280822_baseline,20280822,nearest
11,two_opt,0.6258267687523912,377.1128130706505,377.1128130706505,0.0,False,0,True,0.0004439169970282819,0.007035626003926154,"{'instance': 'synthetic_evrptw_n20_seed20280822_baseline', 'scale': 20, 'seed': 20280822, 'source': 'nearest'}",budget,baseline,E_adaptive_portfolio,synthetic_evrptw_n20_seed20280822_baseline,20280822,nearest
0,two_opt,,492.8523218336151,492.8523218336151,0.0,False,0,True,0.0003476669990050141,0.0003476669990050141,"{'instance': 'synthetic_evrptw_n20_seed20280822_baseline', 'scale': 20, 'seed': 20280822, 'source': 'composite'}",,baseline,E_adaptive_portfolio,synthetic_evrptw_n20_seed20280822_baseline,20280822,composite
1,relocate,,492.8523218336151,487.68847721205515,0.010477468387180017,True,3,True,0.0010529590035730507,0.0014006260025780648,"{'instance': 'synthetic_evrptw_n20_seed20280822_baseline', 'scale': 20, 'seed': 20280822, 'source': 'composite'}",,baseline,E_adaptive_portfolio,synthetic_evrptw_n20_seed20280822_baseline,20280822,composite
2,swap,,487.68847721205515,487.68847721205515,0.0,False,0,True,0.0004731249973701779,0.0018737509999482427,"{'instance': 'synthetic_evrptw_n20_seed20280822_baseline', 'scale': 20, 'seed': 20280822, 'source': 'composite'}",,baseline,E_adaptive_portfolio,synthetic_evrptw_n20_seed20280822_baseline,20280822,composite
3,relocate,0.7441804201649235,487.68847721205515,484.69046518294414,0.006147391560796348,True,2,True,0.0009793329991225619,0.0028530839990708046,"{'instance': 'synthetic_evrptw_n20_seed20280822_baseline', 'scale': 20, 'seed': 20280822, 'source': 'composite'}",,baseline,E_adaptive_portfolio,synthetic_evrptw_n20_seed20280822_baseline,20280822,composite
4,two_opt,0.8241870157608322,484.69046518294414,484.275304930566,0.0008565471825847516,True,1,True,0.0003605419988161884,0.003213625997886993,"{'instance': 'synthetic_evrptw_n20_seed20280822_baseline', 'scale': 20, 'seed': 20280822, 'source': 'composite'}",,baseline,E_adaptive_portfolio,synthetic_evrptw_n20_seed20280822_baseline,20280822,composite
5,swap,0.8880453688256637,484.275304930566,484.275304930566,0.0,False,0,True,0.00046824999662931077,0.0036818759945163038,"{'instance': 'synthetic_evrptw_n20_seed20280822_baseline', 'scale': 20, 'seed': 20280822, 'source': 'composite'}",,baseline,E_adaptive_portfolio,synthetic_evrptw_n20_seed20280822_baseline,20280822,composite
6,relocate,0.670868895462684,484.275304930566,483.19398519662093,0.002232861603587451,True,1,True,0.0010966659974656068,0.0047785419919819105,"{'instance': 'synthetic_evrptw_n20_seed20280822_baseline', 'scale': 20, 'seed': 20280822, 'source': 'composite'}",,baseline,E_adaptive_portfolio,synthetic_evrptw_n20_seed20280822_baseline,20280822,composite
7,two_opt,0.6908976693783553,483.19398519662093,483.19398519662093,0.0,False,0,True,0.0002578329986135941,0.005036374990595505,"{'instance': 'synthetic_evrptw_n20_seed20280822_baseline', 'scale': 20, 'seed': 20280822, 'source': 'composite'}",,baseline,E_adaptive_portfolio,synthetic_evrptw_n20_seed20280822_baseline,20280822,composite
8,swap,0.7137668931181662,483.19398519662093,483.19398519662093,0.0,False,0,True,0.0004518749992712401,0.005488249989866745,"{'instance': 'synthetic_evrptw_n20_seed20280822_baseline', 'scale': 20, 'seed': 20280822, 'source': 'composite'}",,baseline,E_adaptive_portfolio,synthetic_evrptw_n20_seed20280822_baseline,20280822,composite
9,relocate,0.6053518587269623,483.19398519662093,483.19398519662093,0.0,False,0,True,0.001078917000995716,0.006567166990862461,"{'instance': 'synthetic_evrptw_n20_seed20280822_baseline', 'scale': 20, 'seed': 20280822, 'source': 'composite'}",,baseline,E_adaptive_portfolio,synthetic_evrptw_n20_seed20280822_baseline,20280822,composite
10,two_opt,0.613546388865837,483.19398519662093,483.19398519662093,0.0,False,0,True,0.00025883299895212986,0.006825999989814591,"{'instance': 'synthetic_evrptw_n20_seed20280822_baseline', 'scale': 20, 'seed': 20280822, 'source': 'composite'}",patience,baseline,E_adaptive_portfolio,synthetic_evrptw_n20_seed20280822_baseline,20280822,composite
0,two_opt,,464.1746497595756,464.1746497595756,0.0,False,0,True,0.0003529579989844933,0.0003529579989844933,"{'instance': 'synthetic_evrptw_n20_seed20280823_baseline', 'scale': 20, 'seed': 20280823, 'source': 'nearest'}",,baseline,E_adaptive_portfolio,synthetic_evrptw_n20_seed20280823_baseline,20280823,nearest
1,relocate,,464.1746497595756,440.71846920411707,0.050533092592643505,True,5,True,0.0012471250011003576,0.001600083000084851,"{'instance': 'synthetic_evrptw_n20_seed20280823_baseline', 'scale': 20, 'seed': 20280823, 'source': 'nearest'}",,baseline,E_adaptive_portfolio,synthetic_evrptw_n20_seed20280823_baseline,20280823,nearest
2,swap,,440.71846920411707,439.19148587195855,0.0034647591123559336,True,1,True,0.000437082999269478,0.002037165999354329,"{'instance': 'synthetic_evrptw_n20_seed20280823_baseline', 'scale': 20, 'seed': 20280823, 'source': 'nearest'}",,baseline,E_adaptive_portfolio,synthetic_evrptw_n20_seed20280823_baseline,20280823,nearest
3,relocate,0.784236044370387,439.19148587195855,433.43944256383156,0.01309689165924298,True,2,True,0.0011331249988870695,0.0031702909982413985,"{'instance': 'synthetic_evrptw_n20_seed20280823_baseline', 'scale': 20, 'seed': 20280823, 'source': 'nearest'}",,baseline,E_adaptive_portfolio,synthetic_evrptw_n20_seed20280823_baseline,20280823,nearest
4,swap,0.8276517748731881,433.43944256383156,431.3508532010618,0.004818641677867573,True,1,True,0.00046233300236053765,0.003632624000601936,"{'instance': 'synthetic_evrptw_n20_seed20280823_baseline', 'scale': 20, 'seed': 20280823, 'source': 'nearest'}",,baseline,E_adaptive_portfolio,synthetic_evrptw_n20_seed20280823_baseline,20280823,nearest
5,two_opt,0.8880453688256637,431.3508532010618,421.1479857916379,0.023653291360636604,True,2,True,0.00035133400160702877,0.003983958002208965,"{'instance': 'synthetic_evrptw_n20_seed20280823_baseline', 'scale': 20, 'seed': 20280823, 'source': 'nearest'}",,baseline,E_adaptive_portfolio,synthetic_evrptw_n20_seed20280823_baseline,20280823,nearest
6,relocate,0.6943714576146391,421.1479857916379,417.07917861791753,0.009661229095212609,True,2,True,0.0010139590012840927,0.0049979170034930576,"{'instance': 'synthetic_evrptw_n20_seed20280823_baseline', 'scale': 20, 'seed': 20280823, 'source': 'nearest'}",,baseline,E_adaptive_portfolio,synthetic_evrptw_n20_seed20280823_baseline,20280823,nearest
7,two_opt,0.7022960414673812,417.07917861791753,417.07917861791753,0.0,False,0,True,0.00028575000033015385,0.005283667003823211,"{'instance': 'synthetic_evrptw_n20_seed20280823_baseline', 'scale': 20, 'seed': 20280823, 'source': 'nearest'}",,baseline,E_adaptive_portfolio,synthetic_evrptw_n20_seed20280823_baseline,20280823,nearest
8,swap,0.717908593513278,417.07917861791753,417.07917861791753,0.0,False,0,True,0.00048312500075553544,0.005766792004578747,"{'instance': 'synthetic_evrptw_n20_seed20280823_baseline', 'scale': 20, 'seed': 20280823, 'source': 'nearest'}",,baseline,E_adaptive_portfolio,synthetic_evrptw_n20_seed20280823_baseline,20280823,nearest
9,relocate,0.6234963559921407,417.07917861791753,417.07917861791753,0.0,False,0,True,0.0011675829991872888,0.006934375003766036,"{'instance': 'synthetic_evrptw_n20_seed20280823_baseline', 'scale': 20, 'seed': 20280823, 'source': 'nearest'}",,baseline,E_adaptive_portfolio,synthetic_evrptw_n20_seed20280823_baseline,20280823,nearest
10,two_opt,0.6211453035918544,417.07917861791753,417.07917861791753,0.0,False,0,True,0.00029154100047890097,0.007225916004244937,"{'instance': 'synthetic_evrptw_n20_seed20280823_baseline', 'scale': 20, 'seed': 20280823, 'source': 'nearest'}",patience,baseline,E_adaptive_portfolio,synthetic_evrptw_n20_seed20280823_baseline,20280823,nearest
0,two_opt,,450.9574298807328,450.9574298807328,0.0,False,0,True,0.0003125000002910383,0.0003125000002910383,"{'instance': 'synthetic_evrptw_n20_seed20280823_baseline', 'scale': 20, 'seed': 20280823, 'source': 'composite'}",,baseline,E_adaptive_portfolio,synthetic_evrptw_n20_seed20280823_baseline,20280823,composite
1,relocate,,450.9574298807328,434.369580003367,0.03678362696397499,True,3,True,0.0011462090005807113,0.0014587090008717496,"{'instance': 'synthetic_evrptw_n20_seed20280823_baseline', 'scale': 20, 'seed': 20280823, 'source': 'composite'}",,baseline,E_adaptive_portfolio,synthetic_evrptw_n20_seed20280823_baseline,20280823,composite
2,swap,,434.369580003367,434.369580003367,0.0,False,0,True,0.00048424999840790406,0.0019429589992796537,"{'instance': 'synthetic_evrptw_n20_seed20280823_baseline', 'scale': 20, 'seed': 20280823, 'source': 'composite'}",,baseline,E_adaptive_portfolio,synthetic_evrptw_n20_seed20280823_baseline,20280823,composite
3,relocate,0.7704865787417184,434.369580003367,428.4234847445632,0.013689023201757565,True,2,True,0.0011473749982542358,0.0030903339975338895,"{'instance': 'synthetic_evrptw_n20_seed20280823_baseline', 'scale': 20, 'seed': 20280823, 'source': 'composite'}",,baseline,E_adaptive_portfolio,synthetic_evrptw_n20_seed20280823_baseline,20280823,composite
4,two_opt,0.8241870157608322,428.4234847445632,428.4234847445632,0.0,False,0,True,0.0002593339995655697,0.003349667997099459,"{'instance': 'synthetic_evrptw_n20_seed20280823_baseline', 'scale': 20, 'seed': 20280823, 'source': 'composite'}",,baseline,E_adaptive_portfolio,synthetic_evrptw_n20_seed20280823_baseline,20280823,composite
5,swap,0.8880453688256637,428.4234847445632,428.4234847445632,0.0,False,0,True,0.0005093340005259961,0.0038590019976254553,"{'instance': 'synthetic_evrptw_n20_seed20280823_baseline', 'scale': 20, 'seed': 20280823, 'source': 'composite'}",,baseline,E_adaptive_portfolio,synthetic_evrptw_n20_seed20280823_baseline,20280823,composite
6,relocate,0.6877927905715622,428.4234847445632,427.32415106811914,0.0025659976999149003,True,1,True,0.0010523749988351483,0.0049113769964606036,"{'instance': 'synthetic_evrptw_n20_seed20280823_baseline', 'scale': 20, 'seed': 20280823, 'source': 'composite'}",,baseline,E_adaptive_portfolio,synthetic_evrptw_n20_seed20280823_baseline,20280823,composite
7,two_opt,0.6904693957870629,427.32415106811914,424.41082572055393,0.0068176005037000505,True,1,True,0.0004269170021871105,0.005338293998647714,"{'instance': 'synthetic_evrptw_n20_seed20280823_baseline', 'scale': 20, 'seed': 20280823, 'source': 'composite'}",,baseline,E_adaptive_portfolio,synthetic_evrptw_n20_seed20280823_baseline,20280823,composite
8,swap,0.7137668931181662,424.41082572055393,424.41082572055393,0.0,False,0,True,0.0005096660024719313,0.005847960001119645,"{'instance': 'synthetic_evrptw_n20_seed20280823_baseline', 'scale': 20, 'seed': 20280823, 'source': 'composite'}",,baseline,E_adaptive_portfolio,synthetic_evrptw_n20_seed20280823_baseline,20280823,composite
9,relocate,0.6167455008316569,424.41082572055393,424.41082572055393,0.0,False,0,True,0.001092375001462642,0.006940335002582287,"{'instance': 'synthetic_evrptw_n20_seed20280823_baseline', 'scale': 20, 'seed': 20280823, 'source': 'composite'}",,baseline,E_adaptive_portfolio,synthetic_evrptw_n20_seed20280823_baseline,20280823,composite
10,two_opt,0.6155334066395421,424.41082572055393,424.41082572055393,0.0,False,0,True,0.000267790997895645,0.007208126000477932,"{'instance': 'synthetic_evrptw_n20_seed20280823_baseline', 'scale': 20, 'seed': 20280823, 'source': 'composite'}",,baseline,E_adaptive_portfolio,synthetic_evrptw_n20_seed20280823_baseline,20280823,composite
11,swap,0.625824438553178,424.41082572055393,424.41082572055393,0.0,False,0,True,0.0005106250027893111,0.0077187510032672435,"{'instance': 'synthetic_evrptw_n20_seed20280823_baseline', 'scale': 20, 'seed': 20280823, 'source': 'composite'}",patience,baseline,E_adaptive_portfolio,synthetic_evrptw_n20_seed20280823_baseline,20280823,composite
0,two_opt,,435.25889802448484,435.25889802448484,0.0,False,0,True,0.0004315000005590264,0.0004315000005590264,"{'instance': 'synthetic_evrptw_n20_seed20280824_baseline', 'scale': 20, 'seed': 20280824, 'source': 'nearest'}",,baseline,E_adaptive_portfolio,synthetic_evrptw_n20_seed20280824_baseline,20280824,nearest
1,relocate,,435.25889802448484,414.3005209965974,0.0481515188385843,True,4,True,0.0010581659989838954,0.0014896659995429218,"{'instance': 'synthetic_evrptw_n20_seed20280824_baseline', 'scale': 20, 'seed': 20280824, 'source': 'nearest'}",,baseline,E_adaptive_portfolio,synthetic_evrptw_n20_seed20280824_baseline,20280824,nearest
2,swap,,414.3005209965974,414.3005209965974,0.0,False,0,True,0.0005002079997211695,0.0019898739992640913,"{'instance': 'synthetic_evrptw_n20_seed20280824_baseline', 'scale': 20, 'seed': 20280824, 'source': 'nearest'}",,baseline,E_adaptive_portfolio,synthetic_evrptw_n20_seed20280824_baseline,20280824,nearest
3,relocate,0.7818544706163277,414.3005209965974,399.6243766785549,0.03542390987763944,True,3,True,0.0010618749984132592,0.0030517489976773504,"{'instance': 'synthetic_evrptw_n20_seed20280824_baseline', 'scale': 20, 'seed': 20280824, 'source': 'nearest'}",,baseline,E_adaptive_portfolio,synthetic_evrptw_n20_seed20280824_baseline,20280824,nearest
4,two_opt,0.8241870157608322,399.6243766785549,399.0661969522784,0.0013967609556647742,True,1,True,0.00031445800050278194,0.0033662069981801324,"{'instance': 'synthetic_evrptw_n20_seed20280824_baseline', 'scale': 20, 'seed': 20280824, 'source': 'nearest'}",,baseline,E_adaptive_portfolio,synthetic_evrptw_n20_seed20280824_baseline,20280824,nearest
5,swap,0.8880453688256637,399.0661969522784,399.0661969522784,0.0,False,0,True,0.0005931669984420296,0.003959373996622162,"{'instance': 'synthetic_evrptw_n20_seed20280824_baseline', 'scale': 20, 'seed': 20280824, 'source': 'nearest'}",,baseline,E_adaptive_portfolio,synthetic_evrptw_n20_seed20280824_baseline,20280824,nearest
6,relocate,0.7043441798468077,399.0661969522784,399.0661969522784,0.0,False,0,True,0.0011177500018675346,0.0050771239984896965,"{'instance': 'synthetic_evrptw_n20_seed20280824_baseline', 'scale': 20, 'seed': 20280824, 'source': 'nearest'}",,baseline,E_adaptive_portfolio,synthetic_evrptw_n20_seed20280824_baseline,20280824,nearest
7,two_opt,0.6911677762648953,399.0661969522784,399.0661969522784,0.0,False,0,True,0.00022733399964636192,0.0053044579981360584,"{'instance': 'synthetic_evrptw_n20_seed20280824_baseline', 'scale': 20, 'seed': 20280824, 'source': 'nearest'}",,baseline,E_adaptive_portfolio,synthetic_evrptw_n20_seed20280824_baseline,20280824,nearest
8,swap,0.7137668931181662,399.0661969522784,399.0661969522784,0.0,False,0,True,0.0006411249996745028,0.005945582997810561,"{'instance': 'synthetic_evrptw_n20_seed20280824_baseline', 'scale': 20, 'seed': 20280824, 'source': 'nearest'}",patience,baseline,E_adaptive_portfolio,synthetic_evrptw_n20_seed20280824_baseline,20280824,nearest
0,two_opt,,362.4181493579471,362.4181493579471,0.0,False,0,True,0.0004633330026990734,0.0004633330026990734,"{'instance': 'synthetic_evrptw_n20_seed20280824_baseline', 'scale': 20, 'seed': 20280824, 'source': 'composite'}",,baseline,E_adaptive_portfolio,synthetic_evrptw_n20_seed20280824_baseline,20280824,composite
1,relocate,,362.4181493579471,351.4242771999219,0.03033477263073524,True,2,True,0.0010788750005303882,0.0015422080032294616,"{'instance': 'synthetic_evrptw_n20_seed20280824_baseline', 'scale': 20, 'seed': 20280824, 'source': 'composite'}",,baseline,E_adaptive_portfolio,synthetic_evrptw_n20_seed20280824_baseline,20280824,composite
2,swap,,351.4242771999219,349.0906466711308,0.006640493216305385,True,1,True,0.0004574999984470196,0.0019997080016764812,"{'instance': 'synthetic_evrptw_n20_seed20280824_baseline', 'scale': 20, 'seed': 20280824, 'source': 'composite'}",,baseline,E_adaptive_portfolio,synthetic_evrptw_n20_seed20280824_baseline,20280824,composite
3,relocate,0.7640377244084787,349.0906466711308,337.27422941222187,0.033849137384768906,True,2,True,0.0010323339993192349,0.003032042000995716,"{'instance': 'synthetic_evrptw_n20_seed20280824_baseline', 'scale': 20, 'seed': 20280824, 'source': 'composite'}",,baseline,E_adaptive_portfolio,synthetic_evrptw_n20_seed20280824_baseline,20280824,composite
4,swap,0.8308275089771375,337.27422941222187,337.27422941222187,0.0,False,0,True,0.0004832499980693683,0.0035152919990650844,"{'instance': 'synthetic_evrptw_n20_seed20280824_baseline', 'scale': 20, 'seed': 20280824, 'source': 'composite'}",,baseline,E_adaptive_portfolio,synthetic_evrptw_n20_seed20280824_baseline,20280824,composite
5,two_opt,0.8880453688256637,337.27422941222187,337.27422941222187,0.0,False,0,True,0.00045733300066785887,0.003972624999732943,"{'instance': 'synthetic_evrptw_n20_seed20280824_baseline', 'scale': 20, 'seed': 20280824, 'source': 'composite'}",,baseline,E_adaptive_portfolio,synthetic_evrptw_n20_seed20280824_baseline,20280824,composite
6,relocate,0.6946484204964479,337.27422941222187,334.5199829555222,0.008166193015990492,True,1,True,0.0010972500022035092,0.0050698750019364525,"{'instance': 'synthetic_evrptw_n20_seed20280824_baseline', 'scale': 20, 'seed': 20280824, 'source': 'composite'}",,baseline,E_adaptive_portfolio,synthetic_evrptw_n20_seed20280824_baseline,20280824,composite
7,swap,0.6937896423952156,334.5199829555222,334.5199829555222,0.0,False,0,True,0.0004836670013901312,0.005553542003326584,"{'instance': 'synthetic_evrptw_n20_seed20280824_baseline', 'scale': 20, 'seed': 20280824, 'source': 'composite'}",,baseline,E_adaptive_portfolio,synthetic_evrptw_n20_seed20280824_baseline,20280824,composite
8,two_opt,0.7137668931181662,334.5199829555222,334.5199829555222,0.0,False,0,True,0.00042366600246168673,0.00597720800578827,"{'instance': 'synthetic_evrptw_n20_seed20280824_baseline', 'scale': 20, 'seed': 20280824, 'source': 'composite'}",,baseline,E_adaptive_portfolio,synthetic_evrptw_n20_seed20280824_baseline,20280824,composite
9,relocate,0.6231826525536059,334.5199829555222,334.5199829555222,0.0,False,0,True,0.0011479160020826384,0.007125124007870909,"{'instance': 'synthetic_evrptw_n20_seed20280824_baseline', 'scale': 20, 'seed': 20280824, 'source': 'composite'}",,baseline,E_adaptive_portfolio,synthetic_evrptw_n20_seed20280824_baseline,20280824,composite
10,swap,0.6154743708770772,334.5199829555222,334.5199829555222,0.0,False,0,True,0.0004724159989564214,0.00759754000682733,"{'instance': 'synthetic_evrptw_n20_seed20280824_baseline', 'scale': 20, 'seed': 20280824, 'source': 'composite'}",patience,baseline,E_adaptive_portfolio,synthetic_evrptw_n20_seed20280824_baseline,20280824,composite
0,two_opt,,717.0998843436784,717.0998843436784,0.0,False,0,True,0.002724375000980217,0.002724375000980217,"{'instance': 'synthetic_evrptw_n50_seed20310813_baseline', 'scale': 50, 'seed': 20310813, 'source': 'nearest'}",,baseline,E_adaptive_portfolio,synthetic_evrptw_n50_seed20310813_baseline,20310813,nearest
1,relocate,,717.0998843436784,679.9467024022655,0.05181033040525046,True,12,True,0.01348058399889851,0.016204958999878727,"{'instance': 'synthetic_evrptw_n50_seed20310813_baseline', 'scale': 50, 'seed': 20310813, 'source': 'nearest'}",,baseline,E_adaptive_portfolio,synthetic_evrptw_n50_seed20310813_baseline,20310813,nearest
2,swap,,679.9467024022655,666.7562180625024,0.019399291581473722,True,5,True,0.006826417000411311,0.023031376000290038,"{'instance': 'synthetic_evrptw_n50_seed20310813_baseline', 'scale': 50, 'seed': 20310813, 'source': 'nearest'}",,baseline,E_adaptive_portfolio,synthetic_evrptw_n50_seed20310813_baseline,20310813,nearest
3,relocate,0.785513282182994,666.7562180625024,661.6917492842135,0.007595682861429454,True,2,True,0.014062041998840868,0.03709341799913091,"{'instance': 'synthetic_evrptw_n50_seed20310813_baseline', 'scale': 50, 'seed': 20310813, 'source': 'nearest'}",,baseline,E_adaptive_portfolio,synthetic_evrptw_n50_seed20310813_baseline,20310813,nearest
4,swap,0.8435863073423059,661.6917492842135,660.4857216611167,0.0018226426797696036,True,1,True,0.007258084002387477,0.044351502001518384,"{'instance': 'synthetic_evrptw_n50_seed20310813_baseline', 'scale': 50, 'seed': 20310813, 'source': 'nearest'}",,baseline,E_adaptive_portfolio,synthetic_evrptw_n50_seed20310813_baseline,20310813,nearest
5,two_opt,0.8880453688256637,660.4857216611167,659.969912699269,0.0007809539932982274,True,1,True,0.0027371670003049076,0.04708866900182329,"{'instance': 'synthetic_evrptw_n50_seed20310813_baseline', 'scale': 50, 'seed': 20310813, 'source': 'nearest'}",,baseline,E_adaptive_portfolio,synthetic_evrptw_n50_seed20310813_baseline,20310813,nearest
6,relocate,0.6922594721220358,659.969912699269,654.5661033025085,0.008187963258293062,True,1,True,0.014468624998698942,0.061557294000522234,"{'instance': 'synthetic_evrptw_n50_seed20310813_baseline', 'scale': 50, 'seed': 20310813, 'source': 'nearest'}",,baseline,E_adaptive_portfolio,synthetic_evrptw_n50_seed20310813_baseline,20310813,nearest
7,swap,0.7010803629176846,654.5661033025085,654.5661033025085,0.0,False,0,True,0.007612790999701247,0.06917008500022348,"{'instance': 'synthetic_evrptw_n50_seed20310813_baseline', 'scale': 50, 'seed': 20310813, 'source': 'nearest'}",,baseline,E_adaptive_portfolio,synthetic_evrptw_n50_seed20310813_baseline,20310813,nearest
8,two_opt,0.7141573701148153,654.5661033025085,654.5661033025085,0.0,False,0,True,0.002150833999621682,0.07132091899984516,"{'instance': 'synthetic_evrptw_n50_seed20310813_baseline', 'scale': 50, 'seed': 20310813, 'source': 'nearest'}",,baseline,E_adaptive_portfolio,synthetic_evrptw_n50_seed20310813_baseline,20310813,nearest
9,relocate,0.6215972770514321,654.5661033025085,654.5661033025085,0.0,False,0,True,0.014429625000047963,0.08575054399989313,"{'instance': 'synthetic_evrptw_n50_seed20310813_baseline', 'scale': 50, 'seed': 20310813, 'source': 'nearest'}",,baseline,E_adaptive_portfolio,synthetic_evrptw_n50_seed20310813_baseline,20310813,nearest
10,swap,0.6203348512253899,654.5661033025085,654.5661033025085,0.0,False,0,True,0.007464082998922095,0.09321462699881522,"{'instance': 'synthetic_evrptw_n50_seed20310813_baseline', 'scale': 50, 'seed': 20310813, 'source': 'nearest'}",patience,baseline,E_adaptive_portfolio,synthetic_evrptw_n50_seed20310813_baseline,20310813,nearest
0,two_opt,,768.6546594071013,768.6546594071013,0.0,False,0,True,0.002805208001518622,0.002805208001518622,"{'instance': 'synthetic_evrptw_n50_seed20310813_baseline', 'scale': 50, 'seed': 20310813, 'source': 'composite'}",,baseline,E_adaptive_portfolio,synthetic_evrptw_n50_seed20310813_baseline,20310813,composite
1,relocate,,768.6546594071013,720.4122402284142,0.06276215019095661,True,13,True,0.01329466600145679,0.01609987400297541,"{'instance': 'synthetic_evrptw_n50_seed20310813_baseline', 'scale': 50, 'seed': 20310813, 'source': 'composite'}",,baseline,E_adaptive_portfolio,synthetic_evrptw_n50_seed20310813_baseline,20310813,composite
2,swap,,720.4122402284142,716.1326828981934,0.005940428398140492,True,2,True,0.007333042001846479,0.02343291600482189,"{'instance': 'synthetic_evrptw_n50_seed20310813_baseline', 'scale': 50, 'seed': 20310813, 'source': 'composite'}",,baseline,E_adaptive_portfolio,synthetic_evrptw_n50_seed20310813_baseline,20310813,composite
3,relocate,0.7964651019687001,716.1326828981934,707.5529699133904,0.011980619220003819,True,5,True,0.014193375001923414,0.037626291006745305,"{'instance': 'synthetic_evrptw_n50_seed20310813_baseline', 'scale': 50, 'seed': 20310813, 'source': 'composite'}",,baseline,E_adaptive_portfolio,synthetic_evrptw_n50_seed20310813_baseline,20310813,composite
4,swap,0.8301274441589727,707.5529699133904,698.7583332382475,0.012429651275747489,True,3,True,0.007662083000468556,0.04528837400721386,"{'instance': 'synthetic_evrptw_n50_seed20310813_baseline', 'scale': 50, 'seed': 20310813, 'source': 'composite'}",,baseline,E_adaptive_portfolio,synthetic_evrptw_n50_seed20310813_baseline,20310813,composite
5,two_opt,0.8880453688256637,698.7583332382475,698.7583332382475,0.0,False,0,True,0.0020445410009415355,0.047332915008155396,"{'instance': 'synthetic_evrptw_n50_seed20310813_baseline', 'scale': 50, 'seed': 20310813, 'source': 'composite'}",,baseline,E_adaptive_portfolio,synthetic_evrptw_n50_seed20310813_baseline,20310813,composite
6,relocate,0.699927850194176,698.7583332382475,694.0577654768371,0.006727029271517416,True,3,True,0.013727749999816297,0.06106066500797169,"{'instance': 'synthetic_evrptw_n50_seed20310813_baseline', 'scale': 50, 'seed': 20310813, 'source': 'composite'}",,baseline,E_adaptive_portfolio,synthetic_evrptw_n50_seed20310813_baseline,20310813,composite
7,swap,0.6996544356240069,694.0577654768371,687.5873256318731,0.009322624379137341,True,4,True,0.007874792001530295,0.06893545700950199,"{'instance': 'synthetic_evrptw_n50_seed20310813_baseline', 'scale': 50, 'seed': 20310813, 'source': 'composite'}",,baseline,E_adaptive_portfolio,synthetic_evrptw_n50_seed20310813_baseline,20310813,composite
8,two_opt,0.7137668931181662,687.5873256318731,682.2355814310993,0.007783366564902503,True,3,True,0.0024462080000375863,0.07138166500953957,"{'instance': 'synthetic_evrptw_n50_seed20310813_baseline', 'scale': 50, 'seed': 20310813, 'source': 'composite'}",,baseline,E_adaptive_portfolio,synthetic_evrptw_n50_seed20310813_baseline,20310813,composite
9,relocate,0.6262225511039337,682.2355814310993,681.9216753210712,0.00046011395267535,True,3,True,0.01386429199919803,0.0852459570087376,"{'instance': 'synthetic_evrptw_n50_seed20310813_baseline', 'scale': 50, 'seed': 20310813, 'source': 'composite'}",,baseline,E_adaptive_portfolio,synthetic_evrptw_n50_seed20310813_baseline,20310813,composite
10,swap,0.6224917744893173,681.9216753210712,666.1883387879946,0.023072058129944187,True,3,True,0.00842449999981909,0.0936704570085567,"{'instance': 'synthetic_evrptw_n50_seed20310813_baseline', 'scale': 50, 'seed': 20310813, 'source': 'composite'}",,baseline,E_adaptive_portfolio,synthetic_evrptw_n50_seed20310813_baseline,20310813,composite
11,two_opt,0.6284188940748122,666.1883387879946,651.4281113576369,0.022156238065065992,True,6,True,0.003673625000374159,0.09734408200893085,"{'instance': 'synthetic_evrptw_n50_seed20310813_baseline', 'scale': 50, 'seed': 20310813, 'source': 'composite'}",budget,baseline,E_adaptive_portfolio,synthetic_evrptw_n50_seed20310813_baseline,20310813,composite
0,two_opt,,715.276774555405,715.276774555405,0.0,False,0,True,0.0029025000003457535,0.0029025000003457535,"{'instance': 'synthetic_evrptw_n50_seed20310814_baseline', 'scale': 50, 'seed': 20310814, 'source': 'nearest'}",,baseline,E_adaptive_portfolio,synthetic_evrptw_n50_seed20310814_baseline,20310814,nearest
1,relocate,,715.276774555405,687.0311905242752,0.03948902723520762,True,8,True,0.012308167002629489,0.015210667002975242,"{'instance': 'synthetic_evrptw_n50_seed20310814_baseline', 'scale': 50, 'seed': 20310814, 'source': 'nearest'}",,baseline,E_adaptive_portfolio,synthetic_evrptw_n50_seed20310814_baseline,20310814,nearest
2,swap,,687.0311905242752,675.2815366929021,0.017102067553012933,True,5,True,0.006091875002312008,0.02130254200528725,"{'instance': 'synthetic_evrptw_n50_seed20310814_baseline', 'scale': 50, 'seed': 20310814, 'source': 'nearest'}",,baseline,E_adaptive_portfolio,synthetic_evrptw_n50_seed20310814_baseline,20310814,nearest
3,relocate,0.7731919790129511,675.2815366929021,672.2709826613818,0.004458220561255215,True,3,True,0.012902583999675699,0.03420512600496295,"{'instance': 'synthetic_evrptw_n50_seed20310814_baseline', 'scale': 50, 'seed': 20310814, 'source': 'nearest'}",,baseline,E_adaptive_portfolio,synthetic_evrptw_n50_seed20310814_baseline,20310814,nearest
4,swap,0.8412890833138451,672.2709826613818,672.0225230338478,0.0003695825551630611,True,1,True,0.006075708002754254,0.0402808340077172,"{'instance': 'synthetic_evrptw_n50_seed20310814_baseline', 'scale': 50, 'seed': 20310814, 'source': 'nearest'}",,baseline,E_adaptive_portfolio,synthetic_evrptw_n50_seed20310814_baseline,20310814,nearest
5,two_opt,0.8880453688256637,672.0225230338478,670.9162257220197,0.0016462205862294028,True,1,True,0.003090541998972185,0.04337137600668939,"{'instance': 'synthetic_evrptw_n50_seed20310814_baseline', 'scale': 50, 'seed': 20310814, 'source': 'nearest'}",,baseline,E_adaptive_portfolio,synthetic_evrptw_n50_seed20310814_baseline,20310814,nearest
6,relocate,0.6845300893869273,670.9162257220197,663.0475511338293,0.011728252032841169,True,1,True,0.013354582999454578,0.05672595900614397,"{'instance': 'synthetic_evrptw_n50_seed20310814_baseline', 'scale': 50, 'seed': 20310814, 'source': 'nearest'}",,baseline,E_adaptive_portfolio,synthetic_evrptw_n50_seed20310814_baseline,20310814,nearest
7,swap,0.6992052208411509,663.0475511338293,663.0475511338293,0.0,False,0,True,0.0060937079979339615,0.06281966700407793,"{'instance': 'synthetic_evrptw_n50_seed20310814_baseline', 'scale': 50, 'seed': 20310814, 'source': 'nearest'}",,baseline,E_adaptive_portfolio,synthetic_evrptw_n50_seed20310814_baseline,20310814,nearest
8,two_opt,0.7145900034112809,663.0475511338293,663.0475511338293,0.0,False,0,True,0.0025897500017890707,0.065409417005867,"{'instance': 'synthetic_evrptw_n50_seed20310814_baseline', 'scale': 50, 'seed': 20310814, 'source': 'nearest'}",,baseline,E_adaptive_portfolio,synthetic_evrptw_n50_seed20310814_baseline,20310814,nearest
9,relocate,0.617624451486209,663.0475511338293,663.0475511338293,0.0,False,0,True,0.013855000001058215,0.07926441700692521,"{'instance': 'synthetic_evrptw_n50_seed20310814_baseline', 'scale': 50, 'seed': 20310814, 'source': 'nearest'}",,baseline,E_adaptive_portfolio,synthetic_evrptw_n50_seed20310814_baseline,20310814,nearest
10,swap,0.6190847565077008,663.0475511338293,663.0475511338293,0.0,False,0,True,0.0064875839998421725,0.08575200100676739,"{'instance': 'synthetic_evrptw_n50_seed20310814_baseline', 'scale': 50, 'seed': 20310814, 'source': 'nearest'}",patience,baseline,E_adaptive_portfolio,synthetic_evrptw_n50_seed20310814_baseline,20310814,nearest
0,two_opt,,878.9368879378821,878.9368879378821,0.0,False,0,True,0.0022736249993613455,0.0022736249993613455,"{'instance': 'synthetic_evrptw_n50_seed20310814_baseline', 'scale': 50, 'seed': 20310814, 'source': 'composite'}",,baseline,E_adaptive_portfolio,synthetic_evrptw_n50_seed20310814_baseline,20310814,composite
1,relocate,,878.9368879378821,860.6103619100325,0.02085078721732396,True,13,True,0.011382000000594417,0.013655624999955762,"{'instance': 'synthetic_evrptw_n50_seed20310814_baseline', 'scale': 50, 'seed': 20310814, 'source': 'composite'}",,baseline,E_adaptive_portfolio,synthetic_evrptw_n50_seed20310814_baseline,20310814,composite
2,swap,,860.6103619100325,829.4763454835931,0.03617666926219746,True,6,True,0.006253875002585119,0.01990950000254088,"{'instance': 'synthetic_evrptw_n50_seed20310814_baseline', 'scale': 50, 'seed': 20310814, 'source': 'composite'}",,baseline,E_adaptive_portfolio,synthetic_evrptw_n50_seed20310814_baseline,20310814,composite
3,swap,0.7698796210399409,829.4763454835931,829.3856003855466,0.00010940046517379945,True,1,True,0.006895416998304427,0.026804917000845307,"{'instance': 'synthetic_evrptw_n50_seed20310814_baseline', 'scale': 50, 'seed': 20310814, 'source': 'composite'}",,baseline,E_adaptive_portfolio,synthetic_evrptw_n50_seed20310814_baseline,20310814,composite
4,relocate,0.8450378029781561,829.3856003855466,801.3067677933155,0.033854979612834325,True,7,True,0.012309708999964641,0.03911462600080995,"{'instance': 'synthetic_evrptw_n50_seed20310814_baseline', 'scale': 50, 'seed': 20310814, 'source': 'composite'}",,baseline,E_adaptive_portfolio,synthetic_evrptw_n50_seed20310814_baseline,20310814,composite
5,two_opt,0.8880453688256637,801.3067677933155,799.4090654232612,0.0023682595060071573,True,2,True,0.002794084000925068,0.04190871000173502,"{'instance': 'synthetic_evrptw_n50_seed20310814_baseline', 'scale': 50, 'seed': 20310814, 'source': 'composite'}",,baseline,E_adaptive_portfolio,synthetic_evrptw_n50_seed20310814_baseline,20310814,composite
6,relocate,0.689909348903775,799.4090654232612,794.7361911727662,0.005845410632190926,True,5,True,0.011866582997754449,0.053775292999489466,"{'instance': 'synthetic_evrptw_n50_seed20310814_baseline', 'scale': 50, 'seed': 20310814, 'source': 'composite'}",,baseline,E_adaptive_portfolio,synthetic_evrptw_n50_seed20310814_baseline,20310814,composite
7,swap,0.7086124306507485,794.7361911727662,794.1493993796589,0.0007383478940872012,True,2,True,0.006643415999860736,0.0604187089993502,"{'instance': 'synthetic_evrptw_n50_seed20310814_baseline', 'scale': 50, 'seed': 20310814, 'source': 'composite'}",,baseline,E_adaptive_portfolio,synthetic_evrptw_n50_seed20310814_baseline,20310814,composite
8,two_opt,0.7149510228711697,794.1493993796589,794.1493993796589,0.0,False,0,True,0.0018352919978497084,0.06225400099719991,"{'instance': 'synthetic_evrptw_n50_seed20310814_baseline', 'scale': 50, 'seed': 20310814, 'source': 'composite'}",,baseline,E_adaptive_portfolio,synthetic_evrptw_n50_seed20310814_baseline,20310814,composite
9,relocate,0.6192496773638908,794.1493993796589,792.6969345681248,0.0018289566329316685,True,3,True,0.012450875001377426,0.07470487599857734,"{'instance': 'synthetic_evrptw_n50_seed20310814_baseline', 'scale': 50, 'seed': 20310814, 'source': 'composite'}",,baseline,E_adaptive_portfolio,synthetic_evrptw_n50_seed20310814_baseline,20310814,composite
10,swap,0.6256023456787949,792.6969345681248,792.6969345681248,0.0,False,0,True,0.006226792000234127,0.08093166799881146,"{'instance': 'synthetic_evrptw_n50_seed20310814_baseline', 'scale': 50, 'seed': 20310814, 'source': 'composite'}",,baseline,E_adaptive_portfolio,synthetic_evrptw_n50_seed20310814_baseline,20310814,composite
11,two_opt,0.6266138583885138,792.6969345681248,792.6969345681248,0.0,False,0,True,0.0016931249992921948,0.08262479299810366,"{'instance': 'synthetic_evrptw_n50_seed20310814_baseline', 'scale': 50, 'seed': 20310814, 'source': 'composite'}",budget,baseline,E_adaptive_portfolio,synthetic_evrptw_n50_seed20310814_baseline,20310814,composite
0,two_opt,,664.6399683189111,664.6399683189111,0.0,False,0,True,0.0027260409988230094,0.0027260409988230094,"{'instance': 'synthetic_evrptw_n50_seed20310815_baseline', 'scale': 50, 'seed': 20310815, 'source': 'nearest'}",,baseline,E_adaptive_portfolio,synthetic_evrptw_n50_seed20310815_baseline,20310815,nearest
1,relocate,,664.6399683189111,633.2296959993585,0.047259078323260255,True,13,True,0.01179999999658321,0.01452604099540622,"{'instance': 'synthetic_evrptw_n50_seed20310815_baseline', 'scale': 50, 'seed': 20310815, 'source': 'nearest'}",,baseline,E_adaptive_portfolio,synthetic_evrptw_n50_seed20310815_baseline,20310815,nearest
2,swap,,633.2296959993585,605.2094377348566,0.04424975398584318,True,5,True,0.006821500002843095,0.021347540998249315,"{'instance': 'synthetic_evrptw_n50_seed20310815_baseline', 'scale': 50, 'seed': 20310815, 'source': 'nearest'}",,baseline,E_adaptive_portfolio,synthetic_evrptw_n50_seed20310815_baseline,20310815,nearest
3,relocate,0.7809620301010037,605.2094377348566,589.7186364737904,0.025595769489392392,True,5,True,0.012337792002654169,0.033685333000903483,"{'instance': 'synthetic_evrptw_n50_seed20310815_baseline', 'scale': 50, 'seed': 20310815, 'source': 'nearest'}",,baseline,E_adaptive_portfolio,synthetic_evrptw_n50_seed20310815_baseline,20310815,nearest
4,swap,0.8684367697466754,589.7186364737904,589.7186364737904,0.0,False,0,True,0.006574541999725625,0.04025987500062911,"{'instance': 'synthetic_evrptw_n50_seed20310815_baseline', 'scale': 50, 'seed': 20310815, 'source': 'nearest'}",,baseline,E_adaptive_portfolio,synthetic_evrptw_n50_seed20310815_baseline,20310815,nearest
5,two_opt,0.8880453688256637,589.7186364737904,589.7186364737904,0.0,False,0,True,0.002028999999311054,0.04228887499994016,"{'instance': 'synthetic_evrptw_n50_seed20310815_baseline', 'scale': 50, 'seed': 20310815, 'source': 'nearest'}",,baseline,E_adaptive_portfolio,synthetic_evrptw_n50_seed20310815_baseline,20310815,nearest
6,relocate,0.6989838893950222,589.7186364737904,587.6366899776178,0.0035304064809983456,True,2,True,0.012584291998791741,0.054873166998731904,"{'instance': 'synthetic_evrptw_n50_seed20310815_baseline', 'scale': 50, 'seed': 20310815, 'source': 'nearest'}",,baseline,E_adaptive_portfolio,synthetic_evrptw_n50_seed20310815_baseline,20310815,nearest
7,swap,0.7125942727799844,587.6366899776178,582.2289804327968,0.009202470909410058,True,1,True,0.006643124997935956,0.06151629199666786,"{'instance': 'synthetic_evrptw_n50_seed20310815_baseline', 'scale': 50, 'seed': 20310815, 'source': 'nearest'}",,baseline,E_adaptive_portfolio,synthetic_evrptw_n50_seed20310815_baseline,20310815,nearest
8,two_opt,0.7137668931181662,582.2289804327968,582.2289804327968,0.0,False,0,True,0.002098749999277061,0.06361504199594492,"{'instance': 'synthetic_evrptw_n50_seed20310815_baseline', 'scale': 50, 'seed': 20310815, 'source': 'nearest'}",,baseline,E_adaptive_portfolio,synthetic_evrptw_n50_seed20310815_baseline,20310815,nearest
9,relocate,0.6245277029743247,582.2289804327968,562.4963207325765,0.03389157936719701,True,2,True,0.01185550000082003,0.07547054199676495,"{'instance': 'synthetic_evrptw_n50_seed20310815_baseline', 'scale': 50, 'seed': 20310815, 'source': 'nearest'}",,baseline,E_adaptive_portfolio,synthetic_evrptw_n50_seed20310815_baseline,20310815,nearest
10,swap,0.6310782814367265,562.4963207325765,562.4963207325765,0.0,False,0,True,0.00655108399951132,0.08202162599627627,"{'instance': 'synthetic_evrptw_n50_seed20310815_baseline', 'scale': 50, 'seed': 20310815, 'source': 'nearest'}",,baseline,E_adaptive_portfolio,synthetic_evrptw_n50_seed20310815_baseline,20310815,nearest
11,two_opt,0.625824438553178,562.4963207325765,559.0719754372263,0.006087764789092964,True,1,True,0.00238037499730126,0.08440200099357753,"{'instance': 'synthetic_evrptw_n50_seed20310815_baseline', 'scale': 50, 'seed': 20310815, 'source': 'nearest'}",budget,baseline,E_adaptive_portfolio,synthetic_evrptw_n50_seed20310815_baseline,20310815,nearest
0,two_opt,,652.0547386328706,652.0547386328706,0.0,False,0,True,0.0024150829995051026,0.0024150829995051026,"{'instance': 'synthetic_evrptw_n50_seed20310815_baseline', 'scale': 50, 'seed': 20310815, 'source': 'composite'}",,baseline,E_adaptive_portfolio,synthetic_evrptw_n50_seed20310815_baseline,20310815,composite
1,relocate,,652.0547386328706,641.0849104766553,0.016823477395801374,True,6,True,0.01252770799692371,0.014942790996428812,"{'instance': 'synthetic_evrptw_n50_seed20310815_baseline', 'scale': 50, 'seed': 20310815, 'source': 'composite'}",,baseline,E_adaptive_portfolio,synthetic_evrptw_n50_seed20310815_baseline,20310815,composite
2,swap,,641.0849104766553,616.865412419654,0.03777892391663647,True,4,True,0.005926916001044447,0.02086970699747326,"{'instance': 'synthetic_evrptw_n50_seed20310815_baseline', 'scale': 50, 'seed': 20310815, 'source': 'composite'}",,baseline,E_adaptive_portfolio,synthetic_evrptw_n50_seed20310815_baseline,20310815,composite
3,swap,0.77148187569438,616.865412419654,610.9692804597955,0.009558214549152521,True,2,True,0.006280666002567159,0.027150373000040418,"{'instance': 'synthetic_evrptw_n50_seed20310815_baseline', 'scale': 50, 'seed': 20310815, 'source': 'composite'}",,baseline,E_adaptive_portfolio,synthetic_evrptw_n50_seed20310815_baseline,20310815,composite
4,relocate,0.8410104931566336,610.9692804597955,584.7863041231485,0.042854816394275276,True,5,True,0.012610707999556325,0.03976108099959674,"{'instance': 'synthetic_evrptw_n50_seed20310815_baseline', 'scale': 50, 'seed': 20310815, 'source': 'composite'}",,baseline,E_adaptive_portfolio,synthetic_evrptw_n50_seed20310815_baseline,20310815,composite
5,two_opt,0.8880453688256637,584.7863041231485,580.937767531546,0.006581099051854774,True,1,True,0.002470291998179164,0.04223137299777591,"{'instance': 'synthetic_evrptw_n50_seed20310815_baseline', 'scale': 50, 'seed': 20310815, 'source': 'composite'}",,baseline,E_adaptive_portfolio,synthetic_evrptw_n50_seed20310815_baseline,20310815,composite
6,relocate,0.6923956123837341,580.937767531546,580.937767531546,0.0,False,0,True,0.01383762499972363,0.05606899799749954,"{'instance': 'synthetic_evrptw_n50_seed20310815_baseline', 'scale': 50, 'seed': 20310815, 'source': 'composite'}",,baseline,E_adaptive_portfolio,synthetic_evrptw_n50_seed20310815_baseline,20310815,composite
7,swap,0.7141379650199574,580.937767531546,580.937767531546,0.0,False,0,True,0.006435708000935847,0.06250470599843538,"{'instance': 'synthetic_evrptw_n50_seed20310815_baseline', 'scale': 50, 'seed': 20310815, 'source': 'composite'}",,baseline,E_adaptive_portfolio,synthetic_evrptw_n50_seed20310815_baseline,20310815,composite
8,two_opt,0.7170574426440935,580.937767531546,580.937767531546,0.0,False,0,True,0.002343916999961948,0.06484862299839733,"{'instance': 'synthetic_evrptw_n50_seed20310815_baseline', 'scale': 50, 'seed': 20310815, 'source': 'composite'}",,baseline,E_adaptive_portfolio,synthetic_evrptw_n50_seed20310815_baseline,20310815,composite
9,relocate,0.6189587161397999,580.937767531546,580.937767531546,0.0,False,0,True,0.013829291001457023,0.07867791399985435,"{'instance': 'synthetic_evrptw_n50_seed20310815_baseline', 'scale': 50, 'seed': 20310815, 'source': 'composite'}",patience,baseline,E_adaptive_portfolio,synthetic_evrptw_n50_seed20310815_baseline,20310815,composite
0,two_opt,,741.2487262351409,741.2487262351409,0.0,False,0,True,0.0031662500005040783,0.0031662500005040783,"{'instance': 'synthetic_evrptw_n50_seed20310816_baseline', 'scale': 50, 'seed': 20310816, 'source': 'nearest'}",,baseline,E_adaptive_portfolio,synthetic_evrptw_n50_seed20310816_baseline,20310816,nearest
1,relocate,,741.2487262351409,721.0668860808682,0.02722681259336225,True,6,True,0.012737583998386981,0.01590383399889106,"{'instance': 'synthetic_evrptw_n50_seed20310816_baseline', 'scale': 50, 'seed': 20310816, 'source': 'nearest'}",,baseline,E_adaptive_portfolio,synthetic_evrptw_n50_seed20310816_baseline,20310816,nearest
2,swap,,721.0668860808682,716.2204873320553,0.00672115006577823,True,1,True,0.0059309580028639175,0.021834792001754977,"{'instance': 'synthetic_evrptw_n50_seed20310816_baseline', 'scale': 50, 'seed': 20310816, 'source': 'nearest'}",,baseline,E_adaptive_portfolio,synthetic_evrptw_n50_seed20310816_baseline,20310816,nearest
3,relocate,0.7609297643711057,716.2204873320553,713.3568184508063,0.003998306292404891,True,2,True,0.013194250001106411,0.03502904200286139,"{'instance': 'synthetic_evrptw_n50_seed20310816_baseline', 'scale': 50, 'seed': 20310816, 'source': 'nearest'}",,baseline,E_adaptive_portfolio,synthetic_evrptw_n50_seed20310816_baseline,20310816,nearest
4,swap,0.8309081658266104,713.3568184508063,707.1748638497891,0.008666006185295205,True,1,True,0.006246917000680696,0.041275959003542084,"{'instance': 'synthetic_evrptw_n50_seed20310816_baseline', 'scale': 50, 'seed': 20310816, 'source': 'nearest'}",,baseline,E_adaptive_portfolio,synthetic_evrptw_n50_seed20310816_baseline,20310816,nearest
5,two_opt,0.8880453688256637,707.1748638497891,699.062071764685,0.011472116020836516,True,1,True,0.0028773340018233284,0.04415329300536541,"{'instance': 'synthetic_evrptw_n50_seed20310816_baseline', 'scale': 50, 'seed': 20310816, 'source': 'nearest'}",,baseline,E_adaptive_portfolio,synthetic_evrptw_n50_seed20310816_baseline,20310816,nearest
6,relocate,0.6781690249315794,699.062071764685,696.3998786257263,0.0038082357010707293,True,2,True,0.013785999999527121,0.057939293004892534,"{'instance': 'synthetic_evrptw_n50_seed20310816_baseline', 'scale': 50, 'seed': 20310816, 'source': 'nearest'}",,baseline,E_adaptive_portfolio,synthetic_evrptw_n50_seed20310816_baseline,20310816,nearest
7,swap,0.6981629739125996,696.3998786257263,695.9535401383291,0.0006409226955610037,True,1,True,0.006561957998201251,0.06450125100309378,"{'instance': 'synthetic_evrptw_n50_seed20310816_baseline', 'scale': 50, 'seed': 20310816, 'source': 'nearest'}",,baseline,E_adaptive_portfolio,synthetic_evrptw_n50_seed20310816_baseline,20310816,nearest
8,two_opt,0.7195029511285844,695.9535401383291,691.6951696525997,0.006118756842422287,True,2,True,0.003422041998419445,0.06792329300151323,"{'instance': 'synthetic_evrptw_n50_seed20310816_baseline', 'scale': 50, 'seed': 20310816, 'source': 'nearest'}",,baseline,E_adaptive_portfolio,synthetic_evrptw_n50_seed20310816_baseline,20310816,nearest
9,relocate,0.610743736405387,691.6951696525997,690.8312623608167,0.0012489711215084623,True,2,True,0.013373833000514423,0.08129712600202765,"{'instance': 'synthetic_evrptw_n50_seed20310816_baseline', 'scale': 50, 'seed': 20310816, 'source': 'nearest'}",,baseline,E_adaptive_portfolio,synthetic_evrptw_n50_seed20310816_baseline,20310816,nearest
10,two_opt,0.6191244974260617,690.8312623608167,690.8312623608167,0.0,False,0,True,0.0026014579998445697,0.08389858400187222,"{'instance': 'synthetic_evrptw_n50_seed20310816_baseline', 'scale': 50, 'seed': 20310816, 'source': 'nearest'}",,baseline,E_adaptive_portfolio,synthetic_evrptw_n50_seed20310816_baseline,20310816,nearest
11,swap,0.6311671315353895,690.8312623608167,681.2838338460404,0.013820203333226973,True,1,True,0.006864750001113862,0.09076333400298608,"{'instance': 'synthetic_evrptw_n50_seed20310816_baseline', 'scale': 50, 'seed': 20310816, 'source': 'nearest'}",budget,baseline,E_adaptive_portfolio,synthetic_evrptw_n50_seed20310816_baseline,20310816,nearest
0,two_opt,,800.3362350768913,800.3362350768913,0.0,False,0,True,0.0023895829981483985,0.0023895829981483985,"{'instance': 'synthetic_evrptw_n50_seed20310816_baseline', 'scale': 50, 'seed': 20310816, 'source': 'composite'}",,baseline,E_adaptive_portfolio,synthetic_evrptw_n50_seed20310816_baseline,20310816,composite
1,relocate,,800.3362350768913,769.3254150254215,0.03874723983787942,True,13,True,0.010767416999442503,0.013156999997590901,"{'instance': 'synthetic_evrptw_n50_seed20310816_baseline', 'scale': 50, 'seed': 20310816, 'source': 'composite'}",,baseline,E_adaptive_portfolio,synthetic_evrptw_n50_seed20310816_baseline,20310816,composite
2,swap,,769.3254150254215,700.078459937081,0.0900099668305542,True,5,True,0.006577207997906953,0.019734207995497854,"{'instance': 'synthetic_evrptw_n50_seed20310816_baseline', 'scale': 50, 'seed': 20310816, 'source': 'composite'}",,baseline,E_adaptive_portfolio,synthetic_evrptw_n50_seed20310816_baseline,20310816,composite
3,swap,0.8237129186082977,700.078459937081,695.3413394557048,0.006766556539679807,True,3,True,0.006269334000535309,0.026003541996033164,"{'instance': 'synthetic_evrptw_n50_seed20310816_baseline', 'scale': 50, 'seed': 20310816, 'source': 'composite'}",,baseline,E_adaptive_portfolio,synthetic_evrptw_n50_seed20310816_baseline,20310816,composite
4,relocate,0.8629342555987116,695.3413394557048,673.8450553017329,0.03091472192750479,True,7,True,0.011568792000616668,0.03757233399664983,"{'instance': 'synthetic_evrptw_n50_seed20310816_baseline', 'scale': 50, 'seed': 20310816, 'source': 'composite'}",,baseline,E_adaptive_portfolio,synthetic_evrptw_n50_seed20310816_baseline,20310816,composite
5,two_opt,0.8880453688256637,673.8450553017329,661.2340085922522,0.018715054166026084,True,3,True,0.0038700830009474885,0.04144241699759732,"{'instance': 'synthetic_evrptw_n50_seed20310816_baseline', 'scale': 50, 'seed': 20310816, 'source': 'composite'}",,baseline,E_adaptive_portfolio,synthetic_evrptw_n50_seed20310816_baseline,20310816,composite
6,swap,0.7109447271738129,661.2340085922522,661.2340085922522,0.0,False,0,True,0.006344124998577172,0.04778654199617449,"{'instance': 'synthetic_evrptw_n50_seed20310816_baseline', 'scale': 50, 'seed': 20310816, 'source': 'composite'}",,baseline,E_adaptive_portfolio,synthetic_evrptw_n50_seed20310816_baseline,20310816,composite
7,relocate,0.725300376669755,661.2340085922522,658.8968715802521,0.003534508179601622,True,3,True,0.012876041000708938,0.06066258299688343,"{'instance': 'synthetic_evrptw_n50_seed20310816_baseline', 'scale': 50, 'seed': 20310816, 'source': 'composite'}",,baseline,E_adaptive_portfolio,synthetic_evrptw_n50_seed20310816_baseline,20310816,composite
8,two_opt,0.7231244202011793,658.8968715802521,658.8968715802521,0.0,False,0,True,0.0023387500004901085,0.06300133299737354,"{'instance': 'synthetic_evrptw_n50_seed20310816_baseline', 'scale': 50, 'seed': 20310816, 'source': 'composite'}",,baseline,E_adaptive_portfolio,synthetic_evrptw_n50_seed20310816_baseline,20310816,composite
9,swap,0.6313247926665191,658.8968715802521,658.8968715802521,0.0,False,0,True,0.006777708000299754,0.06977904099767329,"{'instance': 'synthetic_evrptw_n50_seed20310816_baseline', 'scale': 50, 'seed': 20310816, 'source': 'composite'}",,baseline,E_adaptive_portfolio,synthetic_evrptw_n50_seed20310816_baseline,20310816,composite
10,relocate,0.6376596964533041,658.8968715802521,657.5248521434243,0.002082297694838453,True,1,True,0.012967999999091262,0.08274704099676455,"{'instance': 'synthetic_evrptw_n50_seed20310816_baseline', 'scale': 50, 'seed': 20310816, 'source': 'composite'}",,baseline,E_adaptive_portfolio,synthetic_evrptw_n50_seed20310816_baseline,20310816,composite
11,two_opt,0.6320627899418534,657.5248521434243,657.5248521434243,0.0,False,0,True,0.002301332999195438,0.08504837399595999,"{'instance': 'synthetic_evrptw_n50_seed20310816_baseline', 'scale': 50, 'seed': 20310816, 'source': 'composite'}",budget,baseline,E_adaptive_portfolio,synthetic_evrptw_n50_seed20310816_baseline,20310816,composite
0,two_opt,,653.6285413385554,653.6285413385554,0.0,False,0,True,0.0030800000022281893,0.0030800000022281893,"{'instance': 'synthetic_evrptw_n50_seed20310817_baseline', 'scale': 50, 'seed': 20310817, 'source': 'nearest'}",,baseline,E_adaptive_portfolio,synthetic_evrptw_n50_seed20310817_baseline,20310817,nearest
1,relocate,,653.6285413385554,645.8548931701395,0.01189306720373067,True,5,True,0.012306790998991346,0.015386791001219535,"{'instance': 'synthetic_evrptw_n50_seed20310817_baseline', 'scale': 50, 'seed': 20310817, 'source': 'nearest'}",,baseline,E_adaptive_portfolio,synthetic_evrptw_n50_seed20310817_baseline,20310817,nearest
2,swap,,645.8548931701395,639.8106481485019,0.009358518586070933,True,1,True,0.00595387499924982,0.021340666000469355,"{'instance': 'synthetic_evrptw_n50_seed20310817_baseline', 'scale': 50, 'seed': 20310817, 'source': 'nearest'}",,baseline,E_adaptive_portfolio,synthetic_evrptw_n50_seed20310817_baseline,20310817,nearest
3,relocate,0.7455960189814741,639.8106481485019,639.1704016916985,0.0010006811525504777,True,1,True,0.012418333000823623,0.03375899900129298,"{'instance': 'synthetic_evrptw_n50_seed20310817_baseline', 'scale': 50, 'seed': 20310817, 'source': 'nearest'}",,baseline,E_adaptive_portfolio,synthetic_evrptw_n50_seed20310817_baseline,20310817,nearest
4,swap,0.8335455343469031,639.1704016916985,639.1704016916985,0.0,False,0,True,0.006073917000321671,0.03983291600161465,"{'instance': 'synthetic_evrptw_n50_seed20310817_baseline', 'scale': 50, 'seed': 20310817, 'source': 'nearest'}",,baseline,E_adaptive_portfolio,synthetic_evrptw_n50_seed20310817_baseline,20310817,nearest
5,two_opt,0.8880453688256637,639.1704016916985,639.0298557664503,0.00021988803748777667,True,1,True,0.0035198749974370003,0.04335279099905165,"{'instance': 'synthetic_evrptw_n50_seed20310817_baseline', 'scale': 50, 'seed': 20310817, 'source': 'nearest'}",,baseline,E_adaptive_portfolio,synthetic_evrptw_n50_seed20310817_baseline,20310817,nearest
6,relocate,0.6690033396668364,639.0298557664503,635.874200584828,0.004938196788688955,True,3,True,0.012371374999929685,0.055724165998981334,"{'instance': 'synthetic_evrptw_n50_seed20310817_baseline', 'scale': 50, 'seed': 20310817, 'source': 'nearest'}",,baseline,E_adaptive_portfolio,synthetic_evrptw_n50_seed20310817_baseline,20310817,nearest
7,swap,0.6951486550800984,635.874200584828,635.874200584828,0.0,False,0,True,0.006056542002625065,0.0617807080016064,"{'instance': 'synthetic_evrptw_n50_seed20310817_baseline', 'scale': 50, 'seed': 20310817, 'source': 'nearest'}",,baseline,E_adaptive_portfolio,synthetic_evrptw_n50_seed20310817_baseline,20310817,nearest
8,two_opt,0.7138768371369101,635.874200584828,635.874200584828,0.0,False,0,True,0.0030025839987501968,0.0647832920003566,"{'instance': 'synthetic_evrptw_n50_seed20310817_baseline', 'scale': 50, 'seed': 20310817, 'source': 'nearest'}",,baseline,E_adaptive_portfolio,synthetic_evrptw_n50_seed20310817_baseline,20310817,nearest
9,relocate,0.6050099332580977,635.874200584828,635.874200584828,0.0,False,0,True,0.012975249999726657,0.07775854200008325,"{'instance': 'synthetic_evrptw_n50_seed20310817_baseline', 'scale': 50, 'seed': 20310817, 'source': 'nearest'}",,baseline,E_adaptive_portfolio,synthetic_evrptw_n50_seed20310817_baseline,20310817,nearest
10,swap,0.6163803793336657,635.874200584828,635.874200584828,0.0,False,0,True,0.006029625001247041,0.0837881670013303,"{'instance': 'synthetic_evrptw_n50_seed20310817_baseline', 'scale': 50, 'seed': 20310817, 'source': 'nearest'}",patience,baseline,E_adaptive_portfolio,synthetic_evrptw_n50_seed20310817_baseline,20310817,nearest
0,two_opt,,743.2363260584928,743.2363260584928,0.0,False,0,True,0.0029739999990852084,0.0029739999990852084,"{'instance': 'synthetic_evrptw_n50_seed20310817_baseline', 'scale': 50, 'seed': 20310817, 'source': 'composite'}",,baseline,E_adaptive_portfolio,synthetic_evrptw_n50_seed20310817_baseline,20310817,composite
1,relocate,,743.2363260584928,679.9693881968935,0.08512358134742207,True,6,True,0.013570792001701193,0.0165447920007864,"{'instance': 'synthetic_evrptw_n50_seed20310817_baseline', 'scale': 50, 'seed': 20310817, 'source': 'composite'}",,baseline,E_adaptive_portfolio,synthetic_evrptw_n50_seed20310817_baseline,20310817,composite
2,swap,,679.9693881968935,679.9693881968935,0.0,False,0,True,0.006103207997512072,0.022647999998298474,"{'instance': 'synthetic_evrptw_n50_seed20310817_baseline', 'scale': 50, 'seed': 20310817, 'source': 'composite'}",,baseline,E_adaptive_portfolio,synthetic_evrptw_n50_seed20310817_baseline,20310817,composite
3,relocate,0.8188265331251655,679.9693881968935,656.1297650975206,0.035059847565475824,True,5,True,0.012280165999982273,0.03492816599828075,"{'instance': 'synthetic_evrptw_n50_seed20310817_baseline', 'scale': 50, 'seed': 20310817, 'source': 'composite'}",,baseline,E_adaptive_portfolio,synthetic_evrptw_n50_seed20310817_baseline,20310817,composite
4,two_opt,0.8241870157608322,656.1297650975206,655.8834451940248,0.000375413396249672,True,1,True,0.0037829590000910684,0.038711124998371815,"{'instance': 'synthetic_evrptw_n50_seed20310817_baseline', 'scale': 50, 'seed': 20310817, 'source': 'composite'}",,baseline,E_adaptive_portfolio,synthetic_evrptw_n50_seed20310817_baseline,20310817,composite
5,swap,0.8880453688256637,655.8834451940248,654.239702063783,0.0025061512716722375,True,1,True,0.00743608300035703,0.046147207998728845,"{'instance': 'synthetic_evrptw_n50_seed20310817_baseline', 'scale': 50, 'seed': 20310817, 'source': 'composite'}",,baseline,E_adaptive_portfolio,synthetic_evrptw_n50_seed20310817_baseline,20310817,composite
6,relocate,0.7226481799451447,654.239702063783,650.9500147644045,0.005028259961908943,True,2,True,0.014009000002261018,0.060156208000989864,"{'instance': 'synthetic_evrptw_n50_seed20310817_baseline', 'scale': 50, 'seed': 20310817, 'source': 'composite'}",,baseline,E_adaptive_portfolio,synthetic_evrptw_n50_seed20310817_baseline,20310817,composite
7,swap,0.691722471422899,650.9500147644045,650.9500147644045,0.0,False,0,True,0.007237582998641301,0.06739379099963116,"{'instance': 'synthetic_evrptw_n50_seed20310817_baseline', 'scale': 50, 'seed': 20310817, 'source': 'composite'}",,baseline,E_adaptive_portfolio,synthetic_evrptw_n50_seed20310817_baseline,20310817,composite
8,two_opt,0.7139545998162911,650.9500147644045,650.6781051467303,0.00041771197712097715,True,1,True,0.0037491250004677568,0.07114291600009892,"{'instance': 'synthetic_evrptw_n50_seed20310817_baseline', 'scale': 50, 'seed': 20310817, 'source': 'composite'}",,baseline,E_adaptive_portfolio,synthetic_evrptw_n50_seed20310817_baseline,20310817,composite
9,relocate,0.6408031811680434,650.6781051467303,644.8044860375006,0.009026919859098663,True,1,True,0.014041999998880783,0.0851849159989797,"{'instance': 'synthetic_evrptw_n50_seed20310817_baseline', 'scale': 50, 'seed': 20310817, 'source': 'composite'}",,baseline,E_adaptive_portfolio,synthetic_evrptw_n50_seed20310817_baseline,20310817,composite
10,swap,0.6140962568955328,644.8044860375006,644.8044860375006,0.0,False,0,True,0.007363000000623288,0.09254791599960299,"{'instance': 'synthetic_evrptw_n50_seed20310817_baseline', 'scale': 50, 'seed': 20310817, 'source': 'composite'}",,baseline,E_adaptive_portfolio,synthetic_evrptw_n50_seed20310817_baseline,20310817,composite
11,two_opt,0.6260888136776349,644.8044860375006,644.8044860375006,0.0,False,0,True,0.002897750000556698,0.09544566600015969,"{'instance': 'synthetic_evrptw_n50_seed20310817_baseline', 'scale': 50, 'seed': 20310817, 'source': 'composite'}",budget,baseline,E_adaptive_portfolio,synthetic_evrptw_n50_seed20310817_baseline,20310817,composite
0,two_opt,,570.4457856375772,570.4457856375772,0.0,False,0,True,0.0031701250009064097,0.0031701250009064097,"{'instance': 'synthetic_evrptw_n50_seed20310818_baseline', 'scale': 50, 'seed': 20310818, 'source': 'nearest'}",,baseline,E_adaptive_portfolio,synthetic_evrptw_n50_seed20310818_baseline,20310818,nearest
1,relocate,,570.4457856375772,562.1184467267601,0.014597949744706639,True,2,True,0.012925292001455091,0.0160954170023615,"{'instance': 'synthetic_evrptw_n50_seed20310818_baseline', 'scale': 50, 'seed': 20310818, 'source': 'nearest'}",,baseline,E_adaptive_portfolio,synthetic_evrptw_n50_seed20310818_baseline,20310818,nearest
2,swap,,562.1184467267601,562.1184467267601,0.0,False,0,True,0.005241749997367151,0.02133716699972865,"{'instance': 'synthetic_evrptw_n50_seed20310818_baseline', 'scale': 50, 'seed': 20310818, 'source': 'nearest'}",,baseline,E_adaptive_portfolio,synthetic_evrptw_n50_seed20310818_baseline,20310818,nearest
3,relocate,0.7483009015224501,562.1184467267601,555.2961556990911,0.01213674994548844,True,1,True,0.012906624997413019,0.03424379199714167,"{'instance': 'synthetic_evrptw_n50_seed20310818_baseline', 'scale': 50, 'seed': 20310818, 'source': 'nearest'}",,baseline,E_adaptive_portfolio,synthetic_evrptw_n50_seed20310818_baseline,20310818,nearest
4,two_opt,0.8241870157608322,555.2961556990911,555.2961556990911,0.0,False,0,True,0.0031858750007813796,0.03742966699792305,"{'instance': 'synthetic_evrptw_n50_seed20310818_baseline', 'scale': 50, 'seed': 20310818, 'source': 'nearest'}",,baseline,E_adaptive_portfolio,synthetic_evrptw_n50_seed20310818_baseline,20310818,nearest
5,swap,0.8880453688256637,555.2961556990911,555.2961556990911,0.0,False,0,True,0.005420500001491746,0.042850166999414796,"{'instance': 'synthetic_evrptw_n50_seed20310818_baseline', 'scale': 50, 'seed': 20310818, 'source': 'nearest'}",,baseline,E_adaptive_portfolio,synthetic_evrptw_n50_seed20310818_baseline,20310818,nearest
6,relocate,0.6759238153337934,555.2961556990911,555.2961556990911,0.0,False,0,True,0.013254874997073784,0.05610504199648858,"{'instance': 'synthetic_evrptw_n50_seed20310818_baseline', 'scale': 50, 'seed': 20310818, 'source': 'nearest'}",,baseline,E_adaptive_portfolio,synthetic_evrptw_n50_seed20310818_baseline,20310818,nearest
7,two_opt,0.6904693957870629,555.2961556990911,555.2961556990911,0.0,False,0,True,0.0031800420001673046,0.059285083996655885,"{'instance': 'synthetic_evrptw_n50_seed20310818_baseline', 'scale': 50, 'seed': 20310818, 'source': 'nearest'}",patience,baseline,E_adaptive_portfolio,synthetic_evrptw_n50_seed20310818_baseline,20310818,nearest
0,two_opt,,777.4234801360625,777.4234801360625,0.0,False,0,True,0.0022773749988118652,0.0022773749988118652,"{'instance': 'synthetic_evrptw_n50_seed20310818_baseline', 'scale': 50, 'seed': 20310818, 'source': 'composite'}",,baseline,E_adaptive_portfolio,synthetic_evrptw_n50_seed20310818_baseline,20310818,composite
1,relocate,,777.4234801360625,741.9185429164446,0.045670008852065944,True,9,True,0.011346040999342222,0.013623415998154087,"{'instance': 'synthetic_evrptw_n50_seed20310818_baseline', 'scale': 50, 'seed': 20310818, 'source': 'composite'}",,baseline,E_adaptive_portfolio,synthetic_evrptw_n50_seed20310818_baseline,20310818,composite
2,swap,,741.9185429164446,708.7403906936277,0.044719400181582325,True,6,True,0.005476750000525499,0.019100165998679586,"{'instance': 'synthetic_evrptw_n50_seed20310818_baseline', 'scale': 50, 'seed': 20310818, 'source': 'composite'}",,baseline,E_adaptive_portfolio,synthetic_evrptw_n50_seed20310818_baseline,20310818,composite
3,relocate,0.7793729606298094,708.7403906936277,684.7578206464128,0.03383830011965828,True,6,True,0.011840083003335167,0.030940249002014752,"{'instance': 'synthetic_evrptw_n50_seed20310818_baseline', 'scale': 50, 'seed': 20310818, 'source': 'composite'}",,baseline,E_adaptive_portfolio,synthetic_evrptw_n50_seed20310818_baseline,20310818,composite
4,swap,0.8689064159424145,684.7578206464128,684.7578206464128,0.0,False,0,True,0.005557541000598576,0.03649779000261333,"{'instance': 'synthetic_evrptw_n50_seed20310818_baseline', 'scale': 50, 'seed': 20310818, 'source': 'composite'}",,baseline,E_adaptive_portfolio,synthetic_evrptw_n50_seed20310818_baseline,20310818,composite
5,two_opt,0.8880453688256637,684.7578206464128,670.6730561738386,0.020568972048071163,True,4,True,0.003156875001877779,0.03965466500449111,"{'instance': 'synthetic_evrptw_n50_seed20310818_baseline', 'scale': 50, 'seed': 20310818, 'source': 'composite'}",,baseline,E_adaptive_portfolio,synthetic_evrptw_n50_seed20310818_baseline,20310818,composite
6,relocate,0.7023106199745579,670.6730561738386,654.5407520575818,0.024053902222180998,True,5,True,0.012053334001393523,0.05170799900588463,"{'instance': 'synthetic_evrptw_n50_seed20310818_baseline', 'scale': 50, 'seed': 20310818, 'source': 'composite'}",,baseline,E_adaptive_portfolio,synthetic_evrptw_n50_seed20310818_baseline,20310818,composite
7,swap,0.712829095877854,654.5407520575818,654.5407520575818,0.0,False,0,True,0.005885499998839805,0.057593499004724436,"{'instance': 'synthetic_evrptw_n50_seed20310818_baseline', 'scale': 50, 'seed': 20310818, 'source': 'composite'}",,baseline,E_adaptive_portfolio,synthetic_evrptw_n50_seed20310818_baseline,20310818,composite
8,two_opt,0.7240513791422017,654.5407520575818,654.5407520575818,0.0,False,0,True,0.0020592920009221416,0.05965279100564658,"{'instance': 'synthetic_evrptw_n50_seed20310818_baseline', 'scale': 50, 'seed': 20310818, 'source': 'composite'}",,baseline,E_adaptive_portfolio,synthetic_evrptw_n50_seed20310818_baseline,20310818,composite
9,relocate,0.6335866886077428,654.5407520575818,649.576269080068,0.007584681262255637,True,1,True,0.012838167000154499,0.07249095800580108,"{'instance': 'synthetic_evrptw_n50_seed20310818_baseline', 'scale': 50, 'seed': 20310818, 'source': 'composite'}",,baseline,E_adaptive_portfolio,synthetic_evrptw_n50_seed20310818_baseline,20310818,composite
10,swap,0.6281673398655029,649.576269080068,649.576269080068,0.0,False,0,True,0.00601624999762862,0.0785072080034297,"{'instance': 'synthetic_evrptw_n50_seed20310818_baseline', 'scale': 50, 'seed': 20310818, 'source': 'composite'}",,baseline,E_adaptive_portfolio,synthetic_evrptw_n50_seed20310818_baseline,20310818,composite
11,two_opt,0.6326807625692018,649.576269080068,649.576269080068,0.0,False,0,True,0.0022027080012776423,0.08070991600470734,"{'instance': 'synthetic_evrptw_n50_seed20310818_baseline', 'scale': 50, 'seed': 20310818, 'source': 'composite'}",budget,baseline,E_adaptive_portfolio,synthetic_evrptw_n50_seed20310818_baseline,20310818,composite
0,two_opt,,700.6323644385186,700.6323644385186,0.0,False,0,True,0.0045902089987066574,0.0045902089987066574,"{'instance': 'synthetic_evrptw_n50_seed20310819_baseline', 'scale': 50, 'seed': 20310819, 'source': 'nearest'}",,baseline,E_adaptive_portfolio,synthetic_evrptw_n50_seed20310819_baseline,20310819,nearest
1,relocate,,700.6323644385186,674.1666682458334,0.03777401321432616,True,5,True,0.017070624999178108,0.021660833997884765,"{'instance': 'synthetic_evrptw_n50_seed20310819_baseline', 'scale': 50, 'seed': 20310819, 'source': 'nearest'}",,baseline,E_adaptive_portfolio,synthetic_evrptw_n50_seed20310819_baseline,20310819,nearest
2,swap,,674.1666682458334,673.9769332876664,0.0002814362784513257,True,1,True,0.007855290998122655,0.02951612499600742,"{'instance': 'synthetic_evrptw_n50_seed20310819_baseline', 'scale': 50, 'seed': 20310819, 'source': 'nearest'}",,baseline,E_adaptive_portfolio,synthetic_evrptw_n50_seed20310819_baseline,20310819,nearest
3,relocate,0.7714769649920696,673.9769332876664,667.7736446266784,0.009204007369700668,True,3,True,0.014339125002152286,0.04385524999815971,"{'instance': 'synthetic_evrptw_n50_seed20310819_baseline', 'scale': 50, 'seed': 20310819, 'source': 'nearest'}",,baseline,E_adaptive_portfolio,synthetic_evrptw_n50_seed20310819_baseline,20310819,nearest
4,swap,0.8244684520392835,667.7736446266784,652.382497481665,0.02304844952905844,True,3,True,0.0074197079993609805,0.05127495799752069,"{'instance': 'synthetic_evrptw_n50_seed20310819_baseline', 'scale': 50, 'seed': 20310819, 'source': 'nearest'}",,baseline,E_adaptive_portfolio,synthetic_evrptw_n50_seed20310819_baseline,20310819,nearest
5,two_opt,0.8880453688256637,652.382497481665,652.382497481665,0.0,False,0,True,0.0025434999988647178,0.053818457996385405,"{'instance': 'synthetic_evrptw_n50_seed20310819_baseline', 'scale': 50, 'seed': 20310819, 'source': 'nearest'}",,baseline,E_adaptive_portfolio,synthetic_evrptw_n50_seed20310819_baseline,20310819,nearest
6,relocate,0.6860454757807093,652.382497481665,640.5839379709638,0.018085340358219577,True,4,True,0.012948416999279289,0.0667668749956647,"{'instance': 'synthetic_evrptw_n50_seed20310819_baseline', 'scale': 50, 'seed': 20310819, 'source': 'nearest'}",,baseline,E_adaptive_portfolio,synthetic_evrptw_n50_seed20310819_baseline,20310819,nearest
7,swap,0.7021343386908178,640.5839379709638,621.027854561131,0.03052852600671864,True,3,True,0.007173541001975536,0.07394041599764023,"{'instance': 'synthetic_evrptw_n50_seed20310819_baseline', 'scale': 50, 'seed': 20310819, 'source': 'nearest'}",,baseline,E_adaptive_portfolio,synthetic_evrptw_n50_seed20310819_baseline,20310819,nearest
8,two_opt,0.7137668931181662,621.027854561131,621.027854561131,0.0,False,0,True,0.0029833750013494864,0.07692379099898972,"{'instance': 'synthetic_evrptw_n50_seed20310819_baseline', 'scale': 50, 'seed': 20310819, 'source': 'nearest'}",,baseline,E_adaptive_portfolio,synthetic_evrptw_n50_seed20310819_baseline,20310819,nearest
9,relocate,0.6207537385238565,621.027854561131,599.3250975633789,0.03494651139776819,True,3,True,0.013301999999384861,0.09022579099837458,"{'instance': 'synthetic_evrptw_n50_seed20310819_baseline', 'scale': 50, 'seed': 20310819, 'source': 'nearest'}",,baseline,E_adaptive_portfolio,synthetic_evrptw_n50_seed20310819_baseline,20310819,nearest
10,swap,0.631213677076385,599.3250975633789,599.3250975633789,0.0,False,0,True,0.006990958001551917,0.0972167489999265,"{'instance': 'synthetic_evrptw_n50_seed20310819_baseline', 'scale': 50, 'seed': 20310819, 'source': 'nearest'}",,baseline,E_adaptive_portfolio,synthetic_evrptw_n50_seed20310819_baseline,20310819,nearest
11,two_opt,0.625824438553178,599.3250975633789,599.3250975633789,0.0,False,0,True,0.0030385409991140477,0.10025528999904054,"{'instance': 'synthetic_evrptw_n50_seed20310819_baseline', 'scale': 50, 'seed': 20310819, 'source': 'nearest'}",budget,baseline,E_adaptive_portfolio,synthetic_evrptw_n50_seed20310819_baseline,20310819,nearest
0,two_opt,,802.6449555452737,802.6449555452737,0.0,False,0,True,0.0024565409985370934,0.0024565409985370934,"{'instance': 'synthetic_evrptw_n50_seed20310819_baseline', 'scale': 50, 'seed': 20310819, 'source': 'composite'}",,baseline,E_adaptive_portfolio,synthetic_evrptw_n50_seed20310819_baseline,20310819,composite
1,relocate,,802.6449555452737,773.4934778156669,0.0363192685984089,True,13,True,0.011308707998978207,0.0137652489975153,"{'instance': 'synthetic_evrptw_n50_seed20310819_baseline', 'scale': 50, 'seed': 20310819, 'source': 'composite'}",,baseline,E_adaptive_portfolio,synthetic_evrptw_n50_seed20310819_baseline,20310819,composite
2,swap,,773.4934778156669,738.7953115676871,0.044859028864686526,True,6,True,0.006153457998152589,0.01991870699566789,"{'instance': 'synthetic_evrptw_n50_seed20310819_baseline', 'scale': 50, 'seed': 20310819, 'source': 'composite'}",,baseline,E_adaptive_portfolio,synthetic_evrptw_n50_seed20310819_baseline,20310819,composite
3,swap,0.77856198064243,738.7953115676871,713.6419198724326,0.03404649610171493,True,2,True,0.006385708002198953,0.026304414997866843,"{'instance': 'synthetic_evrptw_n50_seed20310819_baseline', 'scale': 50, 'seed': 20310819, 'source': 'composite'}",,baseline,E_adaptive_portfolio,synthetic_evrptw_n50_seed20310819_baseline,20310819,composite
4,relocate,0.8605062843592411,713.6419198724326,706.8836322800815,0.009470138180166229,True,6,True,0.011902458001713967,0.03820687299958081,"{'instance': 'synthetic_evrptw_n50_seed20310819_baseline', 'scale': 50, 'seed': 20310819, 'source': 'composite'}",,baseline,E_adaptive_portfolio,synthetic_evrptw_n50_seed20310819_baseline,20310819,composite
5,two_opt,0.8880453688256637,706.8836322800815,698.8182612676679,0.011409757765077157,True,4,True,0.003280459000961855,0.041487332000542665,"{'instance': 'synthetic_evrptw_n50_seed20310819_baseline', 'scale': 50, 'seed': 20310819, 'source': 'composite'}",,baseline,E_adaptive_portfolio,synthetic_evrptw_n50_seed20310819_baseline,20310819,composite
6,swap,0.7020092279718966,698.8182612676679,697.5701360699,0.001786051205221613,True,2,True,0.006473583998740651,0.047960915999283316,"{'instance': 'synthetic_evrptw_n50_seed20310819_baseline', 'scale': 50, 'seed': 20310819, 'source': 'composite'}",,baseline,E_adaptive_portfolio,synthetic_evrptw_n50_seed20310819_baseline,20310819,composite
7,relocate,0.7133640991763505,697.5701360699,694.018326285283,0.005091688420934655,True,4,True,0.012695499997789739,0.060656415997073054,"{'instance': 'synthetic_evrptw_n50_seed20310819_baseline', 'scale': 50, 'seed': 20310819, 'source': 'composite'}",,baseline,E_adaptive_portfolio,synthetic_evrptw_n50_seed20310819_baseline,20310819,composite
8,two_opt,0.7194717720007048,694.018326285283,682.5609576953501,0.016508740700347514,True,1,True,0.002304499997990206,0.06296091599506326,"{'instance': 'synthetic_evrptw_n50_seed20310819_baseline', 'scale': 50, 'seed': 20310819, 'source': 'composite'}",,baseline,E_adaptive_portfolio,synthetic_evrptw_n50_seed20310819_baseline,20310819,composite
9,swap,0.6259631436003154,682.5609576953501,680.9811967796209,0.0023144612915794007,True,1,True,0.006560709000041243,0.0695216249951045,"{'instance': 'synthetic_evrptw_n50_seed20310819_baseline', 'scale': 50, 'seed': 20310819, 'source': 'composite'}",,baseline,E_adaptive_portfolio,synthetic_evrptw_n50_seed20310819_baseline,20310819,composite
10,relocate,0.630221238204812,680.9811967796209,675.7123091849527,0.007737199822234283,True,7,True,0.025534415999572957,0.09505604099467746,"{'instance': 'synthetic_evrptw_n50_seed20310819_baseline', 'scale': 50, 'seed': 20310819, 'source': 'composite'}",,baseline,E_adaptive_portfolio,synthetic_evrptw_n50_seed20310819_baseline,20310819,composite
11,two_opt,0.6351306047083196,675.7123091849527,675.4810243897014,0.00034228293921462433,True,1,True,0.004916917001537513,0.09997295799621497,"{'instance': 'synthetic_evrptw_n50_seed20310819_baseline', 'scale': 50, 'seed': 20310819, 'source': 'composite'}",budget,baseline,E_adaptive_portfolio,synthetic_evrptw_n50_seed20310819_baseline,20310819,composite
0,two_opt,,659.2165600370977,659.2165600370977,0.0,False,0,True,0.0026730000026873313,0.0026730000026873313,"{'instance': 'synthetic_evrptw_n50_seed20310820_baseline', 'scale': 50, 'seed': 20310820, 'source': 'nearest'}",,baseline,E_adaptive_portfolio,synthetic_evrptw_n50_seed20310820_baseline,20310820,nearest
1,relocate,,659.2165600370977,651.00256653853,0.012460235371067482,True,5,True,0.013179749999835622,0.015852750002522953,"{'instance': 'synthetic_evrptw_n50_seed20310820_baseline', 'scale': 50, 'seed': 20310820, 'source': 'nearest'}",,baseline,E_adaptive_portfolio,synthetic_evrptw_n50_seed20310820_baseline,20310820,nearest
2,swap,,651.00256653853,644.2196216192325,0.010419229151988379,True,1,True,0.0061641669999517035,0.022016917002474656,"{'instance': 'synthetic_evrptw_n50_seed20310820_baseline', 'scale': 50, 'seed': 20310820, 'source': 'nearest'}",,baseline,E_adaptive_portfolio,synthetic_evrptw_n50_seed20310820_baseline,20310820,nearest
3,relocate,0.7461631871488109,644.2196216192325,632.5336803009948,0.018139685483135947,True,2,True,0.01256979200115893,0.03458670900363359,"{'instance': 'synthetic_evrptw_n50_seed20310820_baseline', 'scale': 50, 'seed': 20310820, 'source': 'nearest'}",,baseline,E_adaptive_portfolio,synthetic_evrptw_n50_seed20310820_baseline,20310820,nearest
4,swap,0.8346062449128205,632.5336803009948,632.5336803009948,0.0,False,0,True,0.005995958003040869,0.040582667006674455,"{'instance': 'synthetic_evrptw_n50_seed20310820_baseline', 'scale': 50, 'seed': 20310820, 'source': 'nearest'}",,baseline,E_adaptive_portfolio,synthetic_evrptw_n50_seed20310820_baseline,20310820,nearest
5,two_opt,0.8880453688256637,632.5336803009948,629.9846880253568,0.0040298127277981315,True,1,True,0.002831833997333888,0.04341450100400834,"{'instance': 'synthetic_evrptw_n50_seed20310820_baseline', 'scale': 50, 'seed': 20310820, 'source': 'nearest'}",,baseline,E_adaptive_portfolio,synthetic_evrptw_n50_seed20310820_baseline,20310820,nearest
6,relocate,0.6778564259157975,629.9846880253568,629.0909288325271,0.0014186998665494139,True,1,True,0.013446000000840286,0.05686050100484863,"{'instance': 'synthetic_evrptw_n50_seed20310820_baseline', 'scale': 50, 'seed': 20310820, 'source': 'nearest'}",,baseline,E_adaptive_portfolio,synthetic_evrptw_n50_seed20310820_baseline,20310820,nearest
7,swap,0.6956790103630571,629.0909288325271,629.0909288325271,0.0,False,0,True,0.005916958001762396,0.06277745900661102,"{'instance': 'synthetic_evrptw_n50_seed20310820_baseline', 'scale': 50, 'seed': 20310820, 'source': 'nearest'}",,baseline,E_adaptive_portfolio,synthetic_evrptw_n50_seed20310820_baseline,20310820,nearest
8,two_opt,0.7157817994820653,629.0909288325271,629.0909288325271,0.0,False,0,True,0.002743749999353895,0.06552120900596492,"{'instance': 'synthetic_evrptw_n50_seed20310820_baseline', 'scale': 50, 'seed': 20310820, 'source': 'nearest'}",,baseline,E_adaptive_portfolio,synthetic_evrptw_n50_seed20310820_baseline,20310820,nearest
9,relocate,0.609738825116692,629.0909288325271,627.0621041464367,0.00322501023795638,True,1,True,0.013246250000520376,0.0787674590064853,"{'instance': 'synthetic_evrptw_n50_seed20310820_baseline', 'scale': 50, 'seed': 20310820, 'source': 'nearest'}",,baseline,E_adaptive_portfolio,synthetic_evrptw_n50_seed20310820_baseline,20310820,nearest
10,swap,0.6167339495223049,627.0621041464367,627.0621041464367,0.0,False,0,True,0.005880332999367965,0.08464779200585326,"{'instance': 'synthetic_evrptw_n50_seed20310820_baseline', 'scale': 50, 'seed': 20310820, 'source': 'nearest'}",,baseline,E_adaptive_portfolio,synthetic_evrptw_n50_seed20310820_baseline,20310820,nearest
11,two_opt,0.627167709462444,627.0621041464367,627.0621041464367,0.0,False,0,True,0.002703250000195112,0.08735104200604837,"{'instance': 'synthetic_evrptw_n50_seed20310820_baseline', 'scale': 50, 'seed': 20310820, 'source': 'nearest'}",budget,baseline,E_adaptive_portfolio,synthetic_evrptw_n50_seed20310820_baseline,20310820,nearest
0,two_opt,,811.4003283795544,811.4003283795544,0.0,False,0,True,0.002067583001917228,0.002067583001917228,"{'instance': 'synthetic_evrptw_n50_seed20310820_baseline', 'scale': 50, 'seed': 20310820, 'source': 'composite'}",,baseline,E_adaptive_portfolio,synthetic_evrptw_n50_seed20310820_baseline,20310820,composite
1,relocate,,811.4003283795544,766.2890655907547,0.05559680124716149,True,11,True,0.011540874998900108,0.013608458000817336,"{'instance': 'synthetic_evrptw_n50_seed20310820_baseline', 'scale': 50, 'seed': 20310820, 'source': 'composite'}",,baseline,E_adaptive_portfolio,synthetic_evrptw_n50_seed20310820_baseline,20310820,composite
2,swap,,766.2890655907547,744.1387956716679,0.02890589323757411,True,5,True,0.006809541999245994,0.02041800000006333,"{'instance': 'synthetic_evrptw_n50_seed20310820_baseline', 'scale': 50, 'seed': 20310820, 'source': 'composite'}",,baseline,E_adaptive_portfolio,synthetic_evrptw_n50_seed20310820_baseline,20310820,composite
3,relocate,0.789299753024905,744.1387956716679,732.7682657066392,0.015280119825986954,True,7,True,0.010881999998673564,0.031299999998736894,"{'instance': 'synthetic_evrptw_n50_seed20310820_baseline', 'scale': 50, 'seed': 20310820, 'source': 'composite'}",,baseline,E_adaptive_portfolio,synthetic_evrptw_n50_seed20310820_baseline,20310820,composite
4,swap,0.8530929089984063,732.7682657066392,728.3369293495555,0.0060473911937363,True,1,True,0.007432875001541106,0.038732875000278,"{'instance': 'synthetic_evrptw_n50_seed20310820_baseline', 'scale': 50, 'seed': 20310820, 'source': 'composite'}",,baseline,E_adaptive_portfolio,synthetic_evrptw_n50_seed20310820_baseline,20310820,composite
5,two_opt,0.8880453688256637,728.3369293495555,721.4375210527741,0.009472825032973357,True,4,True,0.0024609579995740205,0.04119383299985202,"{'instance': 'synthetic_evrptw_n50_seed20310820_baseline', 'scale': 50, 'seed': 20310820, 'source': 'composite'}",,baseline,E_adaptive_portfolio,synthetic_evrptw_n50_seed20310820_baseline,20310820,composite
6,relocate,0.69799492602527,721.4375210527741,702.4195532914472,0.026361212449242274,True,4,True,0.012189249999210006,0.053383082999062026,"{'instance': 'synthetic_evrptw_n50_seed20310820_baseline', 'scale': 50, 'seed': 20310820, 'source': 'composite'}",,baseline,E_adaptive_portfolio,synthetic_evrptw_n50_seed20310820_baseline,20310820,composite
7,swap,0.7079460380027182,702.4195532914472,690.8589127770144,0.016458312500358344,True,2,True,0.007206499998574145,0.06058958299763617,"{'instance': 'synthetic_evrptw_n50_seed20310820_baseline', 'scale': 50, 'seed': 20310820, 'source': 'composite'}",,baseline,E_adaptive_portfolio,synthetic_evrptw_n50_seed20310820_baseline,20310820,composite
8,two_opt,0.7185033056346529,690.8589127770144,690.437828521854,0.0006095083198214542,True,2,True,0.0020472910000535194,0.06263687399768969,"{'instance': 'synthetic_evrptw_n50_seed20310820_baseline', 'scale': 50, 'seed': 20310820, 'source': 'composite'}",,baseline,E_adaptive_portfolio,synthetic_evrptw_n50_seed20310820_baseline,20310820,composite
9,relocate,0.631478662717238,690.437828521854,681.3042125866516,0.013228730463329967,True,2,True,0.011865832999319537,0.07450270699700923,"{'instance': 'synthetic_evrptw_n50_seed20310820_baseline', 'scale': 50, 'seed': 20310820, 'source': 'composite'}",,baseline,E_adaptive_portfolio,synthetic_evrptw_n50_seed20310820_baseline,20310820,composite
10,swap,0.6303980721155317,681.3042125866516,676.3086960506923,0.007332284820305458,True,1,True,0.00749862500015297,0.0820013319971622,"{'instance': 'synthetic_evrptw_n50_seed20310820_baseline', 'scale': 50, 'seed': 20310820, 'source': 'composite'}",,baseline,E_adaptive_portfolio,synthetic_evrptw_n50_seed20310820_baseline,20310820,composite
11,two_opt,0.629185216337443,676.3086960506923,676.3086960506923,0.0,False,0,True,0.0015529580014117528,0.08355428999857395,"{'instance': 'synthetic_evrptw_n50_seed20310820_baseline', 'scale': 50, 'seed': 20310820, 'source': 'composite'}",budget,baseline,E_adaptive_portfolio,synthetic_evrptw_n50_seed20310820_baseline,20310820,composite
0,two_opt,,757.8741359727467,757.8741359727467,0.0,False,0,True,0.0029934169979242142,0.0029934169979242142,"{'instance': 'synthetic_evrptw_n50_seed20310821_baseline', 'scale': 50, 'seed': 20310821, 'source': 'nearest'}",,baseline,E_adaptive_portfolio,synthetic_evrptw_n50_seed20310821_baseline,20310821,nearest
1,relocate,,757.8741359727467,714.7972419071647,0.056839113542635857,True,9,True,0.01309137499993085,0.016084791997855064,"{'instance': 'synthetic_evrptw_n50_seed20310821_baseline', 'scale': 50, 'seed': 20310821, 'source': 'nearest'}",,baseline,E_adaptive_portfolio,synthetic_evrptw_n50_seed20310821_baseline,20310821,nearest
2,swap,,714.7972419071647,713.8427825047143,0.0013352869128367268,True,1,True,0.006614458001422463,0.022699249999277527,"{'instance': 'synthetic_evrptw_n50_seed20310821_baseline', 'scale': 50, 'seed': 20310821, 'source': 'nearest'}",,baseline,E_adaptive_portfolio,synthetic_evrptw_n50_seed20310821_baseline,20310821,nearest
3,relocate,0.7905420653203793,713.8427825047143,700.9260468234694,0.01809465052784162,True,4,True,0.013021499999013031,0.03572074999829056,"{'instance': 'synthetic_evrptw_n50_seed20310821_baseline', 'scale': 50, 'seed': 20310821, 'source': 'nearest'}",,baseline,E_adaptive_portfolio,synthetic_evrptw_n50_seed20310821_baseline,20310821,nearest
4,swap,0.8255223026736689,700.9260468234694,700.9260468234694,0.0,False,0,True,0.00695679199998267,0.04267754199827323,"{'instance': 'synthetic_evrptw_n50_seed20310821_baseline', 'scale': 50, 'seed': 20310821, 'source': 'nearest'}",,baseline,E_adaptive_portfolio,synthetic_evrptw_n50_seed20310821_baseline,20310821,nearest
5,two_opt,0.8880453688256637,700.9260468234694,697.933081542709,0.004270015780301209,True,4,True,0.005001374996936647,0.047678916995209875,"{'instance': 'synthetic_evrptw_n50_seed20310821_baseline', 'scale': 50, 'seed': 20310821, 'source': 'nearest'}",,baseline,E_adaptive_portfolio,synthetic_evrptw_n50_seed20310821_baseline,20310821,nearest
6,relocate,0.7000233475239346,697.933081542709,694.6905076528327,0.0046459667490025705,True,3,True,0.012361582997982623,0.0600404999931925,"{'instance': 'synthetic_evrptw_n50_seed20310821_baseline', 'scale': 50, 'seed': 20310821, 'source': 'nearest'}",,baseline,E_adaptive_portfolio,synthetic_evrptw_n50_seed20310821_baseline,20310821,nearest
7,two_opt,0.6926044036772135,694.6905076528327,677.9203679596612,0.024140447448797224,True,10,True,0.005859917000634596,0.0659004169938271,"{'instance': 'synthetic_evrptw_n50_seed20310821_baseline', 'scale': 50, 'seed': 20310821, 'source': 'nearest'}",,baseline,E_adaptive_portfolio,synthetic_evrptw_n50_seed20310821_baseline,20310821,nearest
8,swap,0.7144345365745846,677.9203679596612,677.9203679596612,0.0,False,0,True,0.008038625001063338,0.07393904199489043,"{'instance': 'synthetic_evrptw_n50_seed20310821_baseline', 'scale': 50, 'seed': 20310821, 'source': 'nearest'}",,baseline,E_adaptive_portfolio,synthetic_evrptw_n50_seed20310821_baseline,20310821,nearest
9,relocate,0.6255925284829343,677.9203679596612,677.9203679596612,0.0,False,0,True,0.014793165999435587,0.08873220799432602,"{'instance': 'synthetic_evrptw_n50_seed20310821_baseline', 'scale': 50, 'seed': 20310821, 'source': 'nearest'}",,baseline,E_adaptive_portfolio,synthetic_evrptw_n50_seed20310821_baseline,20310821,nearest
10,two_opt,0.6227310275480082,677.9203679596612,677.9203679596612,0.0,False,0,True,0.0026288330009265337,0.09136104099525255,"{'instance': 'synthetic_evrptw_n50_seed20310821_baseline', 'scale': 50, 'seed': 20310821, 'source': 'nearest'}",,baseline,E_adaptive_portfolio,synthetic_evrptw_n50_seed20310821_baseline,20310821,nearest
11,swap,0.6262695341907902,677.9203679596612,677.9203679596612,0.0,False,0,True,0.008325042002979899,0.09968608299823245,"{'instance': 'synthetic_evrptw_n50_seed20310821_baseline', 'scale': 50, 'seed': 20310821, 'source': 'nearest'}",patience,baseline,E_adaptive_portfolio,synthetic_evrptw_n50_seed20310821_baseline,20310821,nearest
0,two_opt,,841.5983191886056,841.5983191886056,0.0,False,0,True,0.002310249998117797,0.002310249998117797,"{'instance': 'synthetic_evrptw_n50_seed20310821_baseline', 'scale': 50, 'seed': 20310821, 'source': 'composite'}",,baseline,E_adaptive_portfolio,synthetic_evrptw_n50_seed20310821_baseline,20310821,composite
1,relocate,,841.5983191886056,777.9252780327994,0.07565728175074557,True,11,True,0.012573874999361578,0.014884124997479375,"{'instance': 'synthetic_evrptw_n50_seed20310821_baseline', 'scale': 50, 'seed': 20310821, 'source': 'composite'}",,baseline,E_adaptive_portfolio,synthetic_evrptw_n50_seed20310821_baseline,20310821,composite
2,swap,,777.9252780327994,748.0038583709958,0.038463102442779916,True,6,True,0.006341709002299467,0.021225833999778843,"{'instance': 'synthetic_evrptw_n50_seed20310821_baseline', 'scale': 50, 'seed': 20310821, 'source': 'composite'}",,baseline,E_adaptive_portfolio,synthetic_evrptw_n50_seed20310821_baseline,20310821,composite
3,relocate,0.8093602335284891,748.0038583709958,719.3767287477762,0.03827136625413114,True,5,True,0.013679416002560174,0.03490525000233902,"{'instance': 'synthetic_evrptw_n50_seed20310821_baseline', 'scale': 50, 'seed': 20310821, 'source': 'composite'}",,baseline,E_adaptive_portfolio,synthetic_evrptw_n50_seed20310821_baseline,20310821,composite
4,swap,0.8626501182036121,719.3767287477762,717.1617371841187,0.0030790425588455078,True,2,True,0.007341291999182431,0.04224654200152145,"{'instance': 'synthetic_evrptw_n50_seed20310821_baseline', 'scale': 50, 'seed': 20310821, 'source': 'composite'}",,baseline,E_adaptive_portfolio,synthetic_evrptw_n50_seed20310821_baseline,20310821,composite
5,two_opt,0.8880453688256637,717.1617371841187,713.7400003882041,0.00477122051902799,True,2,True,0.0031845839985180646,0.04543112600003951,"{'instance': 'synthetic_evrptw_n50_seed20310821_baseline', 'scale': 50, 'seed': 20310821, 'source': 'composite'}",,baseline,E_adaptive_portfolio,synthetic_evrptw_n50_seed20310821_baseline,20310821,composite
6,relocate,0.7195207894911342,713.7400003882041,679.9661396026236,0.04731955721580807,True,5,True,0.013336500000150409,0.05876762600018992,"{'instance': 'synthetic_evrptw_n50_seed20310821_baseline', 'scale': 50, 'seed': 20310821, 'source': 'composite'}",,baseline,E_adaptive_portfolio,synthetic_evrptw_n50_seed20310821_baseline,20310821,composite
7,swap,0.7112404682878756,679.9661396026236,679.9661396026236,0.0,False,0,True,0.006789666000258876,0.0655572920004488,"{'instance': 'synthetic_evrptw_n50_seed20310821_baseline', 'scale': 50, 'seed': 20310821, 'source': 'composite'}",,baseline,E_adaptive_portfolio,synthetic_evrptw_n50_seed20310821_baseline,20310821,composite
8,two_opt,0.7161525033776802,679.9661396026236,679.9661396026236,0.0,False,0,True,0.00224016599895549,0.06779745799940429,"{'instance': 'synthetic_evrptw_n50_seed20310821_baseline', 'scale': 50, 'seed': 20310821, 'source': 'composite'}",,baseline,E_adaptive_portfolio,synthetic_evrptw_n50_seed20310821_baseline,20310821,composite
9,relocate,0.652815353283336,679.9661396026236,666.195029288793,0.020252641288694945,True,2,True,0.014280792001954978,0.08207825000135927,"{'instance': 'synthetic_evrptw_n50_seed20310821_baseline', 'scale': 50, 'seed': 20310821, 'source': 'composite'}",,baseline,E_adaptive_portfolio,synthetic_evrptw_n50_seed20310821_baseline,20310821,composite
10,swap,0.6271082548055172,666.195029288793,665.4639675885459,0.0010973688906498638,True,1,True,0.0076222919997235294,0.0897005420010828,"{'instance': 'synthetic_evrptw_n50_seed20310821_baseline', 'scale': 50, 'seed': 20310821, 'source': 'composite'}",,baseline,E_adaptive_portfolio,synthetic_evrptw_n50_seed20310821_baseline,20310821,composite
11,two_opt,0.6274148453928541,665.4639675885459,665.4639675885459,0.0,False,0,True,0.00226854100037599,0.09196908300145878,"{'instance': 'synthetic_evrptw_n50_seed20310821_baseline', 'scale': 50, 'seed': 20310821, 'source': 'composite'}",budget,baseline,E_adaptive_portfolio,synthetic_evrptw_n50_seed20310821_baseline,20310821,composite
0,two_opt,,655.6263115465553,655.6263115465553,0.0,False,0,True,0.003250000001571607,0.003250000001571607,"{'instance': 'synthetic_evrptw_n50_seed20310822_baseline', 'scale': 50, 'seed': 20310822, 'source': 'nearest'}",,baseline,E_adaptive_portfolio,synthetic_evrptw_n50_seed20310822_baseline,20310822,nearest
1,relocate,,655.6263115465553,630.2942969160457,0.03863788591820533,True,7,True,0.012764541999786161,0.016014542001357768,"{'instance': 'synthetic_evrptw_n50_seed20310822_baseline', 'scale': 50, 'seed': 20310822, 'source': 'nearest'}",,baseline,E_adaptive_portfolio,synthetic_evrptw_n50_seed20310822_baseline,20310822,nearest
2,swap,,630.2942969160457,630.2942969160457,0.0,False,0,True,0.006777249996957835,0.022791791998315603,"{'instance': 'synthetic_evrptw_n50_seed20310822_baseline', 'scale': 50, 'seed': 20310822, 'source': 'nearest'}",,baseline,E_adaptive_portfolio,synthetic_evrptw_n50_seed20310822_baseline,20310822,nearest
3,relocate,0.7723408376959489,630.2942969160457,612.0941332717641,0.028875659724882173,True,4,True,0.012931792000017595,0.0357235839983332,"{'instance': 'synthetic_evrptw_n50_seed20310822_baseline', 'scale': 50, 'seed': 20310822, 'source': 'nearest'}",,baseline,E_adaptive_portfolio,synthetic_evrptw_n50_seed20310822_baseline,20310822,nearest
4,two_opt,0.8241870157608322,612.0941332717641,612.0941332717641,0.0,False,0,True,0.0027249170016148128,0.03844850099994801,"{'instance': 'synthetic_evrptw_n50_seed20310822_baseline', 'scale': 50, 'seed': 20310822, 'source': 'nearest'}",,baseline,E_adaptive_portfolio,synthetic_evrptw_n50_seed20310822_baseline,20310822,nearest
5,swap,0.8880453688256637,612.0941332717641,612.0941332717641,0.0,False,0,True,0.007453500002156943,0.04590200100210495,"{'instance': 'synthetic_evrptw_n50_seed20310822_baseline', 'scale': 50, 'seed': 20310822, 'source': 'nearest'}",,baseline,E_adaptive_portfolio,synthetic_evrptw_n50_seed20310822_baseline,20310822,nearest
6,relocate,0.6963132383102396,612.0941332717641,604.5025527214692,0.012402635701989836,True,3,True,0.012878083001851337,0.05878008400395629,"{'instance': 'synthetic_evrptw_n50_seed20310822_baseline', 'scale': 50, 'seed': 20310822, 'source': 'nearest'}",,baseline,E_adaptive_portfolio,synthetic_evrptw_n50_seed20310822_baseline,20310822,nearest
7,two_opt,0.6904693957870629,604.5025527214692,604.5025527214692,0.0,False,0,True,0.0024624159996164963,0.061242500003572786,"{'instance': 'synthetic_evrptw_n50_seed20310822_baseline', 'scale': 50, 'seed': 20310822, 'source': 'nearest'}",,baseline,E_adaptive_portfolio,synthetic_evrptw_n50_seed20310822_baseline,20310822,nearest
8,swap,0.7137668931181662,604.5025527214692,604.5025527214692,0.0,False,0,True,0.007064499997795792,0.06830700000136858,"{'instance': 'synthetic_evrptw_n50_seed20310822_baseline', 'scale': 50, 'seed': 20310822, 'source': 'nearest'}",,baseline,E_adaptive_portfolio,synthetic_evrptw_n50_seed20310822_baseline,20310822,nearest
9,relocate,0.6257046786581335,604.5025527214692,603.3858188940249,0.0018473599861850546,True,1,True,0.013039875000686152,0.08134687500205473,"{'instance': 'synthetic_evrptw_n50_seed20310822_baseline', 'scale': 50, 'seed': 20310822, 'source': 'nearest'}",,baseline,E_adaptive_portfolio,synthetic_evrptw_n50_seed20310822_baseline,20310822,nearest
10,two_opt,0.6132608731383088,603.3858188940249,603.3858188940249,0.0,False,0,True,0.0025471250010014046,0.08389400000305614,"{'instance': 'synthetic_evrptw_n50_seed20310822_baseline', 'scale': 50, 'seed': 20310822, 'source': 'nearest'}",,baseline,E_adaptive_portfolio,synthetic_evrptw_n50_seed20310822_baseline,20310822,nearest
11,swap,0.625824438553178,603.3858188940249,603.3858188940249,0.0,False,0,True,0.00719704099901719,0.09109104100207333,"{'instance': 'synthetic_evrptw_n50_seed20310822_baseline', 'scale': 50, 'seed': 20310822, 'source': 'nearest'}",budget,baseline,E_adaptive_portfolio,synthetic_evrptw_n50_seed20310822_baseline,20310822,nearest
0,two_opt,,700.1736284168419,700.1736284168419,0.0,False,0,True,0.00208970799940289,0.00208970799940289,"{'instance': 'synthetic_evrptw_n50_seed20310822_baseline', 'scale': 50, 'seed': 20310822, 'source': 'composite'}",,baseline,E_adaptive_portfolio,synthetic_evrptw_n50_seed20310822_baseline,20310822,composite
1,relocate,,700.1736284168419,675.3651509517825,0.03543189354496776,True,7,True,0.01151449999815668,0.01360420799755957,"{'instance': 'synthetic_evrptw_n50_seed20310822_baseline', 'scale': 50, 'seed': 20310822, 'source': 'composite'}",,baseline,E_adaptive_portfolio,synthetic_evrptw_n50_seed20310822_baseline,20310822,composite
2,swap,,675.3651509517825,673.9613079958384,0.002078642870402348,True,2,True,0.0059866670017072465,0.019590874999266816,"{'instance': 'synthetic_evrptw_n50_seed20310822_baseline', 'scale': 50, 'seed': 20310822, 'source': 'composite'}",,baseline,E_adaptive_portfolio,synthetic_evrptw_n50_seed20310822_baseline,20310822,composite
3,relocate,0.7691348453227113,673.9613079958384,654.3234762794398,0.029137921544481152,True,4,True,0.012881540998932905,0.03247241599819972,"{'instance': 'synthetic_evrptw_n50_seed20310822_baseline', 'scale': 50, 'seed': 20310822, 'source': 'composite'}",,baseline,E_adaptive_portfolio,synthetic_evrptw_n50_seed20310822_baseline,20310822,composite
4,swap,0.8262656586312346,654.3234762794398,654.3234762794398,0.0,False,0,True,0.0061546660035673995,0.03862708200176712,"{'instance': 'synthetic_evrptw_n50_seed20310822_baseline', 'scale': 50, 'seed': 20310822, 'source': 'composite'}",,baseline,E_adaptive_portfolio,synthetic_evrptw_n50_seed20310822_baseline,20310822,composite
5,two_opt,0.8880453688256637,654.3234762794398,651.440813776471,0.004405561786289406,True,5,True,0.004304333000618499,0.04293141500238562,"{'instance': 'synthetic_evrptw_n50_seed20310822_baseline', 'scale': 50, 'seed': 20310822, 'source': 'composite'}",,baseline,E_adaptive_portfolio,synthetic_evrptw_n50_seed20310822_baseline,20310822,composite
6,relocate,0.6948413730334203,651.440813776471,649.9086032092338,0.002352033423197529,True,1,True,0.014072291000047699,0.05700370600243332,"{'instance': 'synthetic_evrptw_n50_seed20310822_baseline', 'scale': 50, 'seed': 20310822, 'source': 'composite'}",,baseline,E_adaptive_portfolio,synthetic_evrptw_n50_seed20310822_baseline,20310822,composite
7,two_opt,0.6926721766802076,649.9086032092338,649.9086032092338,0.0,False,0,True,0.0022466669979621656,0.059250373000395484,"{'instance': 'synthetic_evrptw_n50_seed20310822_baseline', 'scale': 50, 'seed': 20310822, 'source': 'composite'}",,baseline,E_adaptive_portfolio,synthetic_evrptw_n50_seed20310822_baseline,20310822,composite
8,swap,0.7148062145533673,649.9086032092338,649.6740661613971,0.00036087697051321725,True,1,True,0.006827458000771003,0.06607783100116649,"{'instance': 'synthetic_evrptw_n50_seed20310822_baseline', 'scale': 50, 'seed': 20310822, 'source': 'composite'}",,baseline,E_adaptive_portfolio,synthetic_evrptw_n50_seed20310822_baseline,20310822,composite
9,relocate,0.6213732343806565,649.6740661613971,649.6238778592692,7.725150924443286e-05,True,1,True,0.014161040999169927,0.08023887200033641,"{'instance': 'synthetic_evrptw_n50_seed20310822_baseline', 'scale': 50, 'seed': 20310822, 'source': 'composite'}",,baseline,E_adaptive_portfolio,synthetic_evrptw_n50_seed20310822_baseline,20310822,composite
10,two_opt,0.6147293937337386,649.6238778592692,649.6238778592692,0.0,False,0,True,0.002390541001659585,0.082629413001996,"{'instance': 'synthetic_evrptw_n50_seed20310822_baseline', 'scale': 50, 'seed': 20310822, 'source': 'composite'}",,baseline,E_adaptive_portfolio,synthetic_evrptw_n50_seed20310822_baseline,20310822,composite
11,swap,0.6266376118334832,649.6238778592692,649.6238778592692,0.0,False,0,True,0.006852041999081848,0.08948145500107785,"{'instance': 'synthetic_evrptw_n50_seed20310822_baseline', 'scale': 50, 'seed': 20310822, 'source': 'composite'}",budget,baseline,E_adaptive_portfolio,synthetic_evrptw_n50_seed20310822_baseline,20310822,composite
0,two_opt,,693.7283643898458,693.7283643898458,0.0,False,0,True,0.002926125001977198,0.002926125001977198,"{'instance': 'synthetic_evrptw_n50_seed20310823_baseline', 'scale': 50, 'seed': 20310823, 'source': 'nearest'}",,baseline,E_adaptive_portfolio,synthetic_evrptw_n50_seed20310823_baseline,20310823,nearest
1,relocate,,693.7283643898458,685.6382753495966,0.011661753296428382,True,2,True,0.012837958998716203,0.0157640840006934,"{'instance': 'synthetic_evrptw_n50_seed20310823_baseline', 'scale': 50, 'seed': 20310823, 'source': 'nearest'}",,baseline,E_adaptive_portfolio,synthetic_evrptw_n50_seed20310823_baseline,20310823,nearest
2,swap,,685.6382753495966,685.6382753495966,0.0,False,0,True,0.00572949999695993,0.02149358399765333,"{'instance': 'synthetic_evrptw_n50_seed20310823_baseline', 'scale': 50, 'seed': 20310823, 'source': 'nearest'}",,baseline,E_adaptive_portfolio,synthetic_evrptw_n50_seed20310823_baseline,20310823,nearest
3,relocate,0.7453647050741719,685.6382753495966,683.7952835774973,0.0026879942943085254,True,1,True,0.013118458999088034,0.034612042996741366,"{'instance': 'synthetic_evrptw_n50_seed20310823_baseline', 'scale': 50, 'seed': 20310823, 'source': 'nearest'}",,baseline,E_adaptive_portfolio,synthetic_evrptw_n50_seed20310823_baseline,20310823,nearest
4,two_opt,0.8241870157608322,683.7952835774973,683.7952835774973,0.0,False,0,True,0.0027065000031143427,0.03731854299985571,"{'instance': 'synthetic_evrptw_n50_seed20310823_baseline', 'scale': 50, 'seed': 20310823, 'source': 'nearest'}",,baseline,E_adaptive_portfolio,synthetic_evrptw_n50_seed20310823_baseline,20310823,nearest
5,swap,0.8880453688256637,683.7952835774973,683.7952835774973,0.0,False,0,True,0.00596354200024507,0.04328208500010078,"{'instance': 'synthetic_evrptw_n50_seed20310823_baseline', 'scale': 50, 'seed': 20310823, 'source': 'nearest'}",,baseline,E_adaptive_portfolio,synthetic_evrptw_n50_seed20310823_baseline,20310823,nearest
6,relocate,0.6697313392840643,683.7952835774973,683.7952835774973,0.0,False,0,True,0.013487165997503325,0.056769250997604104,"{'instance': 'synthetic_evrptw_n50_seed20310823_baseline', 'scale': 50, 'seed': 20310823, 'source': 'nearest'}",,baseline,E_adaptive_portfolio,synthetic_evrptw_n50_seed20310823_baseline,20310823,nearest
7,two_opt,0.6904693957870629,683.7952835774973,683.7952835774973,0.0,False,0,True,0.00279404200045974,0.059563292998063844,"{'instance': 'synthetic_evrptw_n50_seed20310823_baseline', 'scale': 50, 'seed': 20310823, 'source': 'nearest'}",patience,baseline,E_adaptive_portfolio,synthetic_evrptw_n50_seed20310823_baseline,20310823,nearest
0,two_opt,,857.104606605783,857.104606605783,0.0,False,0,True,0.00240283400125918,0.00240283400125918,"{'instance': 'synthetic_evrptw_n50_seed20310823_baseline', 'scale': 50, 'seed': 20310823, 'source': 'composite'}",,baseline,E_adaptive_portfolio,synthetic_evrptw_n50_seed20310823_baseline,20310823,composite
1,relocate,,857.104606605783,815.5132251231572,0.048525443874735084,True,7,True,0.012333582999417558,0.014736417000676738,"{'instance': 'synthetic_evrptw_n50_seed20310823_baseline', 'scale': 50, 'seed': 20310823, 'source': 'composite'}",,baseline,E_adaptive_portfolio,synthetic_evrptw_n50_seed20310823_baseline,20310823,composite
2,swap,,815.5132251231572,813.5588890587354,0.002396449259454567,True,2,True,0.0054800409998279065,0.020216458000504645,"{'instance': 'synthetic_evrptw_n50_seed20310823_baseline', 'scale': 50, 'seed': 20310823, 'source': 'composite'}",,baseline,E_adaptive_portfolio,synthetic_evrptw_n50_seed20310823_baseline,20310823,composite
3,relocate,0.7822283956524786,813.5588890587354,792.9612169188091,0.02531798547952348,True,5,True,0.012854625001637032,0.03307108300214168,"{'instance': 'synthetic_evrptw_n50_seed20310823_baseline', 'scale': 50, 'seed': 20310823, 'source': 'composite'}",,baseline,E_adaptive_portfolio,synthetic_evrptw_n50_seed20310823_baseline,20310823,composite
4,swap,0.8265834650202868,792.9612169188091,792.9612169188091,0.0,False,0,True,0.00579137500244542,0.0388624580045871,"{'instance': 'synthetic_evrptw_n50_seed20310823_baseline', 'scale': 50, 'seed': 20310823, 'source': 'composite'}",,baseline,E_adaptive_portfolio,synthetic_evrptw_n50_seed20310823_baseline,20310823,composite
5,two_opt,0.8880453688256637,792.9612169188091,792.9612169188091,0.0,False,0,True,0.0019116670009680092,0.040774125005555106,"{'instance': 'synthetic_evrptw_n50_seed20310823_baseline', 'scale': 50, 'seed': 20310823, 'source': 'composite'}",,baseline,E_adaptive_portfolio,synthetic_evrptw_n50_seed20310823_baseline,20310823,composite
6,relocate,0.6994781801658251,792.9612169188091,792.3380371179093,0.0007858893822339876,True,2,True,0.012638541997148423,0.05341266700270353,"{'instance': 'synthetic_evrptw_n50_seed20310823_baseline', 'scale': 50, 'seed': 20310823, 'source': 'composite'}",,baseline,E_adaptive_portfolio,synthetic_evrptw_n50_seed20310823_baseline,20310823,composite
7,swap,0.6916676204167902,792.3380371179093,792.3380371179093,0.0,False,0,True,0.00582554200082086,0.05923820900352439,"{'instance': 'synthetic_evrptw_n50_seed20310823_baseline', 'scale': 50, 'seed': 20310823, 'source': 'composite'}",,baseline,E_adaptive_portfolio,synthetic_evrptw_n50_seed20310823_baseline,20310823,composite
8,two_opt,0.7137668931181662,792.3380371179093,792.3380371179093,0.0,False,0,True,0.0018276250011695083,0.0610658340046939,"{'instance': 'synthetic_evrptw_n50_seed20310823_baseline', 'scale': 50, 'seed': 20310823, 'source': 'composite'}",,baseline,E_adaptive_portfolio,synthetic_evrptw_n50_seed20310823_baseline,20310823,composite
9,relocate,0.6239423911219386,792.3380371179093,791.6573115300885,0.00085913531337825,True,2,True,0.012447124998288928,0.07351295900298283,"{'instance': 'synthetic_evrptw_n50_seed20310823_baseline', 'scale': 50, 'seed': 20310823, 'source': 'composite'}",,baseline,E_adaptive_portfolio,synthetic_evrptw_n50_seed20310823_baseline,20310823,composite
10,swap,0.614059689558127,791.6573115300885,791.6573115300885,0.0,False,0,True,0.005651667001075111,0.07916462600405794,"{'instance': 'synthetic_evrptw_n50_seed20310823_baseline', 'scale': 50, 'seed': 20310823, 'source': 'composite'}",,baseline,E_adaptive_portfolio,synthetic_evrptw_n50_seed20310823_baseline,20310823,composite
11,two_opt,0.625824438553178,791.6573115300885,791.6573115300885,0.0,False,0,True,0.002090541998768458,0.0812551680028264,"{'instance': 'synthetic_evrptw_n50_seed20310823_baseline', 'scale': 50, 'seed': 20310823, 'source': 'composite'}",budget,baseline,E_adaptive_portfolio,synthetic_evrptw_n50_seed20310823_baseline,20310823,composite
0,two_opt,,640.0395972342549,640.0395972342549,0.0,False,0,True,0.003108958000666462,0.003108958000666462,"{'instance': 'synthetic_evrptw_n50_seed20310824_baseline', 'scale': 50, 'seed': 20310824, 'source': 'nearest'}",,baseline,E_adaptive_portfolio,synthetic_evrptw_n50_seed20310824_baseline,20310824,nearest
1,relocate,,640.0395972342549,637.6998641436337,0.0036556067792237277,True,2,True,0.012098708000849001,0.015207666001515463,"{'instance': 'synthetic_evrptw_n50_seed20310824_baseline', 'scale': 50, 'seed': 20310824, 'source': 'nearest'}",,baseline,E_adaptive_portfolio,synthetic_evrptw_n50_seed20310824_baseline,20310824,nearest
2,swap,,637.6998641436337,629.338273397474,0.013112109969457861,True,1,True,0.005754457997682039,0.0209621239991975,"{'instance': 'synthetic_evrptw_n50_seed20310824_baseline', 'scale': 50, 'seed': 20310824, 'source': 'nearest'}",,baseline,E_adaptive_portfolio,synthetic_evrptw_n50_seed20310824_baseline,20310824,nearest
3,swap,0.7468150617472014,629.338273397474,629.338273397474,0.0,False,0,True,0.005771957999968436,0.026734081999165937,"{'instance': 'synthetic_evrptw_n50_seed20310824_baseline', 'scale': 50, 'seed': 20310824, 'source': 'nearest'}",,baseline,E_adaptive_portfolio,synthetic_evrptw_n50_seed20310824_baseline,20310824,nearest
4,relocate,0.8278426225400559,629.338273397474,616.1719508286382,0.02092089918154456,True,1,True,0.012450082998839207,0.039184164998005144,"{'instance': 'synthetic_evrptw_n50_seed20310824_baseline', 'scale': 50, 'seed': 20310824, 'source': 'nearest'}",,baseline,E_adaptive_portfolio,synthetic_evrptw_n50_seed20310824_baseline,20310824,nearest
5,two_opt,0.8880453688256637,616.1719508286382,616.1719508286382,0.0,False,0,True,0.003135041999485111,0.042319206997490255,"{'instance': 'synthetic_evrptw_n50_seed20310824_baseline', 'scale': 50, 'seed': 20310824, 'source': 'nearest'}",,baseline,E_adaptive_portfolio,synthetic_evrptw_n50_seed20310824_baseline,20310824,nearest
6,relocate,0.67484471846908,616.1719508286382,612.8313467710901,0.005421545159683973,True,3,True,0.011879707999469247,0.0541989149969595,"{'instance': 'synthetic_evrptw_n50_seed20310824_baseline', 'scale': 50, 'seed': 20310824, 'source': 'nearest'}",,baseline,E_adaptive_portfolio,synthetic_evrptw_n50_seed20310824_baseline,20310824,nearest
7,swap,0.6970254507717918,612.8313467710901,612.8313467710901,0.0,False,0,True,0.005796292000013636,0.05999520699697314,"{'instance': 'synthetic_evrptw_n50_seed20310824_baseline', 'scale': 50, 'seed': 20310824, 'source': 'nearest'}",,baseline,E_adaptive_portfolio,synthetic_evrptw_n50_seed20310824_baseline,20310824,nearest
8,two_opt,0.7137668931181662,612.8313467710901,612.8313467710901,0.0,False,0,True,0.0032011670009524096,0.06319637399792555,"{'instance': 'synthetic_evrptw_n50_seed20310824_baseline', 'scale': 50, 'seed': 20310824, 'source': 'nearest'}",,baseline,E_adaptive_portfolio,synthetic_evrptw_n50_seed20310824_baseline,20310824,nearest
9,relocate,0.6090653019165918,612.8313467710901,612.8313467710901,0.0,False,0,True,0.01235929099857458,0.07555566499650013,"{'instance': 'synthetic_evrptw_n50_seed20310824_baseline', 'scale': 50, 'seed': 20310824, 'source': 'nearest'}",,baseline,E_adaptive_portfolio,synthetic_evrptw_n50_seed20310824_baseline,20310824,nearest
10,swap,0.6176315764614614,612.8313467710901,612.8313467710901,0.0,False,0,True,0.0058326250000391155,0.08138828999653924,"{'instance': 'synthetic_evrptw_n50_seed20310824_baseline', 'scale': 50, 'seed': 20310824, 'source': 'nearest'}",patience,baseline,E_adaptive_portfolio,synthetic_evrptw_n50_seed20310824_baseline,20310824,nearest
0,two_opt,,797.8855345853541,797.8855345853541,0.0,False,0,True,0.002557333998993272,0.002557333998993272,"{'instance': 'synthetic_evrptw_n50_seed20310824_baseline', 'scale': 50, 'seed': 20310824, 'source': 'composite'}",,baseline,E_adaptive_portfolio,synthetic_evrptw_n50_seed20310824_baseline,20310824,composite
1,relocate,,797.8855345853541,714.4641232016786,0.10455310663957332,True,12,True,0.010520791001908947,0.013078125000902219,"{'instance': 'synthetic_evrptw_n50_seed20310824_baseline', 'scale': 50, 'seed': 20310824, 'source': 'composite'}",,baseline,E_adaptive_portfolio,synthetic_evrptw_n50_seed20310824_baseline,20310824,composite
2,swap,,714.4641232016786,701.0932245450243,0.01871458373128128,True,3,True,0.006128250002802815,0.019206375003705034,"{'instance': 'synthetic_evrptw_n50_seed20310824_baseline', 'scale': 50, 'seed': 20310824, 'source': 'composite'}",,baseline,E_adaptive_portfolio,synthetic_evrptw_n50_seed20310824_baseline,20310824,composite
3,relocate,0.8382560584173168,701.0932245450243,685.2964729886517,0.022531599227226876,True,6,True,0.011557417001313297,0.03076379200501833,"{'instance': 'synthetic_evrptw_n50_seed20310824_baseline', 'scale': 50, 'seed': 20310824, 'source': 'composite'}",,baseline,E_adaptive_portfolio,synthetic_evrptw_n50_seed20310824_baseline,20310824,composite
4,swap,0.8429015994921135,685.2964729886517,675.8424253495941,0.013795558581860805,True,2,True,0.006550874997628853,0.037314667002647184,"{'instance': 'synthetic_evrptw_n50_seed20310824_baseline', 'scale': 50, 'seed': 20310824, 'source': 'composite'}",,baseline,E_adaptive_portfolio,synthetic_evrptw_n50_seed20310824_baseline,20310824,composite
5,two_opt,0.8880453688256637,675.8424253495941,673.222132473396,0.003877076634901635,True,1,True,0.002764458000456216,0.0400791250031034,"{'instance': 'synthetic_evrptw_n50_seed20310824_baseline', 'scale': 50, 'seed': 20310824, 'source': 'composite'}",,baseline,E_adaptive_portfolio,synthetic_evrptw_n50_seed20310824_baseline,20310824,composite
6,relocate,0.726098818422096,673.222132473396,671.9877032659039,0.0018336135250884376,True,3,True,0.012246624999534106,0.052325750002637506,"{'instance': 'synthetic_evrptw_n50_seed20310824_baseline', 'scale': 50, 'seed': 20310824, 'source': 'composite'}",,baseline,E_adaptive_portfolio,synthetic_evrptw_n50_seed20310824_baseline,20310824,composite
7,swap,0.7067244669436339,671.9877032659039,671.9877032659039,0.0,False,0,True,0.006680167000013171,0.059005917002650676,"{'instance': 'synthetic_evrptw_n50_seed20310824_baseline', 'scale': 50, 'seed': 20310824, 'source': 'composite'}",,baseline,E_adaptive_portfolio,synthetic_evrptw_n50_seed20310824_baseline,20310824,composite
8,two_opt,0.715705431435617,671.9877032659039,671.9877032659039,0.0,False,0,True,0.00207116700039478,0.061077084003045456,"{'instance': 'synthetic_evrptw_n50_seed20310824_baseline', 'scale': 50, 'seed': 20310824, 'source': 'composite'}",,baseline,E_adaptive_portfolio,synthetic_evrptw_n50_seed20310824_baseline,20310824,composite
9,relocate,0.6420387246737372,671.9877032659039,671.9877032659039,0.0,False,0,True,0.012710082999547012,0.07378716700259247,"{'instance': 'synthetic_evrptw_n50_seed20310824_baseline', 'scale': 50, 'seed': 20310824, 'source': 'composite'}",,baseline,E_adaptive_portfolio,synthetic_evrptw_n50_seed20310824_baseline,20310824,composite
10,swap,0.6240975872426895,671.9877032659039,671.9877032659039,0.0,False,0,True,0.006615791000513127,0.0804029580031056,"{'instance': 'synthetic_evrptw_n50_seed20310824_baseline', 'scale': 50, 'seed': 20310824, 'source': 'composite'}",patience,baseline,E_adaptive_portfolio,synthetic_evrptw_n50_seed20310824_baseline,20310824,composite
0,two_opt,,1079.221800937091,1079.221800937091,0.0,False,0,True,0.008419875000981847,0.008419875000981847,"{'instance': 'synthetic_evrptw_n100_seed20360813_baseline', 'scale': 100, 'seed': 20360813, 'source': 'nearest'}",,baseline,E_adaptive_portfolio,synthetic_evrptw_n100_seed20360813_baseline,20360813,nearest
1,relocate,,1079.221800937091,1022.2631482921504,0.05277752228085398,True,17,True,0.0831770829972811,0.09159695799826295,"{'instance': 'synthetic_evrptw_n100_seed20360813_baseline', 'scale': 100, 'seed': 20360813, 'source': 'nearest'}",,baseline,E_adaptive_portfolio,synthetic_evrptw_n100_seed20360813_baseline,20360813,nearest
2,swap,,1022.2631482921504,1007.9349778657285,0.014016127305732748,True,4,True,0.049205832998268306,0.14080279099653126,"{'instance': 'synthetic_evrptw_n100_seed20360813_baseline', 'scale': 100, 'seed': 20360813, 'source': 'nearest'}",,baseline,E_adaptive_portfolio,synthetic_evrptw_n100_seed20360813_baseline,20360813,nearest
3,relocate,0.7864804740585974,1007.9349778657285,997.1013629796355,0.010748327148079342,True,7,True,0.08539687499796855,0.2261996659944998,"{'instance': 'synthetic_evrptw_n100_seed20360813_baseline', 'scale': 100, 'seed': 20360813, 'source': 'nearest'}",,baseline,E_adaptive_portfolio,synthetic_evrptw_n100_seed20360813_baseline,20360813,nearest
4,swap,0.838203143066565,997.1013629796355,990.4005821277044,0.006720260447651139,True,3,True,0.047956082999007776,0.2741557489935076,"{'instance': 'synthetic_evrptw_n100_seed20360813_baseline', 'scale': 100, 'seed': 20360813, 'source': 'nearest'}",,baseline,E_adaptive_portfolio,synthetic_evrptw_n100_seed20360813_baseline,20360813,nearest
5,two_opt,0.8880453688256637,990.4005821277044,987.5479366752757,0.002880294603927175,True,1,True,0.00935879100143211,0.2835145399949397,"{'instance': 'synthetic_evrptw_n100_seed20360813_baseline', 'scale': 100, 'seed': 20360813, 'source': 'nearest'}",,baseline,E_adaptive_portfolio,synthetic_evrptw_n100_seed20360813_baseline,20360813,nearest
6,relocate,0.6943193902031625,987.5479366752757,985.8569114507113,0.0017123474838673769,True,3,True,0.08847962499930873,0.3719941649942484,"{'instance': 'synthetic_evrptw_n100_seed20360813_baseline', 'scale': 100, 'seed': 20360813, 'source': 'nearest'}",,baseline,E_adaptive_portfolio,synthetic_evrptw_n100_seed20360813_baseline,20360813,nearest
7,swap,0.7008375896637549,985.8569114507113,980.8935618023542,0.005034553788392559,True,1,True,0.04874858299808693,0.42074274799233535,"{'instance': 'synthetic_evrptw_n100_seed20360813_baseline', 'scale': 100, 'seed': 20360813, 'source': 'nearest'}",,baseline,E_adaptive_portfolio,synthetic_evrptw_n100_seed20360813_baseline,20360813,nearest
8,two_opt,0.7152070404201298,980.8935618023542,980.8935618023542,0.0,False,0,True,0.007621916996868094,0.42836466498920345,"{'instance': 'synthetic_evrptw_n100_seed20360813_baseline', 'scale': 100, 'seed': 20360813, 'source': 'nearest'}",,baseline,E_adaptive_portfolio,synthetic_evrptw_n100_seed20360813_baseline,20360813,nearest
9,relocate,0.620812017180708,980.8935618023542,980.8935618023542,0.0,False,0,True,0.08917666700290283,0.5175413319921063,"{'instance': 'synthetic_evrptw_n100_seed20360813_baseline', 'scale': 100, 'seed': 20360813, 'source': 'nearest'}",,baseline,E_adaptive_portfolio,synthetic_evrptw_n100_seed20360813_baseline,20360813,nearest
10,swap,0.6218511869855676,980.8935618023542,980.8935618023542,0.0,False,0,True,0.04894316699937917,0.5664844989914855,"{'instance': 'synthetic_evrptw_n100_seed20360813_baseline', 'scale': 100, 'seed': 20360813, 'source': 'nearest'}",,baseline,E_adaptive_portfolio,synthetic_evrptw_n100_seed20360813_baseline,20360813,nearest
11,two_opt,0.6267845367544871,980.8935618023542,980.8935618023542,0.0,False,0,True,0.007314333997783251,0.5737988329892687,"{'instance': 'synthetic_evrptw_n100_seed20360813_baseline', 'scale': 100, 'seed': 20360813, 'source': 'nearest'}",patience,baseline,E_adaptive_portfolio,synthetic_evrptw_n100_seed20360813_baseline,20360813,nearest
0,two_opt,,1205.5312732923214,1205.5312732923214,0.0,False,0,True,0.008505542002239963,0.008505542002239963,"{'instance': 'synthetic_evrptw_n100_seed20360813_baseline', 'scale': 100, 'seed': 20360813, 'source': 'composite'}",,baseline,E_adaptive_portfolio,synthetic_evrptw_n100_seed20360813_baseline,20360813,composite
1,relocate,,1205.5312732923214,1160.0665696944407,0.03771341698479217,True,22,True,0.07680991700181039,0.08531545900405035,"{'instance': 'synthetic_evrptw_n100_seed20360813_baseline', 'scale': 100, 'seed': 20360813, 'source': 'composite'}",,baseline,E_adaptive_portfolio,synthetic_evrptw_n100_seed20360813_baseline,20360813,composite
2,swap,,1160.0665696944407,1147.6111553361384,0.010736810010466046,True,8,True,0.04365845900247223,0.12897391800652258,"{'instance': 'synthetic_evrptw_n100_seed20360813_baseline', 'scale': 100, 'seed': 20360813, 'source': 'composite'}",,baseline,E_adaptive_portfolio,synthetic_evrptw_n100_seed20360813_baseline,20360813,composite
3,relocate,0.7714163687625356,1147.6111553361384,1119.554278436487,0.024448069164536318,True,11,True,0.08221441699788556,0.21118833500440815,"{'instance': 'synthetic_evrptw_n100_seed20360813_baseline', 'scale': 100, 'seed': 20360813, 'source': 'composite'}",,baseline,E_adaptive_portfolio,synthetic_evrptw_n100_seed20360813_baseline,20360813,composite
4,swap,0.8349238257712982,1119.554278436487,1117.2057952182329,0.0020976948268501393,True,1,True,0.04554883300079382,0.25673716800520197,"{'instance': 'synthetic_evrptw_n100_seed20360813_baseline', 'scale': 100, 'seed': 20360813, 'source': 'composite'}",,baseline,E_adaptive_portfolio,synthetic_evrptw_n100_seed20360813_baseline,20360813,composite
5,two_opt,0.8880453688256637,1117.2057952182329,1111.828948713598,0.004812762812051595,True,3,True,0.009511584001302253,0.2662487520065042,"{'instance': 'synthetic_evrptw_n100_seed20360813_baseline', 'scale': 100, 'seed': 20360813, 'source': 'composite'}",,baseline,E_adaptive_portfolio,synthetic_evrptw_n100_seed20360813_baseline,20360813,composite
6,relocate,0.6936372085633601,1111.828948713598,1102.3237826772727,0.008549126236839738,True,10,True,0.07915741699980572,0.34540616900630994,"{'instance': 'synthetic_evrptw_n100_seed20360813_baseline', 'scale': 100, 'seed': 20360813, 'source': 'composite'}",,baseline,E_adaptive_portfolio,synthetic_evrptw_n100_seed20360813_baseline,20360813,composite
7,swap,0.696886648205721,1102.3237826772727,1099.1890868151281,0.002843716076352041,True,4,True,0.04598687500038068,0.3913930440066906,"{'instance': 'synthetic_evrptw_n100_seed20360813_baseline', 'scale': 100, 'seed': 20360813, 'source': 'composite'}",,baseline,E_adaptive_portfolio,synthetic_evrptw_n100_seed20360813_baseline,20360813,composite
8,two_opt,0.716173274524192,1099.1890868151281,1095.7149802850768,0.00316060864479422,True,1,True,0.008112999999866588,0.3995060440065572,"{'instance': 'synthetic_evrptw_n100_seed20360813_baseline', 'scale': 100, 'seed': 20360813, 'source': 'composite'}",,baseline,E_adaptive_portfolio,synthetic_evrptw_n100_seed20360813_baseline,20360813,composite
9,relocate,0.6226361556718305,1095.7149802850768,1088.130519042278,0.00692192894983107,True,4,True,0.08381749999898602,0.4833235440055432,"{'instance': 'synthetic_evrptw_n100_seed20360813_baseline', 'scale': 100, 'seed': 20360813, 'source': 'composite'}",,baseline,E_adaptive_portfolio,synthetic_evrptw_n100_seed20360813_baseline,20360813,composite
10,swap,0.6184869467761982,1088.130519042278,1088.130519042278,0.0,False,0,True,0.04669954099881579,0.530023085004359,"{'instance': 'synthetic_evrptw_n100_seed20360813_baseline', 'scale': 100, 'seed': 20360813, 'source': 'composite'}",,baseline,E_adaptive_portfolio,synthetic_evrptw_n100_seed20360813_baseline,20360813,composite
11,two_opt,0.6284822290387934,1088.130519042278,1087.2039562765062,0.0008515180390190649,True,1,True,0.010004875002778135,0.5400279600071372,"{'instance': 'synthetic_evrptw_n100_seed20360813_baseline', 'scale': 100, 'seed': 20360813, 'source': 'composite'}",budget,baseline,E_adaptive_portfolio,synthetic_evrptw_n100_seed20360813_baseline,20360813,composite
0,two_opt,,1053.597033594938,1053.597033594938,0.0,False,0,True,0.009841374998359242,0.009841374998359242,"{'instance': 'synthetic_evrptw_n100_seed20360814_baseline', 'scale': 100, 'seed': 20360814, 'source': 'nearest'}",,baseline,E_adaptive_portfolio,synthetic_evrptw_n100_seed20360814_baseline,20360814,nearest
1,relocate,,1053.597033594938,999.5066041189958,0.05133882096400966,True,15,True,0.09135887500087847,0.10120024999923771,"{'instance': 'synthetic_evrptw_n100_seed20360814_baseline', 'scale': 100, 'seed': 20360814, 'source': 'nearest'}",,baseline,E_adaptive_portfolio,synthetic_evrptw_n100_seed20360814_baseline,20360814,nearest
2,swap,,999.5066041189958,995.9607093409709,0.003547645171539847,True,3,True,0.04695899999933317,0.14815924999857089,"{'instance': 'synthetic_evrptw_n100_seed20360814_baseline', 'scale': 100, 'seed': 20360814, 'source': 'nearest'}",,baseline,E_adaptive_portfolio,synthetic_evrptw_n100_seed20360814_baseline,20360814,nearest
3,relocate,0.7850417727417531,995.9607093409709,981.0496495299582,0.014971534189214535,True,9,True,0.08484158300052513,0.23300083299909602,"{'instance': 'synthetic_evrptw_n100_seed20360814_baseline', 'scale': 100, 'seed': 20360814, 'source': 'nearest'}",,baseline,E_adaptive_portfolio,synthetic_evrptw_n100_seed20360814_baseline,20360814,nearest
4,swap,0.827734660932372,981.0496495299582,977.9736307804855,0.0031354363675136212,True,3,True,0.04876962500202353,0.28177045800111955,"{'instance': 'synthetic_evrptw_n100_seed20360814_baseline', 'scale': 100, 'seed': 20360814, 'source': 'nearest'}",,baseline,E_adaptive_portfolio,synthetic_evrptw_n100_seed20360814_baseline,20360814,nearest
5,two_opt,0.8880453688256637,977.9736307804855,973.0192357132141,0.00506598021801201,True,3,True,0.011707290999765974,0.2934777490008855,"{'instance': 'synthetic_evrptw_n100_seed20360814_baseline', 'scale': 100, 'seed': 20360814, 'source': 'nearest'}",,baseline,E_adaptive_portfolio,synthetic_evrptw_n100_seed20360814_baseline,20360814,nearest
6,relocate,0.695711643065308,973.0192357132141,968.5310864287521,0.004612600778824506,True,5,True,0.08613133299877518,0.3796090819996607,"{'instance': 'synthetic_evrptw_n100_seed20360814_baseline', 'scale': 100, 'seed': 20360814, 'source': 'nearest'}",,baseline,E_adaptive_portfolio,synthetic_evrptw_n100_seed20360814_baseline,20360814,nearest
7,swap,0.6938109365565897,968.5310864287521,968.5310864287521,0.0,False,0,True,0.04917604200090864,0.42878512400056934,"{'instance': 'synthetic_evrptw_n100_seed20360814_baseline', 'scale': 100, 'seed': 20360814, 'source': 'nearest'}",,baseline,E_adaptive_portfolio,synthetic_evrptw_n100_seed20360814_baseline,20360814,nearest
8,two_opt,0.7162998832271722,968.5310864287521,965.134931894249,0.0035065002890363665,True,1,True,0.0089609169990581,0.43774604099962744,"{'instance': 'synthetic_evrptw_n100_seed20360814_baseline', 'scale': 100, 'seed': 20360814, 'source': 'nearest'}",,baseline,E_adaptive_portfolio,synthetic_evrptw_n100_seed20360814_baseline,20360814,nearest
9,relocate,0.6227069368537906,965.134931894249,963.5578253310766,0.0016340788329741898,True,4,True,0.0887035410014505,0.5264495820010779,"{'instance': 'synthetic_evrptw_n100_seed20360814_baseline', 'scale': 100, 'seed': 20360814, 'source': 'nearest'}",,baseline,E_adaptive_portfolio,synthetic_evrptw_n100_seed20360814_baseline,20360814,nearest
10,two_opt,0.6161183666406582,963.5578253310766,961.8368706591965,0.0017860419236269554,True,2,True,0.008658292001200607,0.5351078740022785,"{'instance': 'synthetic_evrptw_n100_seed20360814_baseline', 'scale': 100, 'seed': 20360814, 'source': 'nearest'}",,baseline,E_adaptive_portfolio,synthetic_evrptw_n100_seed20360814_baseline,20360814,nearest
11,swap,0.6280521323995292,961.8368706591965,957.6090165152207,0.004395604153829397,True,1,True,0.04993720799757284,0.5850450819998514,"{'instance': 'synthetic_evrptw_n100_seed20360814_baseline', 'scale': 100, 'seed': 20360814, 'source': 'nearest'}",budget,baseline,E_adaptive_portfolio,synthetic_evrptw_n100_seed20360814_baseline,20360814,nearest
0,two_opt,,1112.9723295258125,1112.9723295258125,0.0,False,0,True,0.0099154580020695,0.0099154580020695,"{'instance': 'synthetic_evrptw_n100_seed20360814_baseline', 'scale': 100, 'seed': 20360814, 'source': 'composite'}",,baseline,E_adaptive_portfolio,synthetic_evrptw_n100_seed20360814_baseline,20360814,composite
1,relocate,,1112.9723295258125,1061.1541564904787,0.046558365972504595,True,14,True,0.08368358299776446,0.09359904099983396,"{'instance': 'synthetic_evrptw_n100_seed20360814_baseline', 'scale': 100, 'seed': 20360814, 'source': 'composite'}",,baseline,E_adaptive_portfolio,synthetic_evrptw_n100_seed20360814_baseline,20360814,composite
2,swap,,1061.1541564904787,1052.8428139177304,0.007832361134254218,True,5,True,0.04788541699963389,0.14148445799946785,"{'instance': 'synthetic_evrptw_n100_seed20360814_baseline', 'scale': 100, 'seed': 20360814, 'source': 'composite'}",,baseline,E_adaptive_portfolio,synthetic_evrptw_n100_seed20360814_baseline,20360814,composite
3,relocate,0.7802613177502481,1052.8428139177304,1042.0121393434422,0.010287076504788216,True,7,True,0.08998658400014392,0.23147104199961177,"{'instance': 'synthetic_evrptw_n100_seed20360814_baseline', 'scale': 100, 'seed': 20360814, 'source': 'composite'}",,baseline,E_adaptive_portfolio,synthetic_evrptw_n100_seed20360814_baseline,20360814,composite
4,swap,0.8320193768950864,1042.0121393434422,1042.0121393434422,0.0,False,0,True,0.048416416997497436,0.2798874589971092,"{'instance': 'synthetic_evrptw_n100_seed20360814_baseline', 'scale': 100, 'seed': 20360814, 'source': 'composite'}",,baseline,E_adaptive_portfolio,synthetic_evrptw_n100_seed20360814_baseline,20360814,composite
5,two_opt,0.8880453688256637,1042.0121393434422,1029.2148982769177,0.012281278291621334,True,7,True,0.015693041001213714,0.2955804999983229,"{'instance': 'synthetic_evrptw_n100_seed20360814_baseline', 'scale': 100, 'seed': 20360814, 'source': 'composite'}",,baseline,E_adaptive_portfolio,synthetic_evrptw_n100_seed20360814_baseline,20360814,composite
6,relocate,0.6909791867273423,1029.2148982769177,1021.2401858023097,0.007748345353296943,True,2,True,0.09333025000159978,0.3889107499999227,"{'instance': 'synthetic_evrptw_n100_seed20360814_baseline', 'scale': 100, 'seed': 20360814, 'source': 'composite'}",,baseline,E_adaptive_portfolio,synthetic_evrptw_n100_seed20360814_baseline,20360814,composite
7,two_opt,0.6966100349328735,1021.2401858023097,1020.5695083385814,0.0006567284298565271,True,1,True,0.010132875002454966,0.39904362500237767,"{'instance': 'synthetic_evrptw_n100_seed20360814_baseline', 'scale': 100, 'seed': 20360814, 'source': 'composite'}",,baseline,E_adaptive_portfolio,synthetic_evrptw_n100_seed20360814_baseline,20360814,composite
8,swap,0.7176830736852933,1020.5695083385814,1016.6183998559063,0.003871474162604766,True,1,True,0.050593874999322,0.44963750000169966,"{'instance': 'synthetic_evrptw_n100_seed20360814_baseline', 'scale': 100, 'seed': 20360814, 'source': 'composite'}",,baseline,E_adaptive_portfolio,synthetic_evrptw_n100_seed20360814_baseline,20360814,composite
9,relocate,0.6205972141533043,1016.6183998559063,1016.6183998559063,0.0,False,0,True,0.0960447910001676,0.5456822910018673,"{'instance': 'synthetic_evrptw_n100_seed20360814_baseline', 'scale': 100, 'seed': 20360814, 'source': 'composite'}",,baseline,E_adaptive_portfolio,synthetic_evrptw_n100_seed20360814_baseline,20360814,composite
10,two_opt,0.6175735420454681,1016.6183998559063,1013.406263985995,0.0031596279099085794,True,1,True,0.010336584000469884,0.5560188750023372,"{'instance': 'synthetic_evrptw_n100_seed20360814_baseline', 'scale': 100, 'seed': 20360814, 'source': 'composite'}",,baseline,E_adaptive_portfolio,synthetic_evrptw_n100_seed20360814_baseline,20360814,composite
11,swap,0.6297257169854644,1013.406263985995,1013.406263985995,0.0,False,0,True,0.05031904100178508,0.6063379160041222,"{'instance': 'synthetic_evrptw_n100_seed20360814_baseline', 'scale': 100, 'seed': 20360814, 'source': 'composite'}",budget,baseline,E_adaptive_portfolio,synthetic_evrptw_n100_seed20360814_baseline,20360814,composite
0,two_opt,,1066.2157770628205,1066.2157770628205,0.0,False,0,True,0.009754583003086736,0.009754583003086736,"{'instance': 'synthetic_evrptw_n100_seed20360815_baseline', 'scale': 100, 'seed': 20360815, 'source': 'nearest'}",,baseline,E_adaptive_portfolio,synthetic_evrptw_n100_seed20360815_baseline,20360815,nearest
1,relocate,,1066.2157770628205,1008.2919980664153,0.05432650711282091,True,19,True,0.07684866700219573,0.08660325000528246,"{'instance': 'synthetic_evrptw_n100_seed20360815_baseline', 'scale': 100, 'seed': 20360815, 'source': 'nearest'}",,baseline,E_adaptive_portfolio,synthetic_evrptw_n100_seed20360815_baseline,20360815,nearest
2,swap,,1008.2919980664153,967.9649739054419,0.03999538252639901,True,5,True,0.04145499999867752,0.12805825000395998,"{'instance': 'synthetic_evrptw_n100_seed20360815_baseline', 'scale': 100, 'seed': 20360815, 'source': 'nearest'}",,baseline,E_adaptive_portfolio,synthetic_evrptw_n100_seed20360815_baseline,20360815,nearest
3,relocate,0.7880294588905644,967.9649739054419,949.4028745014148,0.019176416403927008,True,6,True,0.08084995899844216,0.20890820900240215,"{'instance': 'synthetic_evrptw_n100_seed20360815_baseline', 'scale': 100, 'seed': 20360815, 'source': 'nearest'}",,baseline,E_adaptive_portfolio,synthetic_evrptw_n100_seed20360815_baseline,20360815,nearest
4,swap,0.8641823982872312,949.4028745014148,920.1083999028523,0.03085568348836807,True,5,True,0.04528841600040323,0.2541966250028054,"{'instance': 'synthetic_evrptw_n100_seed20360815_baseline', 'scale': 100, 'seed': 20360815, 'source': 'nearest'}",,baseline,E_adaptive_portfolio,synthetic_evrptw_n100_seed20360815_baseline,20360815,nearest
5,two_opt,0.8880453688256637,920.1083999028523,908.1192122659356,0.013030190397329822,True,4,True,0.010003125000366708,0.2641997500031721,"{'instance': 'synthetic_evrptw_n100_seed20360815_baseline', 'scale': 100, 'seed': 20360815, 'source': 'nearest'}",,baseline,E_adaptive_portfolio,synthetic_evrptw_n100_seed20360815_baseline,20360815,nearest
6,relocate,0.6993079272470698,908.1192122659356,898.4094303353082,0.010692188646025436,True,3,True,0.08321941699978197,0.34741916700295405,"{'instance': 'synthetic_evrptw_n100_seed20360815_baseline', 'scale': 100, 'seed': 20360815, 'source': 'nearest'}",,baseline,E_adaptive_portfolio,synthetic_evrptw_n100_seed20360815_baseline,20360815,nearest
7,swap,0.7258949287944464,898.4094303353082,892.4446668957672,0.006639248474178201,True,1,True,0.044162750000396045,0.3915819170033501,"{'instance': 'synthetic_evrptw_n100_seed20360815_baseline', 'scale': 100, 'seed': 20360815, 'source': 'nearest'}",,baseline,E_adaptive_portfolio,synthetic_evrptw_n100_seed20360815_baseline,20360815,nearest
8,two_opt,0.7202819883168311,892.4446668957672,887.3683923246108,0.00568805524807883,True,2,True,0.014316749999125022,0.4058986670024751,"{'instance': 'synthetic_evrptw_n100_seed20360815_baseline', 'scale': 100, 'seed': 20360815, 'source': 'nearest'}",,baseline,E_adaptive_portfolio,synthetic_evrptw_n100_seed20360815_baseline,20360815,nearest
9,relocate,0.6271309889306989,887.3683923246108,867.5147829528707,0.022373581866861607,True,2,True,0.08659837500090362,0.49249704200337874,"{'instance': 'synthetic_evrptw_n100_seed20360815_baseline', 'scale': 100, 'seed': 20360815, 'source': 'nearest'}",,baseline,E_adaptive_portfolio,synthetic_evrptw_n100_seed20360815_baseline,20360815,nearest
10,swap,0.6390909779679572,867.5147829528707,867.5147829528707,0.0,False,0,True,0.04371908299799543,0.5362161250013742,"{'instance': 'synthetic_evrptw_n100_seed20360815_baseline', 'scale': 100, 'seed': 20360815, 'source': 'nearest'}",,baseline,E_adaptive_portfolio,synthetic_evrptw_n100_seed20360815_baseline,20360815,nearest
11,two_opt,0.6320638537683143,867.5147829528707,867.5147829528707,0.0,False,0,True,0.00951908299975912,0.5457352080011333,"{'instance': 'synthetic_evrptw_n100_seed20360815_baseline', 'scale': 100, 'seed': 20360815, 'source': 'nearest'}",budget,baseline,E_adaptive_portfolio,synthetic_evrptw_n100_seed20360815_baseline,20360815,nearest
0,two_opt,,1132.3517729652272,1132.3517729652272,0.0,False,0,True,0.008403916002862388,0.008403916002862388,"{'instance': 'synthetic_evrptw_n100_seed20360815_baseline', 'scale': 100, 'seed': 20360815, 'source': 'composite'}",,baseline,E_adaptive_portfolio,synthetic_evrptw_n100_seed20360815_baseline,20360815,composite
1,relocate,,1132.3517729652272,1076.8997996566693,0.048970624352314855,True,16,True,0.07859683300193865,0.08700074900480104,"{'instance': 'synthetic_evrptw_n100_seed20360815_baseline', 'scale': 100, 'seed': 20360815, 'source': 'composite'}",,baseline,E_adaptive_portfolio,synthetic_evrptw_n100_seed20360815_baseline,20360815,composite
2,swap,,1076.8997996566693,1069.4328587137538,0.006933737888423822,True,4,True,0.04348591599773499,0.13048666500253603,"{'instance': 'synthetic_evrptw_n100_seed20360815_baseline', 'scale': 100, 'seed': 20360815, 'source': 'composite'}",,baseline,E_adaptive_portfolio,synthetic_evrptw_n100_seed20360815_baseline,20360815,composite
3,relocate,0.7826735761300583,1069.4328587137538,1035.6307683877274,0.0316074918126992,True,12,True,0.07922870800030068,0.2097153730028367,"{'instance': 'synthetic_evrptw_n100_seed20360815_baseline', 'scale': 100, 'seed': 20360815, 'source': 'composite'}",,baseline,E_adaptive_portfolio,synthetic_evrptw_n100_seed20360815_baseline,20360815,composite
4,swap,0.831120753649256,1035.6307683877274,1033.5117230880048,0.0020461397675751412,True,3,True,0.04543037500116043,0.25514574800399714,"{'instance': 'synthetic_evrptw_n100_seed20360815_baseline', 'scale': 100, 'seed': 20360815, 'source': 'composite'}",,baseline,E_adaptive_portfolio,synthetic_evrptw_n100_seed20360815_baseline,20360815,composite
5,two_opt,0.8880453688256637,1033.5117230880048,1033.5117230880048,0.0,False,0,True,0.008239541999500943,0.2633852900034981,"{'instance': 'synthetic_evrptw_n100_seed20360815_baseline', 'scale': 100, 'seed': 20360815, 'source': 'composite'}",,baseline,E_adaptive_portfolio,synthetic_evrptw_n100_seed20360815_baseline,20360815,composite
6,relocate,0.7028455235712029,1033.5117230880048,1024.2005506138287,0.009009256756522817,True,5,True,0.08326566699906834,0.34665095700256643,"{'instance': 'synthetic_evrptw_n100_seed20360815_baseline', 'scale': 100, 'seed': 20360815, 'source': 'composite'}",,baseline,E_adaptive_portfolio,synthetic_evrptw_n100_seed20360815_baseline,20360815,composite
7,swap,0.6949593346150624,1024.2005506138287,1022.7870733468734,0.0013800786048280792,True,1,True,0.04481662499892991,0.39146758200149634,"{'instance': 'synthetic_evrptw_n100_seed20360815_baseline', 'scale': 100, 'seed': 20360815, 'source': 'composite'}",,baseline,E_adaptive_portfolio,synthetic_evrptw_n100_seed20360815_baseline,20360815,composite
8,two_opt,0.7137668931181662,1022.7870733468734,1022.7870733468734,0.0,False,0,True,0.007667416997719556,0.3991349989992159,"{'instance': 'synthetic_evrptw_n100_seed20360815_baseline', 'scale': 100, 'seed': 20360815, 'source': 'composite'}",,baseline,E_adaptive_portfolio,synthetic_evrptw_n100_seed20360815_baseline,20360815,composite
9,relocate,0.62892840918362,1022.7870733468734,1014.6566086820347,0.007949322861730427,True,3,True,0.08417254199957824,0.48330754099879414,"{'instance': 'synthetic_evrptw_n100_seed20360815_baseline', 'scale': 100, 'seed': 20360815, 'source': 'composite'}",,baseline,E_adaptive_portfolio,synthetic_evrptw_n100_seed20360815_baseline,20360815,composite
10,swap,0.6167141918919178,1014.6566086820347,1014.6566086820347,0.0,False,0,True,0.046815500001684995,0.5301230410004791,"{'instance': 'synthetic_evrptw_n100_seed20360815_baseline', 'scale': 100, 'seed': 20360815, 'source': 'composite'}",,baseline,E_adaptive_portfolio,synthetic_evrptw_n100_seed20360815_baseline,20360815,composite
11,two_opt,0.625824438553178,1014.6566086820347,1014.6566086820347,0.0,False,0,True,0.007787375001498731,0.5379104160019779,"{'instance': 'synthetic_evrptw_n100_seed20360815_baseline', 'scale': 100, 'seed': 20360815, 'source': 'composite'}",budget,baseline,E_adaptive_portfolio,synthetic_evrptw_n100_seed20360815_baseline,20360815,composite
0,two_opt,,990.2623673110377,990.2623673110377,0.0,False,0,True,0.010858541001653066,0.010858541001653066,"{'instance': 'synthetic_evrptw_n100_seed20360816_baseline', 'scale': 100, 'seed': 20360816, 'source': 'nearest'}",,baseline,E_adaptive_portfolio,synthetic_evrptw_n100_seed20360816_baseline,20360816,nearest
1,relocate,,990.2623673110377,964.6169109173505,0.025897638080829948,True,14,True,0.09210199999870383,0.1029605410003569,"{'instance': 'synthetic_evrptw_n100_seed20360816_baseline', 'scale': 100, 'seed': 20360816, 'source': 'nearest'}",,baseline,E_adaptive_portfolio,synthetic_evrptw_n100_seed20360816_baseline,20360816,nearest
2,swap,,964.6169109173505,954.1728381956877,0.01082717149519023,True,4,True,0.04789270900073461,0.1508532500010915,"{'instance': 'synthetic_evrptw_n100_seed20360816_baseline', 'scale': 100, 'seed': 20360816, 'source': 'nearest'}",,baseline,E_adaptive_portfolio,synthetic_evrptw_n100_seed20360816_baseline,20360816,nearest
3,relocate,0.7596005898585734,954.1728381956877,935.6153454902745,0.019448774857713277,True,7,True,0.0915275000006659,0.2423807500017574,"{'instance': 'synthetic_evrptw_n100_seed20360816_baseline', 'scale': 100, 'seed': 20360816, 'source': 'nearest'}",,baseline,E_adaptive_portfolio,synthetic_evrptw_n100_seed20360816_baseline,20360816,nearest
4,swap,0.8350141872560224,935.6153454902745,935.4063330310682,0.00022339571514484602,True,1,True,0.04839266700219014,0.29077341700394754,"{'instance': 'synthetic_evrptw_n100_seed20360816_baseline', 'scale': 100, 'seed': 20360816, 'source': 'nearest'}",,baseline,E_adaptive_portfolio,synthetic_evrptw_n100_seed20360816_baseline,20360816,nearest
5,two_opt,0.8880453688256637,935.4063330310682,921.7626893748245,0.014585793547102897,True,3,True,0.011324707997118821,0.30209812500106636,"{'instance': 'synthetic_evrptw_n100_seed20360816_baseline', 'scale': 100, 'seed': 20360816, 'source': 'nearest'}",,baseline,E_adaptive_portfolio,synthetic_evrptw_n100_seed20360816_baseline,20360816,nearest
6,relocate,0.6852296719579675,921.7626893748245,915.2513136379056,0.00706404784222194,True,3,True,0.08926045800035354,0.3913585830014199,"{'instance': 'synthetic_evrptw_n100_seed20360816_baseline', 'scale': 100, 'seed': 20360816, 'source': 'nearest'}",,baseline,E_adaptive_portfolio,synthetic_evrptw_n100_seed20360816_baseline,20360816,nearest
7,two_opt,0.6977622925606144,915.2513136379056,914.3202735221649,0.0010172507833285493,True,1,True,0.010005208001530264,0.40136379100295017,"{'instance': 'synthetic_evrptw_n100_seed20360816_baseline', 'scale': 100, 'seed': 20360816, 'source': 'nearest'}",,baseline,E_adaptive_portfolio,synthetic_evrptw_n100_seed20360816_baseline,20360816,nearest
8,swap,0.7192921767233338,914.3202735221649,914.3202735221649,0.0,False,0,True,0.04844895899805124,0.4498127500010014,"{'instance': 'synthetic_evrptw_n100_seed20360816_baseline', 'scale': 100, 'seed': 20360816, 'source': 'nearest'}",,baseline,E_adaptive_portfolio,synthetic_evrptw_n100_seed20360816_baseline,20360816,nearest
9,relocate,0.6165361051366961,914.3202735221649,914.3202735221649,0.0,False,0,True,0.09142024999891873,0.5412329999999201,"{'instance': 'synthetic_evrptw_n100_seed20360816_baseline', 'scale': 100, 'seed': 20360816, 'source': 'nearest'}",,baseline,E_adaptive_portfolio,synthetic_evrptw_n100_seed20360816_baseline,20360816,nearest
10,two_opt,0.6184618879151192,914.3202735221649,914.3202735221649,0.0,False,0,True,0.008951874999183929,0.5501848749991041,"{'instance': 'synthetic_evrptw_n100_seed20360816_baseline', 'scale': 100, 'seed': 20360816, 'source': 'nearest'}",,baseline,E_adaptive_portfolio,synthetic_evrptw_n100_seed20360816_baseline,20360816,nearest
11,swap,0.6295079609566231,914.3202735221649,914.3202735221649,0.0,False,0,True,0.04929237499891315,0.5994772499980172,"{'instance': 'synthetic_evrptw_n100_seed20360816_baseline', 'scale': 100, 'seed': 20360816, 'source': 'nearest'}",patience,baseline,E_adaptive_portfolio,synthetic_evrptw_n100_seed20360816_baseline,20360816,nearest
0,two_opt,,1123.7736467671361,1123.7736467671361,0.0,False,0,True,0.009207791998051107,0.009207791998051107,"{'instance': 'synthetic_evrptw_n100_seed20360816_baseline', 'scale': 100, 'seed': 20360816, 'source': 'composite'}",,baseline,E_adaptive_portfolio,synthetic_evrptw_n100_seed20360816_baseline,20360816,composite
1,relocate,,1123.7736467671361,1086.7939027020795,0.032906754995936816,True,12,True,0.08239841700196848,0.09160620900001959,"{'instance': 'synthetic_evrptw_n100_seed20360816_baseline', 'scale': 100, 'seed': 20360816, 'source': 'composite'}",,baseline,E_adaptive_portfolio,synthetic_evrptw_n100_seed20360816_baseline,20360816,composite
2,swap,,1086.7939027020795,1045.465107292614,0.03802818115441243,True,9,True,0.044843541996669956,0.13644975099668954,"{'instance': 'synthetic_evrptw_n100_seed20360816_baseline', 'scale': 100, 'seed': 20360816, 'source': 'composite'}",,baseline,E_adaptive_portfolio,synthetic_evrptw_n100_seed20360816_baseline,20360816,composite
3,swap,0.7717311329321559,1045.465107292614,1037.9426970639001,0.007195276223224936,True,3,True,0.045695625001826556,0.1821453759985161,"{'instance': 'synthetic_evrptw_n100_seed20360816_baseline', 'scale': 100, 'seed': 20360816, 'source': 'composite'}",,baseline,E_adaptive_portfolio,synthetic_evrptw_n100_seed20360816_baseline,20360816,composite
4,relocate,0.857093770756769,1037.9426970639001,1024.4808734391129,0.012969717560389069,True,7,True,0.08496958399700816,0.26711495999552426,"{'instance': 'synthetic_evrptw_n100_seed20360816_baseline', 'scale': 100, 'seed': 20360816, 'source': 'composite'}",,baseline,E_adaptive_portfolio,synthetic_evrptw_n100_seed20360816_baseline,20360816,composite
5,two_opt,0.8880453688256637,1024.4808734391129,1024.4808734391129,0.0,False,0,True,0.008961291001469363,0.2760762509969936,"{'instance': 'synthetic_evrptw_n100_seed20360816_baseline', 'scale': 100, 'seed': 20360816, 'source': 'composite'}",,baseline,E_adaptive_portfolio,synthetic_evrptw_n100_seed20360816_baseline,20360816,composite
6,relocate,0.6854947017668588,1024.4808734391129,1019.6121250203696,0.004752405384006069,True,6,True,0.08674645800056169,0.3628227089975553,"{'instance': 'synthetic_evrptw_n100_seed20360816_baseline', 'scale': 100, 'seed': 20360816, 'source': 'composite'}",,baseline,E_adaptive_portfolio,synthetic_evrptw_n100_seed20360816_baseline,20360816,composite
7,swap,0.7130811244758816,1019.6121250203696,1014.3734581262853,0.005137901723147561,True,1,True,0.04560345800200594,0.40842616699956125,"{'instance': 'synthetic_evrptw_n100_seed20360816_baseline', 'scale': 100, 'seed': 20360816, 'source': 'composite'}",,baseline,E_adaptive_portfolio,synthetic_evrptw_n100_seed20360816_baseline,20360816,composite
8,two_opt,0.7137668931181662,1014.3734581262853,1014.3734581262853,0.0,False,0,True,0.00875429200095823,0.4171804590005195,"{'instance': 'synthetic_evrptw_n100_seed20360816_baseline', 'scale': 100, 'seed': 20360816, 'source': 'composite'}",,baseline,E_adaptive_portfolio,synthetic_evrptw_n100_seed20360816_baseline,20360816,composite
9,relocate,0.6159422441898851,1014.3734581262853,978.2966519387301,0.035565605446927835,True,4,True,0.08777533400279935,0.5049557930033188,"{'instance': 'synthetic_evrptw_n100_seed20360816_baseline', 'scale': 100, 'seed': 20360816, 'source': 'composite'}",,baseline,E_adaptive_portfolio,synthetic_evrptw_n100_seed20360816_baseline,20360816,composite
10,swap,0.6300479928385705,978.2966519387301,957.4395635930443,0.021319799372053853,True,9,True,0.0439824579989363,0.5489382510022551,"{'instance': 'synthetic_evrptw_n100_seed20360816_baseline', 'scale': 100, 'seed': 20360816, 'source': 'composite'}",,baseline,E_adaptive_portfolio,synthetic_evrptw_n100_seed20360816_baseline,20360816,composite
11,two_opt,0.625824438553178,957.4395635930443,935.6939618342466,0.022712244809679327,True,7,True,0.013422207997791702,0.5623604590000468,"{'instance': 'synthetic_evrptw_n100_seed20360816_baseline', 'scale': 100, 'seed': 20360816, 'source': 'composite'}",budget,baseline,E_adaptive_portfolio,synthetic_evrptw_n100_seed20360816_baseline,20360816,composite
0,two_opt,,1054.872679371231,1054.872679371231,0.0,False,0,True,0.010447500000736909,0.010447500000736909,"{'instance': 'synthetic_evrptw_n100_seed20360817_baseline', 'scale': 100, 'seed': 20360817, 'source': 'nearest'}",,baseline,E_adaptive_portfolio,synthetic_evrptw_n100_seed20360817_baseline,20360817,nearest
1,relocate,,1054.872679371231,1005.3532476872068,0.046943515224549016,True,11,True,0.08527737500116928,0.09572487500190618,"{'instance': 'synthetic_evrptw_n100_seed20360817_baseline', 'scale': 100, 'seed': 20360817, 'source': 'nearest'}",,baseline,E_adaptive_portfolio,synthetic_evrptw_n100_seed20360817_baseline,20360817,nearest
2,swap,,1005.3532476872068,1004.5621701477281,0.0007868652548729007,True,1,True,0.04360354199889116,0.13932841700079734,"{'instance': 'synthetic_evrptw_n100_seed20360817_baseline', 'scale': 100, 'seed': 20360817, 'source': 'nearest'}",,baseline,E_adaptive_portfolio,synthetic_evrptw_n100_seed20360817_baseline,20360817,nearest
3,relocate,0.7806464670022925,1004.5621701477281,989.721480208132,0.014773291669358504,True,10,True,0.08814758399967104,0.2274760010004684,"{'instance': 'synthetic_evrptw_n100_seed20360817_baseline', 'scale': 100, 'seed': 20360817, 'source': 'nearest'}",,baseline,E_adaptive_portfolio,synthetic_evrptw_n100_seed20360817_baseline,20360817,nearest
4,swap,0.8249738810157051,989.721480208132,978.4467707601368,0.011391800292769417,True,5,True,0.04640766599914059,0.273883666999609,"{'instance': 'synthetic_evrptw_n100_seed20360817_baseline', 'scale': 100, 'seed': 20360817, 'source': 'nearest'}",,baseline,E_adaptive_portfolio,synthetic_evrptw_n100_seed20360817_baseline,20360817,nearest
5,two_opt,0.8880453688256637,978.4467707601368,978.4467707601368,0.0,False,0,True,0.009852541999862297,0.2837362089994713,"{'instance': 'synthetic_evrptw_n100_seed20360817_baseline', 'scale': 100, 'seed': 20360817, 'source': 'nearest'}",,baseline,E_adaptive_portfolio,synthetic_evrptw_n100_seed20360817_baseline,20360817,nearest
6,relocate,0.6934148689356496,978.4467707601368,975.5441497465649,0.0029665599604533385,True,2,True,0.09063958400292904,0.3743757930024003,"{'instance': 'synthetic_evrptw_n100_seed20360817_baseline', 'scale': 100, 'seed': 20360817, 'source': 'nearest'}",,baseline,E_adaptive_portfolio,synthetic_evrptw_n100_seed20360817_baseline,20360817,nearest
7,swap,0.6965587285608841,975.5441497465649,975.5441497465649,0.0,False,0,True,0.04486324999743374,0.41923904299983406,"{'instance': 'synthetic_evrptw_n100_seed20360817_baseline', 'scale': 100, 'seed': 20360817, 'source': 'nearest'}",,baseline,E_adaptive_portfolio,synthetic_evrptw_n100_seed20360817_baseline,20360817,nearest
8,two_opt,0.7137668931181662,975.5441497465649,975.5441497465649,0.0,False,0,True,0.010005334002926247,0.4292443770027603,"{'instance': 'synthetic_evrptw_n100_seed20360817_baseline', 'scale': 100, 'seed': 20360817, 'source': 'nearest'}",,baseline,E_adaptive_portfolio,synthetic_evrptw_n100_seed20360817_baseline,20360817,nearest
9,relocate,0.6206270738278946,975.5441497465649,975.5441497465649,0.0,False,0,True,0.09145579200048815,0.5207001690032484,"{'instance': 'synthetic_evrptw_n100_seed20360817_baseline', 'scale': 100, 'seed': 20360817, 'source': 'nearest'}",,baseline,E_adaptive_portfolio,synthetic_evrptw_n100_seed20360817_baseline,20360817,nearest
10,swap,0.6173204283208562,975.5441497465649,975.5441497465649,0.0,False,0,True,0.044805666999309324,0.5655058360025578,"{'instance': 'synthetic_evrptw_n100_seed20360817_baseline', 'scale': 100, 'seed': 20360817, 'source': 'nearest'}",patience,baseline,E_adaptive_portfolio,synthetic_evrptw_n100_seed20360817_baseline,20360817,nearest
0,two_opt,,1320.2204946399238,1320.2204946399238,0.0,False,0,True,0.009716749998915475,0.009716749998915475,"{'instance': 'synthetic_evrptw_n100_seed20360817_baseline', 'scale': 100, 'seed': 20360817, 'source': 'composite'}",,baseline,E_adaptive_portfolio,synthetic_evrptw_n100_seed20360817_baseline,20360817,composite
1,relocate,,1320.2204946399238,1253.7071983603544,0.050380445198065366,True,28,True,0.07722875000035856,0.08694549999927403,"{'instance': 'synthetic_evrptw_n100_seed20360817_baseline', 'scale': 100, 'seed': 20360817, 'source': 'composite'}",,baseline,E_adaptive_portfolio,synthetic_evrptw_n100_seed20360817_baseline,20360817,composite
2,swap,,1253.7071983603544,1195.259024813689,0.046620274353617944,True,16,True,0.046378125000046566,0.1333236249993206,"{'instance': 'synthetic_evrptw_n100_seed20360817_baseline', 'scale': 100, 'seed': 20360817, 'source': 'composite'}",,baseline,E_adaptive_portfolio,synthetic_evrptw_n100_seed20360817_baseline,20360817,composite
3,relocate,0.7840833969758089,1195.259024813689,1154.879293053733,0.03378324774937401,True,15,True,0.08159441700263415,0.21491804200195475,"{'instance': 'synthetic_evrptw_n100_seed20360817_baseline', 'scale': 100, 'seed': 20360817, 'source': 'composite'}",,baseline,E_adaptive_portfolio,synthetic_evrptw_n100_seed20360817_baseline,20360817,composite
4,swap,0.8708072901144501,1154.879293053733,1149.7927896007643,0.004404359385056479,True,2,True,0.05186212499756948,0.2667801669995242,"{'instance': 'synthetic_evrptw_n100_seed20360817_baseline', 'scale': 100, 'seed': 20360817, 'source': 'composite'}",,baseline,E_adaptive_portfolio,synthetic_evrptw_n100_seed20360817_baseline,20360817,composite
5,two_opt,0.8880453688256637,1149.7927896007643,1109.3800153687673,0.03514787585859647,True,8,True,0.010418334000860341,0.27719850100038457,"{'instance': 'synthetic_evrptw_n100_seed20360817_baseline', 'scale': 100, 'seed': 20360817, 'source': 'composite'}",,baseline,E_adaptive_portfolio,synthetic_evrptw_n100_seed20360817_baseline,20360817,composite
6,relocate,0.7046383119624156,1109.3800153687673,1094.3014488801798,0.01359188580981898,True,10,True,0.08563404099913896,0.36283254199952353,"{'instance': 'synthetic_evrptw_n100_seed20360817_baseline', 'scale': 100, 'seed': 20360817, 'source': 'composite'}",,baseline,E_adaptive_portfolio,synthetic_evrptw_n100_seed20360817_baseline,20360817,composite
7,swap,0.7159817126564001,1094.3014488801798,1089.9405884645103,0.0039850631835789884,True,2,True,0.05417308300093282,0.41700562500045635,"{'instance': 'synthetic_evrptw_n100_seed20360817_baseline', 'scale': 100, 'seed': 20360817, 'source': 'composite'}",,baseline,E_adaptive_portfolio,synthetic_evrptw_n100_seed20360817_baseline,20360817,composite
8,two_opt,0.7313408310474645,1089.9405884645103,1089.323016027649,0.0005666111010063061,True,1,True,0.008128124998620478,0.4251337499990768,"{'instance': 'synthetic_evrptw_n100_seed20360817_baseline', 'scale': 100, 'seed': 20360817, 'source': 'composite'}",,baseline,E_adaptive_portfolio,synthetic_evrptw_n100_seed20360817_baseline,20360817,composite
9,relocate,0.6316511444621938,1089.323016027649,1077.4189288074576,0.010927968146308899,True,5,True,0.09251470800154493,0.5176484580006218,"{'instance': 'synthetic_evrptw_n100_seed20360817_baseline', 'scale': 100, 'seed': 20360817, 'source': 'composite'}",,baseline,E_adaptive_portfolio,synthetic_evrptw_n100_seed20360817_baseline,20360817,composite
10,swap,0.6315974387790599,1077.4189288074576,1077.4189288074576,0.0,False,0,True,0.05548104199988302,0.5731295000005048,"{'instance': 'synthetic_evrptw_n100_seed20360817_baseline', 'scale': 100, 'seed': 20360817, 'source': 'composite'}",,baseline,E_adaptive_portfolio,synthetic_evrptw_n100_seed20360817_baseline,20360817,composite
11,two_opt,0.6377292675397123,1077.4189288074576,1077.4189288074576,0.0,False,0,True,0.007530208000389393,0.5806597080008942,"{'instance': 'synthetic_evrptw_n100_seed20360817_baseline', 'scale': 100, 'seed': 20360817, 'source': 'composite'}",budget,baseline,E_adaptive_portfolio,synthetic_evrptw_n100_seed20360817_baseline,20360817,composite
0,two_opt,,948.5328696235125,948.5328696235125,0.0,False,0,True,0.010546582998358645,0.010546582998358645,"{'instance': 'synthetic_evrptw_n100_seed20360818_baseline', 'scale': 100, 'seed': 20360818, 'source': 'nearest'}",,baseline,E_adaptive_portfolio,synthetic_evrptw_n100_seed20360818_baseline,20360818,nearest
1,relocate,,948.5328696235125,915.0425901682881,0.035307452728040076,True,13,True,0.0893779159996484,0.09992449899800704,"{'instance': 'synthetic_evrptw_n100_seed20360818_baseline', 'scale': 100, 'seed': 20360818, 'source': 'nearest'}",,baseline,E_adaptive_portfolio,synthetic_evrptw_n100_seed20360818_baseline,20360818,nearest
2,swap,,915.0425901682881,897.2147427206883,0.019483079409802234,True,3,True,0.05176262500026496,0.151687123998272,"{'instance': 'synthetic_evrptw_n100_seed20360818_baseline', 'scale': 100, 'seed': 20360818, 'source': 'nearest'}",,baseline,E_adaptive_portfolio,synthetic_evrptw_n100_seed20360818_baseline,20360818,nearest
3,relocate,0.7690104045057835,897.2147427206883,885.0706803911271,0.013535290662674422,True,9,True,0.09026587500193273,0.24195299900020473,"{'instance': 'synthetic_evrptw_n100_seed20360818_baseline', 'scale': 100, 'seed': 20360818, 'source': 'nearest'}",,baseline,E_adaptive_portfolio,synthetic_evrptw_n100_seed20360818_baseline,20360818,nearest
4,swap,0.8436700951706344,885.0706803911271,878.3779174115801,0.007561840119468555,True,2,True,0.05002633399999468,0.2919793330001994,"{'instance': 'synthetic_evrptw_n100_seed20360818_baseline', 'scale': 100, 'seed': 20360818, 'source': 'nearest'}",,baseline,E_adaptive_portfolio,synthetic_evrptw_n100_seed20360818_baseline,20360818,nearest
5,two_opt,0.8880453688256637,878.3779174115801,863.041087259089,0.017460400413623827,True,3,True,0.012240583000675542,0.30421991600087495,"{'instance': 'synthetic_evrptw_n100_seed20360818_baseline', 'scale': 100, 'seed': 20360818, 'source': 'nearest'}",,baseline,E_adaptive_portfolio,synthetic_evrptw_n100_seed20360818_baseline,20360818,nearest
6,relocate,0.6869778371840531,863.041087259089,852.2225193049431,0.012535403138805629,True,7,True,0.08591633299874957,0.3901362489996245,"{'instance': 'synthetic_evrptw_n100_seed20360818_baseline', 'scale': 100, 'seed': 20360818, 'source': 'nearest'}",,baseline,E_adaptive_portfolio,synthetic_evrptw_n100_seed20360818_baseline,20360818,nearest
7,swap,0.7039918555516983,852.2225193049431,852.2225193049431,0.0,False,0,True,0.049831125001219334,0.43996737400084385,"{'instance': 'synthetic_evrptw_n100_seed20360818_baseline', 'scale': 100, 'seed': 20360818, 'source': 'nearest'}",,baseline,E_adaptive_portfolio,synthetic_evrptw_n100_seed20360818_baseline,20360818,nearest
8,two_opt,0.7224970933249781,852.2225193049431,852.2225193049431,0.0,False,0,True,0.009331041997938883,0.44929841599878273,"{'instance': 'synthetic_evrptw_n100_seed20360818_baseline', 'scale': 100, 'seed': 20360818, 'source': 'nearest'}",,baseline,E_adaptive_portfolio,synthetic_evrptw_n100_seed20360818_baseline,20360818,nearest
9,relocate,0.6195253337196144,852.2225193049431,842.4443257357627,0.011473756381320843,True,4,True,0.09076929199727601,0.5400677079960587,"{'instance': 'synthetic_evrptw_n100_seed20360818_baseline', 'scale': 100, 'seed': 20360818, 'source': 'nearest'}",,baseline,E_adaptive_portfolio,synthetic_evrptw_n100_seed20360818_baseline,20360818,nearest
10,swap,0.6222758463147324,842.4443257357627,842.4443257357627,0.0,False,0,True,0.05135487499865121,0.59142258299471,"{'instance': 'synthetic_evrptw_n100_seed20360818_baseline', 'scale': 100, 'seed': 20360818, 'source': 'nearest'}",,baseline,E_adaptive_portfolio,synthetic_evrptw_n100_seed20360818_baseline,20360818,nearest
11,two_opt,0.631644572024386,842.4443257357627,842.4443257357627,0.0,False,0,True,0.009442333001061343,0.6008649159957713,"{'instance': 'synthetic_evrptw_n100_seed20360818_baseline', 'scale': 100, 'seed': 20360818, 'source': 'nearest'}",budget,baseline,E_adaptive_portfolio,synthetic_evrptw_n100_seed20360818_baseline,20360818,nearest
0,two_opt,,1123.7458565924,1123.7458565924,0.0,False,0,True,0.01038295899707009,0.01038295899707009,"{'instance': 'synthetic_evrptw_n100_seed20360818_baseline', 'scale': 100, 'seed': 20360818, 'source': 'composite'}",,baseline,E_adaptive_portfolio,synthetic_evrptw_n100_seed20360818_baseline,20360818,composite
1,relocate,,1123.7458565924,1057.8942915221824,0.058600051500882266,True,23,True,0.08023112500086427,0.09061408399793436,"{'instance': 'synthetic_evrptw_n100_seed20360818_baseline', 'scale': 100, 'seed': 20360818, 'source': 'composite'}",,baseline,E_adaptive_portfolio,synthetic_evrptw_n100_seed20360818_baseline,20360818,composite
2,swap,,1057.8942915221824,1034.3635809328082,0.02224296962177224,True,7,True,0.045094582997990074,0.13570866699592443,"{'instance': 'synthetic_evrptw_n100_seed20360818_baseline', 'scale': 100, 'seed': 20360818, 'source': 'composite'}",,baseline,E_adaptive_portfolio,synthetic_evrptw_n100_seed20360818_baseline,20360818,composite
3,relocate,0.7923030032786258,1034.3635809328082,1017.0031374467062,0.01678369560386689,True,9,True,0.08133483299752697,0.2170434999934514,"{'instance': 'synthetic_evrptw_n100_seed20360818_baseline', 'scale': 100, 'seed': 20360818, 'source': 'composite'}",,baseline,E_adaptive_portfolio,synthetic_evrptw_n100_seed20360818_baseline,20360818,composite
4,swap,0.8464299853826044,1017.0031374467062,1007.5738705445435,0.009271620268385652,True,4,True,0.04622791599831544,0.26327141599176684,"{'instance': 'synthetic_evrptw_n100_seed20360818_baseline', 'scale': 100, 'seed': 20360818, 'source': 'composite'}",,baseline,E_adaptive_portfolio,synthetic_evrptw_n100_seed20360818_baseline,20360818,composite
5,two_opt,0.8880453688256637,1007.5738705445435,993.9059090575553,0.013565220264794476,True,5,True,0.01495516700015287,0.2782265829919197,"{'instance': 'synthetic_evrptw_n100_seed20360818_baseline', 'scale': 100, 'seed': 20360818, 'source': 'composite'}",,baseline,E_adaptive_portfolio,synthetic_evrptw_n100_seed20360818_baseline,20360818,composite
6,relocate,0.7002483390410704,993.9059090575553,990.8799328149951,0.0030445298845536654,True,5,True,0.08911862500099232,0.36734520799291204,"{'instance': 'synthetic_evrptw_n100_seed20360818_baseline', 'scale': 100, 'seed': 20360818, 'source': 'composite'}",,baseline,E_adaptive_portfolio,synthetic_evrptw_n100_seed20360818_baseline,20360818,composite
7,swap,0.7062266907321418,990.8799328149951,985.6624877818916,0.005265466440803966,True,7,True,0.047167749999061925,0.41451295799197396,"{'instance': 'synthetic_evrptw_n100_seed20360818_baseline', 'scale': 100, 'seed': 20360818, 'source': 'composite'}",,baseline,E_adaptive_portfolio,synthetic_evrptw_n100_seed20360818_baseline,20360818,composite
8,two_opt,0.7205495032505634,985.6624877818916,985.4035037469791,0.00026275123393941643,True,1,True,0.00922691700179712,0.4237398749937711,"{'instance': 'synthetic_evrptw_n100_seed20360818_baseline', 'scale': 100, 'seed': 20360818, 'source': 'composite'}",,baseline,E_adaptive_portfolio,synthetic_evrptw_n100_seed20360818_baseline,20360818,composite
9,relocate,0.625208710539542,985.4035037469791,984.2155420257607,0.0012055586535883707,True,3,True,0.08549437500187196,0.509234249995643,"{'instance': 'synthetic_evrptw_n100_seed20360818_baseline', 'scale': 100, 'seed': 20360818, 'source': 'composite'}",,baseline,E_adaptive_portfolio,synthetic_evrptw_n100_seed20360818_baseline,20360818,composite
10,swap,0.625520891915296,984.2155420257607,983.889567964172,0.0003312019041253357,True,1,True,0.047929000000294764,0.5571632499959378,"{'instance': 'synthetic_evrptw_n100_seed20360818_baseline', 'scale': 100, 'seed': 20360818, 'source': 'composite'}",,baseline,E_adaptive_portfolio,synthetic_evrptw_n100_seed20360818_baseline,20360818,composite
11,two_opt,0.6304337623860894,983.889567964172,983.889567964172,0.0,False,0,True,0.008914000001823297,0.5660772499977611,"{'instance': 'synthetic_evrptw_n100_seed20360818_baseline', 'scale': 100, 'seed': 20360818, 'source': 'composite'}",budget,baseline,E_adaptive_portfolio,synthetic_evrptw_n100_seed20360818_baseline,20360818,composite
0,two_opt,,1015.3523862588027,1015.3523862588027,0.0,False,0,True,0.00861941699986346,0.00861941699986346,"{'instance': 'synthetic_evrptw_n100_seed20360819_baseline', 'scale': 100, 'seed': 20360819, 'source': 'nearest'}",,baseline,E_adaptive_portfolio,synthetic_evrptw_n100_seed20360819_baseline,20360819,nearest
1,relocate,,1015.3523862588027,993.7970119040343,0.021229451613534785,True,12,True,0.08355854200272006,0.09217795900258352,"{'instance': 'synthetic_evrptw_n100_seed20360819_baseline', 'scale': 100, 'seed': 20360819, 'source': 'nearest'}",,baseline,E_adaptive_portfolio,synthetic_evrptw_n100_seed20360819_baseline,20360819,nearest
2,swap,,993.7970119040343,981.2255789076319,0.012649900176613136,True,4,True,0.045991791997948894,0.13816975100053241,"{'instance': 'synthetic_evrptw_n100_seed20360819_baseline', 'scale': 100, 'seed': 20360819, 'source': 'nearest'}",,baseline,E_adaptive_portfolio,synthetic_evrptw_n100_seed20360819_baseline,20360819,nearest
3,relocate,0.7549324033912782,981.2255789076319,978.9308598948618,0.0023386253498657544,True,3,True,0.08342700000139303,0.22159675100192544,"{'instance': 'synthetic_evrptw_n100_seed20360819_baseline', 'scale': 100, 'seed': 20360819, 'source': 'nearest'}",,baseline,E_adaptive_portfolio,synthetic_evrptw_n100_seed20360819_baseline,20360819,nearest
4,swap,0.8368369159374454,978.9308598948618,977.4430504019377,0.0015198310257415275,True,3,True,0.04521824999756063,0.2668150009994861,"{'instance': 'synthetic_evrptw_n100_seed20360819_baseline', 'scale': 100, 'seed': 20360819, 'source': 'nearest'}",,baseline,E_adaptive_portfolio,synthetic_evrptw_n100_seed20360819_baseline,20360819,nearest
5,two_opt,0.8880453688256637,977.4430504019377,977.4430504019377,0.0,False,0,True,0.007371750001766486,0.27418675100125256,"{'instance': 'synthetic_evrptw_n100_seed20360819_baseline', 'scale': 100, 'seed': 20360819, 'source': 'nearest'}",,baseline,E_adaptive_portfolio,synthetic_evrptw_n100_seed20360819_baseline,20360819,nearest
6,relocate,0.6743405039703961,977.4430504019377,977.1098224839045,0.00034091798790344144,True,1,True,0.08511008300047251,0.3592968340017251,"{'instance': 'synthetic_evrptw_n100_seed20360819_baseline', 'scale': 100, 'seed': 20360819, 'source': 'nearest'}",,baseline,E_adaptive_portfolio,synthetic_evrptw_n100_seed20360819_baseline,20360819,nearest
7,swap,0.6975542613882403,977.1098224839045,977.1098224839045,0.0,False,0,True,0.04687079199720756,0.40616762599893264,"{'instance': 'synthetic_evrptw_n100_seed20360819_baseline', 'scale': 100, 'seed': 20360819, 'source': 'nearest'}",,baseline,E_adaptive_portfolio,synthetic_evrptw_n100_seed20360819_baseline,20360819,nearest
8,two_opt,0.7137668931181662,977.1098224839045,977.1098224839045,0.0,False,0,True,0.008193666999432025,0.41436129299836466,"{'instance': 'synthetic_evrptw_n100_seed20360819_baseline', 'scale': 100, 'seed': 20360819, 'source': 'nearest'}",,baseline,E_adaptive_portfolio,synthetic_evrptw_n100_seed20360819_baseline,20360819,nearest
9,relocate,0.6070356165268757,977.1098224839045,977.0498406077049,6.138703635901698e-05,True,1,True,0.08687045899932855,0.5012317519976932,"{'instance': 'synthetic_evrptw_n100_seed20360819_baseline', 'scale': 100, 'seed': 20360819, 'source': 'nearest'}",,baseline,E_adaptive_portfolio,synthetic_evrptw_n100_seed20360819_baseline,20360819,nearest
10,swap,0.617984116872427,977.0498406077049,977.0498406077049,0.0,False,0,True,0.04431795900018187,0.5455497109978751,"{'instance': 'synthetic_evrptw_n100_seed20360819_baseline', 'scale': 100, 'seed': 20360819, 'source': 'nearest'}",,baseline,E_adaptive_portfolio,synthetic_evrptw_n100_seed20360819_baseline,20360819,nearest
11,two_opt,0.625824438553178,977.0498406077049,977.0498406077049,0.0,False,0,True,0.007663625001441687,0.5532133359993168,"{'instance': 'synthetic_evrptw_n100_seed20360819_baseline', 'scale': 100, 'seed': 20360819, 'source': 'nearest'}",budget,baseline,E_adaptive_portfolio,synthetic_evrptw_n100_seed20360819_baseline,20360819,nearest
0,two_opt,,1029.7535566513723,1029.7535566513723,0.0,False,0,True,0.008758249998209067,0.008758249998209067,"{'instance': 'synthetic_evrptw_n100_seed20360819_baseline', 'scale': 100, 'seed': 20360819, 'source': 'composite'}",,baseline,E_adaptive_portfolio,synthetic_evrptw_n100_seed20360819_baseline,20360819,composite
1,relocate,,1029.7535566513723,978.6024116272715,0.04967319092389228,True,10,True,0.08172924999962561,0.09048749999783468,"{'instance': 'synthetic_evrptw_n100_seed20360819_baseline', 'scale': 100, 'seed': 20360819, 'source': 'composite'}",,baseline,E_adaptive_portfolio,synthetic_evrptw_n100_seed20360819_baseline,20360819,composite
2,swap,,978.6024116272715,973.4469704615647,0.0052681672397824186,True,3,True,0.049864166001498234,0.1403516659993329,"{'instance': 'synthetic_evrptw_n100_seed20360819_baseline', 'scale': 100, 'seed': 20360819, 'source': 'composite'}",,baseline,E_adaptive_portfolio,synthetic_evrptw_n100_seed20360819_baseline,20360819,composite
3,relocate,0.7833761427016358,973.4469704615647,959.5779214824852,0.01424735953772952,True,9,True,0.0853465000000142,0.2256981659993471,"{'instance': 'synthetic_evrptw_n100_seed20360819_baseline', 'scale': 100, 'seed': 20360819, 'source': 'composite'}",,baseline,E_adaptive_portfolio,synthetic_evrptw_n100_seed20360819_baseline,20360819,composite
4,swap,0.8294551830006146,959.5779214824852,955.136963912563,0.004628032253035958,True,4,True,0.051053582999884384,0.2767517489992315,"{'instance': 'synthetic_evrptw_n100_seed20360819_baseline', 'scale': 100, 'seed': 20360819, 'source': 'composite'}",,baseline,E_adaptive_portfolio,synthetic_evrptw_n100_seed20360819_baseline,20360819,composite
5,two_opt,0.8880453688256637,955.136963912563,942.1049106545656,0.01364417225003388,True,5,True,0.012338042000919813,0.2890897910001513,"{'instance': 'synthetic_evrptw_n100_seed20360819_baseline', 'scale': 100, 'seed': 20360819, 'source': 'composite'}",,baseline,E_adaptive_portfolio,synthetic_evrptw_n100_seed20360819_baseline,20360819,composite
6,relocate,0.6945167407195068,942.1049106545656,929.5740254570912,0.013300944571839722,True,7,True,0.08340812499955064,0.37249791599970195,"{'instance': 'synthetic_evrptw_n100_seed20360819_baseline', 'scale': 100, 'seed': 20360819, 'source': 'composite'}",,baseline,E_adaptive_portfolio,synthetic_evrptw_n100_seed20360819_baseline,20360819,composite
7,two_opt,0.6972914819120798,929.5740254570912,929.4225805973279,0.00016291855798027344,True,1,True,0.007906833001470659,0.3804047490011726,"{'instance': 'synthetic_evrptw_n100_seed20360819_baseline', 'scale': 100, 'seed': 20360819, 'source': 'composite'}",,baseline,E_adaptive_portfolio,synthetic_evrptw_n100_seed20360819_baseline,20360819,composite
8,swap,0.7187149928645754,929.4225805973279,928.9581548602495,0.0004996927627687998,True,1,True,0.05222641699947417,0.43263116600064677,"{'instance': 'synthetic_evrptw_n100_seed20360819_baseline', 'scale': 100, 'seed': 20360819, 'source': 'composite'}",,baseline,E_adaptive_portfolio,synthetic_evrptw_n100_seed20360819_baseline,20360819,composite
9,relocate,0.6248064498875949,928.9581548602495,927.9899355396371,0.0010422636536927513,True,3,True,0.08662466700116056,0.5192558330018073,"{'instance': 'synthetic_evrptw_n100_seed20360819_baseline', 'scale': 100, 'seed': 20360819, 'source': 'composite'}",,baseline,E_adaptive_portfolio,synthetic_evrptw_n100_seed20360819_baseline,20360819,composite
10,two_opt,0.6178632367409802,927.9899355396371,927.9899355396371,0.0,False,0,True,0.0075017920025857165,0.526757625004393,"{'instance': 'synthetic_evrptw_n100_seed20360819_baseline', 'scale': 100, 'seed': 20360819, 'source': 'composite'}",,baseline,E_adaptive_portfolio,synthetic_evrptw_n100_seed20360819_baseline,20360819,composite
11,swap,0.6292897359717071,927.9899355396371,926.7245202775106,0.001363608821242994,True,1,True,0.05090987500079791,0.577667500005191,"{'instance': 'synthetic_evrptw_n100_seed20360819_baseline', 'scale': 100, 'seed': 20360819, 'source': 'composite'}",budget,baseline,E_adaptive_portfolio,synthetic_evrptw_n100_seed20360819_baseline,20360819,composite
0,two_opt,,1026.5507278929977,1026.5507278929977,0.0,False,0,True,0.009164625000266824,0.009164625000266824,"{'instance': 'synthetic_evrptw_n100_seed20360820_baseline', 'scale': 100, 'seed': 20360820, 'source': 'nearest'}",,baseline,E_adaptive_portfolio,synthetic_evrptw_n100_seed20360820_baseline,20360820,nearest
1,relocate,,1026.5507278929977,1002.518718380184,0.02341044515368419,True,15,True,0.08283899999878486,0.09200362499905168,"{'instance': 'synthetic_evrptw_n100_seed20360820_baseline', 'scale': 100, 'seed': 20360820, 'source': 'nearest'}",,baseline,E_adaptive_portfolio,synthetic_evrptw_n100_seed20360820_baseline,20360820,nearest
2,swap,,1002.518718380184,993.4325479012051,0.009063342471709545,True,4,True,0.051901500002713874,0.14390512500176555,"{'instance': 'synthetic_evrptw_n100_seed20360820_baseline', 'scale': 100, 'seed': 20360820, 'source': 'nearest'}",,baseline,E_adaptive_portfolio,synthetic_evrptw_n100_seed20360820_baseline,20360820,nearest
3,relocate,0.7571133969314277,993.4325479012051,978.7835965420302,0.014745793652647405,True,13,True,0.07996295799966902,0.22386808300143457,"{'instance': 'synthetic_evrptw_n100_seed20360820_baseline', 'scale': 100, 'seed': 20360820, 'source': 'nearest'}",,baseline,E_adaptive_portfolio,synthetic_evrptw_n100_seed20360820_baseline,20360820,nearest
4,swap,0.8332503582325418,978.7835965420302,961.2237477420598,0.017940481289232906,True,4,True,0.051348291999602225,0.2752163750010368,"{'instance': 'synthetic_evrptw_n100_seed20360820_baseline', 'scale': 100, 'seed': 20360820, 'source': 'nearest'}",,baseline,E_adaptive_portfolio,synthetic_evrptw_n100_seed20360820_baseline,20360820,nearest
5,two_opt,0.8880453688256637,961.2237477420598,959.5903620461338,0.0016992773012140631,True,2,True,0.011236124999413732,0.2864525000004505,"{'instance': 'synthetic_evrptw_n100_seed20360820_baseline', 'scale': 100, 'seed': 20360820, 'source': 'nearest'}",,baseline,E_adaptive_portfolio,synthetic_evrptw_n100_seed20360820_baseline,20360820,nearest
6,relocate,0.6816345848918617,959.5903620461338,944.457205627096,0.01577043394513616,True,9,True,0.08068241700311773,0.36713491700356826,"{'instance': 'synthetic_evrptw_n100_seed20360820_baseline', 'scale': 100, 'seed': 20360820, 'source': 'nearest'}",,baseline,E_adaptive_portfolio,synthetic_evrptw_n100_seed20360820_baseline,20360820,nearest
7,swap,0.7039713076675341,944.457205627096,933.624581681006,0.011469682142874167,True,6,True,0.05046312500053318,0.41759804200410144,"{'instance': 'synthetic_evrptw_n100_seed20360820_baseline', 'scale': 100, 'seed': 20360820, 'source': 'nearest'}",,baseline,E_adaptive_portfolio,synthetic_evrptw_n100_seed20360820_baseline,20360820,nearest
8,two_opt,0.7146165317687733,933.624581681006,933.1386106005062,0.000520520871060166,True,1,True,0.008314583999890601,0.42591262600399205,"{'instance': 'synthetic_evrptw_n100_seed20360820_baseline', 'scale': 100, 'seed': 20360820, 'source': 'nearest'}",,baseline,E_adaptive_portfolio,synthetic_evrptw_n100_seed20360820_baseline,20360820,nearest
9,relocate,0.6170415091269303,933.1386106005062,930.9350430981041,0.0023614578556385053,True,4,True,0.08148904200061224,0.5074016680046043,"{'instance': 'synthetic_evrptw_n100_seed20360820_baseline', 'scale': 100, 'seed': 20360820, 'source': 'nearest'}",,baseline,E_adaptive_portfolio,synthetic_evrptw_n100_seed20360820_baseline,20360820,nearest
10,swap,0.6260853751062476,930.9350430981041,930.9350430981041,0.0,False,0,True,0.049118375001853565,0.5565200430064579,"{'instance': 'synthetic_evrptw_n100_seed20360820_baseline', 'scale': 100, 'seed': 20360820, 'source': 'nearest'}",,baseline,E_adaptive_portfolio,synthetic_evrptw_n100_seed20360820_baseline,20360820,nearest
11,two_opt,0.6265643712772695,930.9350430981041,930.9350430981041,0.0,False,0,True,0.00739166700077476,0.5639117100072326,"{'instance': 'synthetic_evrptw_n100_seed20360820_baseline', 'scale': 100, 'seed': 20360820, 'source': 'nearest'}",budget,baseline,E_adaptive_portfolio,synthetic_evrptw_n100_seed20360820_baseline,20360820,nearest
0,two_opt,,1180.830601182252,1180.830601182252,0.0,False,0,True,0.009147500000835862,0.009147500000835862,"{'instance': 'synthetic_evrptw_n100_seed20360820_baseline', 'scale': 100, 'seed': 20360820, 'source': 'composite'}",,baseline,E_adaptive_portfolio,synthetic_evrptw_n100_seed20360820_baseline,20360820,composite
1,relocate,,1180.830601182252,1136.9123357396832,0.03719268911103561,True,22,True,0.07883441600279184,0.0879819160036277,"{'instance': 'synthetic_evrptw_n100_seed20360820_baseline', 'scale': 100, 'seed': 20360820, 'source': 'composite'}",,baseline,E_adaptive_portfolio,synthetic_evrptw_n100_seed20360820_baseline,20360820,composite
2,swap,,1136.9123357396832,1081.5008224908674,0.048738597961261974,True,9,True,0.05024287499691127,0.13822479100053897,"{'instance': 'synthetic_evrptw_n100_seed20360820_baseline', 'scale': 100, 'seed': 20360820, 'source': 'composite'}",,baseline,E_adaptive_portfolio,synthetic_evrptw_n100_seed20360820_baseline,20360820,composite
3,swap,0.7824415497390055,1081.5008224908674,1079.8245130976572,0.0015499843905337012,True,1,True,0.05184870799712371,0.19007349899766268,"{'instance': 'synthetic_evrptw_n100_seed20360820_baseline', 'scale': 100, 'seed': 20360820, 'source': 'composite'}",,baseline,E_adaptive_portfolio,synthetic_evrptw_n100_seed20360820_baseline,20360820,composite
4,relocate,0.8613797048718678,1079.8245130976572,1069.3102330375593,0.009737026648835695,True,6,True,0.08538908399714273,0.2754625829948054,"{'instance': 'synthetic_evrptw_n100_seed20360820_baseline', 'scale': 100, 'seed': 20360820, 'source': 'composite'}",,baseline,E_adaptive_portfolio,synthetic_evrptw_n100_seed20360820_baseline,20360820,composite
5,two_opt,0.8880453688256637,1069.3102330375593,1066.4833274380178,0.002643672072146193,True,2,True,0.008876874999259599,0.284339457994065,"{'instance': 'synthetic_evrptw_n100_seed20360820_baseline', 'scale': 100, 'seed': 20360820, 'source': 'composite'}",,baseline,E_adaptive_portfolio,synthetic_evrptw_n100_seed20360820_baseline,20360820,composite
6,swap,0.6877007566645936,1066.4833274380178,1060.6792357368683,0.005442271390301476,True,3,True,0.050488166001741774,0.3348276239958068,"{'instance': 'synthetic_evrptw_n100_seed20360820_baseline', 'scale': 100, 'seed': 20360820, 'source': 'composite'}",,baseline,E_adaptive_portfolio,synthetic_evrptw_n100_seed20360820_baseline,20360820,composite
7,relocate,0.7139342536669986,1060.6792357368683,1058.578527017139,0.001980531577267904,True,1,True,0.08816045799903804,0.42298808199484483,"{'instance': 'synthetic_evrptw_n100_seed20360820_baseline', 'scale': 100, 'seed': 20360820, 'source': 'composite'}",,baseline,E_adaptive_portfolio,synthetic_evrptw_n100_seed20360820_baseline,20360820,composite
8,two_opt,0.7150887291542393,1058.578527017139,1058.578527017139,0.0,False,0,True,0.007637915998202516,0.43062599799304735,"{'instance': 'synthetic_evrptw_n100_seed20360820_baseline', 'scale': 100, 'seed': 20360820, 'source': 'composite'}",,baseline,E_adaptive_portfolio,synthetic_evrptw_n100_seed20360820_baseline,20360820,composite
9,swap,0.6176429027904734,1058.578527017139,1056.6359858485391,0.0018350468283856681,True,1,True,0.05251549999957206,0.4831414979926194,"{'instance': 'synthetic_evrptw_n100_seed20360820_baseline', 'scale': 100, 'seed': 20360820, 'source': 'composite'}",,baseline,E_adaptive_portfolio,synthetic_evrptw_n100_seed20360820_baseline,20360820,composite
10,relocate,0.6295642889173552,1056.6359858485391,1053.6898221402294,0.002788248505414881,True,3,True,0.08817104200352333,0.5713125399961427,"{'instance': 'synthetic_evrptw_n100_seed20360820_baseline', 'scale': 100, 'seed': 20360820, 'source': 'composite'}",,baseline,E_adaptive_portfolio,synthetic_evrptw_n100_seed20360820_baseline,20360820,composite
11,two_opt,0.6267056625772268,1053.6898221402294,1053.6898221402294,0.0,False,0,True,0.007673124997381819,0.5789856649935246,"{'instance': 'synthetic_evrptw_n100_seed20360820_baseline', 'scale': 100, 'seed': 20360820, 'source': 'composite'}",budget,baseline,E_adaptive_portfolio,synthetic_evrptw_n100_seed20360820_baseline,20360820,composite
0,two_opt,,1132.1963300140121,1132.1963300140121,0.0,False,0,True,0.008991874998173444,0.008991874998173444,"{'instance': 'synthetic_evrptw_n100_seed20360821_baseline', 'scale': 100, 'seed': 20360821, 'source': 'nearest'}",,baseline,E_adaptive_portfolio,synthetic_evrptw_n100_seed20360821_baseline,20360821,nearest
1,relocate,,1132.1963300140121,1106.8205952345938,0.022412839634539557,True,17,True,0.07664137499887147,0.08563324999704491,"{'instance': 'synthetic_evrptw_n100_seed20360821_baseline', 'scale': 100, 'seed': 20360821, 'source': 'nearest'}",,baseline,E_adaptive_portfolio,synthetic_evrptw_n100_seed20360821_baseline,20360821,nearest
2,swap,,1106.8205952345938,1063.6822023491834,0.038975054377504724,True,7,True,0.04684837500099093,0.13248162499803584,"{'instance': 'synthetic_evrptw_n100_seed20360821_baseline', 'scale': 100, 'seed': 20360821, 'source': 'nearest'}",,baseline,E_adaptive_portfolio,synthetic_evrptw_n100_seed20360821_baseline,20360821,nearest
3,swap,0.7726780061552482,1063.6822023491834,1061.706329007117,0.0018575786430408572,True,2,True,0.04388170799938962,0.17636333299742546,"{'instance': 'synthetic_evrptw_n100_seed20360821_baseline', 'scale': 100, 'seed': 20360821, 'source': 'nearest'}",,baseline,E_adaptive_portfolio,synthetic_evrptw_n100_seed20360821_baseline,20360821,nearest
4,relocate,0.8465998553953717,1061.706329007117,1051.7208540209053,0.009405119582879139,True,9,True,0.08055541700014146,0.2569187499975669,"{'instance': 'synthetic_evrptw_n100_seed20360821_baseline', 'scale': 100, 'seed': 20360821, 'source': 'nearest'}",,baseline,E_adaptive_portfolio,synthetic_evrptw_n100_seed20360821_baseline,20360821,nearest
5,two_opt,0.8880453688256637,1051.7208540209053,1040.503151006562,0.01066604600589242,True,3,True,0.00856500000008964,0.26548374999765656,"{'instance': 'synthetic_evrptw_n100_seed20360821_baseline', 'scale': 100, 'seed': 20360821, 'source': 'nearest'}",,baseline,E_adaptive_portfolio,synthetic_evrptw_n100_seed20360821_baseline,20360821,nearest
6,swap,0.6829727819989686,1040.503151006562,1035.2470149240116,0.005051533075575577,True,2,True,0.047884040999633726,0.3133677909972903,"{'instance': 'synthetic_evrptw_n100_seed20360821_baseline', 'scale': 100, 'seed': 20360821, 'source': 'nearest'}",,baseline,E_adaptive_portfolio,synthetic_evrptw_n100_seed20360821_baseline,20360821,nearest
7,relocate,0.7063783753957722,1035.2470149240116,1012.3730519671423,0.022095174028150522,True,5,True,0.08465037499991013,0.3980181659972004,"{'instance': 'synthetic_evrptw_n100_seed20360821_baseline', 'scale': 100, 'seed': 20360821, 'source': 'nearest'}",,baseline,E_adaptive_portfolio,synthetic_evrptw_n100_seed20360821_baseline,20360821,nearest
8,two_opt,0.7190999161211125,1012.3730519671423,1012.3730519671423,0.0,False,0,True,0.00786704100028146,0.4058852069974819,"{'instance': 'synthetic_evrptw_n100_seed20360821_baseline', 'scale': 100, 'seed': 20360821, 'source': 'nearest'}",,baseline,E_adaptive_portfolio,synthetic_evrptw_n100_seed20360821_baseline,20360821,nearest
9,relocate,0.6170369959582974,1012.3730519671423,1006.5664812719049,0.005735603771707114,True,3,True,0.08454233299926273,0.4904275399967446,"{'instance': 'synthetic_evrptw_n100_seed20360821_baseline', 'scale': 100, 'seed': 20360821, 'source': 'nearest'}",,baseline,E_adaptive_portfolio,synthetic_evrptw_n100_seed20360821_baseline,20360821,nearest
10,swap,0.6285555951703492,1006.5664812719049,1005.6015312182839,0.0009586550631029277,True,1,True,0.04623849999916274,0.5366660399959073,"{'instance': 'synthetic_evrptw_n100_seed20360821_baseline', 'scale': 100, 'seed': 20360821, 'source': 'nearest'}",,baseline,E_adaptive_portfolio,synthetic_evrptw_n100_seed20360821_baseline,20360821,nearest
11,two_opt,0.6293797872218089,1005.6015312182839,994.4215134511786,0.01111774139162327,True,2,True,0.009734040999319404,0.5464000809952267,"{'instance': 'synthetic_evrptw_n100_seed20360821_baseline', 'scale': 100, 'seed': 20360821, 'source': 'nearest'}",budget,baseline,E_adaptive_portfolio,synthetic_evrptw_n100_seed20360821_baseline,20360821,nearest
0,two_opt,,1160.9835149997105,1160.9835149997105,0.0,False,0,True,0.009433374998479849,0.009433374998479849,"{'instance': 'synthetic_evrptw_n100_seed20360821_baseline', 'scale': 100, 'seed': 20360821, 'source': 'composite'}",,baseline,E_adaptive_portfolio,synthetic_evrptw_n100_seed20360821_baseline,20360821,composite
1,relocate,,1160.9835149997105,1101.2624234007812,0.0514400857784308,True,21,True,0.08209541699761758,0.09152879199609742,"{'instance': 'synthetic_evrptw_n100_seed20360821_baseline', 'scale': 100, 'seed': 20360821, 'source': 'composite'}",,baseline,E_adaptive_portfolio,synthetic_evrptw_n100_seed20360821_baseline,20360821,composite
2,swap,,1101.2624234007812,1085.2387623084505,0.014550265905603536,True,6,True,0.05126104199734982,0.14278983399344725,"{'instance': 'synthetic_evrptw_n100_seed20360821_baseline', 'scale': 100, 'seed': 20360821, 'source': 'composite'}",,baseline,E_adaptive_portfolio,synthetic_evrptw_n100_seed20360821_baseline,20360821,composite
3,relocate,0.7851430375561743,1085.2387623084505,1055.7637450329514,0.027159937793598286,True,17,True,0.08314495900049224,0.22593479299393948,"{'instance': 'synthetic_evrptw_n100_seed20360821_baseline', 'scale': 100, 'seed': 20360821, 'source': 'composite'}",,baseline,E_adaptive_portfolio,synthetic_evrptw_n100_seed20360821_baseline,20360821,composite
4,swap,0.8387372816664357,1055.7637450329514,1049.3749636419684,0.006051336220854612,True,4,True,0.04959404200053541,0.2755288349944749,"{'instance': 'synthetic_evrptw_n100_seed20360821_baseline', 'scale': 100, 'seed': 20360821, 'source': 'composite'}",,baseline,E_adaptive_portfolio,synthetic_evrptw_n100_seed20360821_baseline,20360821,composite
5,two_opt,0.8880453688256637,1049.3749636419684,1046.8108268790957,0.002443489554938149,True,3,True,0.009268417001294438,0.28479725199576933,"{'instance': 'synthetic_evrptw_n100_seed20360821_baseline', 'scale': 100, 'seed': 20360821, 'source': 'composite'}",,baseline,E_adaptive_portfolio,synthetic_evrptw_n100_seed20360821_baseline,20360821,composite
6,relocate,0.7018564772747103,1046.8108268790957,1028.1246228290963,0.017850602582807972,True,10,True,0.08058516700111795,0.3653824189968873,"{'instance': 'synthetic_evrptw_n100_seed20360821_baseline', 'scale': 100, 'seed': 20360821, 'source': 'composite'}",,baseline,E_adaptive_portfolio,synthetic_evrptw_n100_seed20360821_baseline,20360821,composite
7,swap,0.700770196850292,1028.1246228290963,1022.5402908564879,0.00543157108448778,True,5,True,0.05090558400115697,0.41628800299804425,"{'instance': 'synthetic_evrptw_n100_seed20360821_baseline', 'scale': 100, 'seed': 20360821, 'source': 'composite'}",,baseline,E_adaptive_portfolio,synthetic_evrptw_n100_seed20360821_baseline,20360821,composite
8,two_opt,0.7149886378956353,1022.5402908564879,1021.4397394913798,0.001076291442937947,True,1,True,0.00910529199973098,0.42539329499777523,"{'instance': 'synthetic_evrptw_n100_seed20360821_baseline', 'scale': 100, 'seed': 20360821, 'source': 'composite'}",,baseline,E_adaptive_portfolio,synthetic_evrptw_n100_seed20360821_baseline,20360821,composite
9,relocate,0.6312161602613867,1021.4397394913798,1016.4091803063505,0.004924969129881487,True,6,True,0.08365266600230825,0.5090459610000835,"{'instance': 'synthetic_evrptw_n100_seed20360821_baseline', 'scale': 100, 'seed': 20360821, 'source': 'composite'}",,baseline,E_adaptive_portfolio,synthetic_evrptw_n100_seed20360821_baseline,20360821,composite
10,swap,0.6219385975419575,1016.4091803063505,1007.0192600781804,0.009238326857043892,True,5,True,0.05185520799932419,0.5609011689994077,"{'instance': 'synthetic_evrptw_n100_seed20360821_baseline', 'scale': 100, 'seed': 20360821, 'source': 'composite'}",,baseline,E_adaptive_portfolio,synthetic_evrptw_n100_seed20360821_baseline,20360821,composite
11,two_opt,0.6269976988858034,1007.0192600781804,1007.0071225053416,1.2052969908309323e-05,True,1,True,0.009108833000937011,0.5700100020003447,"{'instance': 'synthetic_evrptw_n100_seed20360821_baseline', 'scale': 100, 'seed': 20360821, 'source': 'composite'}",budget,baseline,E_adaptive_portfolio,synthetic_evrptw_n100_seed20360821_baseline,20360821,composite
0,two_opt,,1144.516649015121,1144.516649015121,0.0,False,0,True,0.009885292001854395,0.009885292001854395,"{'instance': 'synthetic_evrptw_n100_seed20360822_baseline', 'scale': 100, 'seed': 20360822, 'source': 'nearest'}",,baseline,E_adaptive_portfolio,synthetic_evrptw_n100_seed20360822_baseline,20360822,nearest
1,relocate,,1144.516649015121,1064.1056700715515,0.07025758778849107,True,22,True,0.08104604199979804,0.09093133400165243,"{'instance': 'synthetic_evrptw_n100_seed20360822_baseline', 'scale': 100, 'seed': 20360822, 'source': 'nearest'}",,baseline,E_adaptive_portfolio,synthetic_evrptw_n100_seed20360822_baseline,20360822,nearest
2,swap,,1064.1056700715515,1039.1405360205974,0.023461141833099473,True,15,True,0.05255954099993687,0.1434908750015893,"{'instance': 'synthetic_evrptw_n100_seed20360822_baseline', 'scale': 100, 'seed': 20360822, 'source': 'nearest'}",,baseline,E_adaptive_portfolio,synthetic_evrptw_n100_seed20360822_baseline,20360822,nearest
3,relocate,0.8039605395662346,1039.1405360205974,1012.4090862789475,0.025724576046295335,True,15,True,0.08102920799865387,0.22452008300024318,"{'instance': 'synthetic_evrptw_n100_seed20360822_baseline', 'scale': 100, 'seed': 20360822, 'source': 'nearest'}",,baseline,E_adaptive_portfolio,synthetic_evrptw_n100_seed20360822_baseline,20360822,nearest
4,swap,0.8476481575939316,1012.4090862789475,1001.1600853663073,0.011111122040582707,True,3,True,0.05630770799689344,0.2808277909971366,"{'instance': 'synthetic_evrptw_n100_seed20360822_baseline', 'scale': 100, 'seed': 20360822, 'source': 'nearest'}",,baseline,E_adaptive_portfolio,synthetic_evrptw_n100_seed20360822_baseline,20360822,nearest
5,two_opt,0.8880453688256637,1001.1600853663073,989.3848504135218,0.01176159050375756,True,3,True,0.009591791000275407,0.290419581997412,"{'instance': 'synthetic_evrptw_n100_seed20360822_baseline', 'scale': 100, 'seed': 20360822, 'source': 'nearest'}",,baseline,E_adaptive_portfolio,synthetic_evrptw_n100_seed20360822_baseline,20360822,nearest
6,relocate,0.710547547406089,989.3848504135218,962.6685003135906,0.02700299088748417,True,11,True,0.08082775000002584,0.37124733199743787,"{'instance': 'synthetic_evrptw_n100_seed20360822_baseline', 'scale': 100, 'seed': 20360822, 'source': 'nearest'}",,baseline,E_adaptive_portfolio,synthetic_evrptw_n100_seed20360822_baseline,20360822,nearest
7,swap,0.707755527723904,962.6685003135906,956.4400845295278,0.006469948670839327,True,4,True,0.05539287500141654,0.4266402069988544,"{'instance': 'synthetic_evrptw_n100_seed20360822_baseline', 'scale': 100, 'seed': 20360822, 'source': 'nearest'}",,baseline,E_adaptive_portfolio,synthetic_evrptw_n100_seed20360822_baseline,20360822,nearest
8,two_opt,0.719647688370045,956.4400845295278,956.4400845295278,0.0,False,0,True,0.007222666998131899,0.4338628739969863,"{'instance': 'synthetic_evrptw_n100_seed20360822_baseline', 'scale': 100, 'seed': 20360822, 'source': 'nearest'}",,baseline,E_adaptive_portfolio,synthetic_evrptw_n100_seed20360822_baseline,20360822,nearest
9,relocate,0.6400610031171979,956.4400845295278,950.1392777066739,0.006587769505659407,True,6,True,0.08689500000036787,0.5207578739973542,"{'instance': 'synthetic_evrptw_n100_seed20360822_baseline', 'scale': 100, 'seed': 20360822, 'source': 'nearest'}",,baseline,E_adaptive_portfolio,synthetic_evrptw_n100_seed20360822_baseline,20360822,nearest
10,swap,0.6269416106531494,950.1392777066739,949.9615143263755,0.00018709191848942887,True,1,True,0.058274625000194646,0.5790324989975488,"{'instance': 'synthetic_evrptw_n100_seed20360822_baseline', 'scale': 100, 'seed': 20360822, 'source': 'nearest'}",,baseline,E_adaptive_portfolio,synthetic_evrptw_n100_seed20360822_baseline,20360822,nearest
11,two_opt,0.6297449687210972,949.9615143263755,949.8705533854593,9.575223790067151e-05,True,2,True,0.009322292000433663,0.5883547909979825,"{'instance': 'synthetic_evrptw_n100_seed20360822_baseline', 'scale': 100, 'seed': 20360822, 'source': 'nearest'}",budget,baseline,E_adaptive_portfolio,synthetic_evrptw_n100_seed20360822_baseline,20360822,nearest
0,two_opt,,1064.2490306476282,1064.2490306476282,0.0,False,0,True,0.010151958998903865,0.010151958998903865,"{'instance': 'synthetic_evrptw_n100_seed20360822_baseline', 'scale': 100, 'seed': 20360822, 'source': 'composite'}",,baseline,E_adaptive_portfolio,synthetic_evrptw_n100_seed20360822_baseline,20360822,composite
1,relocate,,1064.2490306476282,1013.3240112894291,0.04785066078679876,True,16,True,0.08215279199794168,0.09230475099684554,"{'instance': 'synthetic_evrptw_n100_seed20360822_baseline', 'scale': 100, 'seed': 20360822, 'source': 'composite'}",,baseline,E_adaptive_portfolio,synthetic_evrptw_n100_seed20360822_baseline,20360822,composite
2,swap,,1013.3240112894291,995.3315719715886,0.017755860038237536,True,7,True,0.04475425000055111,0.13705900099739665,"{'instance': 'synthetic_evrptw_n100_seed20360822_baseline', 'scale': 100, 'seed': 20360822, 'source': 'composite'}",,baseline,E_adaptive_portfolio,synthetic_evrptw_n100_seed20360822_baseline,20360822,composite
3,relocate,0.7815536125645423,995.3315719715886,983.8810888468438,0.011504189605945334,True,9,True,0.08700358400164987,0.22406258499904652,"{'instance': 'synthetic_evrptw_n100_seed20360822_baseline', 'scale': 100, 'seed': 20360822, 'source': 'composite'}",,baseline,E_adaptive_portfolio,synthetic_evrptw_n100_seed20360822_baseline,20360822,composite
4,swap,0.8419428757990697,983.8810888468438,977.5732897810738,0.006411139656280097,True,3,True,0.04567833400142263,0.26974091900046915,"{'instance': 'synthetic_evrptw_n100_seed20360822_baseline', 'scale': 100, 'seed': 20360822, 'source': 'composite'}",,baseline,E_adaptive_portfolio,synthetic_evrptw_n100_seed20360822_baseline,20360822,composite
5,two_opt,0.8880453688256637,977.5732897810738,971.8256104539912,0.005879538022535104,True,5,True,0.014623292001488153,0.2843642110019573,"{'instance': 'synthetic_evrptw_n100_seed20360822_baseline', 'scale': 100, 'seed': 20360822, 'source': 'composite'}",,baseline,E_adaptive_portfolio,synthetic_evrptw_n100_seed20360822_baseline,20360822,composite
6,relocate,0.6922338906850679,971.8256104539912,965.6381331757502,0.0063668596625586745,True,4,True,0.10751462500047637,0.3918788360024337,"{'instance': 'synthetic_evrptw_n100_seed20360822_baseline', 'scale': 100, 'seed': 20360822, 'source': 'composite'}",,baseline,E_adaptive_portfolio,synthetic_evrptw_n100_seed20360822_baseline,20360822,composite
7,swap,0.7025528956343217,965.6381331757502,962.3522592426183,0.0034028005111246943,True,1,True,0.04616883299968322,0.4380476690021169,"{'instance': 'synthetic_evrptw_n100_seed20360822_baseline', 'scale': 100, 'seed': 20360822, 'source': 'composite'}",,baseline,E_adaptive_portfolio,synthetic_evrptw_n100_seed20360822_baseline,20360822,composite
8,two_opt,0.7167066621294338,962.3522592426183,961.2190844885339,0.0011775051632093787,True,2,True,0.009408375000930391,0.4474560440030473,"{'instance': 'synthetic_evrptw_n100_seed20360822_baseline', 'scale': 100, 'seed': 20360822, 'source': 'composite'}",,baseline,E_adaptive_portfolio,synthetic_evrptw_n100_seed20360822_baseline,20360822,composite
9,relocate,0.6209731882282087,961.2190844885339,953.9711352428889,0.007540371766028424,True,4,True,0.09060395800042897,0.5380600020034763,"{'instance': 'synthetic_evrptw_n100_seed20360822_baseline', 'scale': 100, 'seed': 20360822, 'source': 'composite'}",,baseline,E_adaptive_portfolio,synthetic_evrptw_n100_seed20360822_baseline,20360822,composite
10,swap,0.6224508065401896,953.9711352428889,953.9711352428889,0.0,False,0,True,0.045564207997813355,0.5836242100012896,"{'instance': 'synthetic_evrptw_n100_seed20360822_baseline', 'scale': 100, 'seed': 20360822, 'source': 'composite'}",,baseline,E_adaptive_portfolio,synthetic_evrptw_n100_seed20360822_baseline,20360822,composite
11,two_opt,0.6281767862817595,953.9711352428889,953.0718833425511,0.0009426405759213817,True,2,True,0.010371667001891183,0.5939958770031808,"{'instance': 'synthetic_evrptw_n100_seed20360822_baseline', 'scale': 100, 'seed': 20360822, 'source': 'composite'}",budget,baseline,E_adaptive_portfolio,synthetic_evrptw_n100_seed20360822_baseline,20360822,composite
0,two_opt,,1170.364989244446,1170.364989244446,0.0,False,0,True,0.008666875000926666,0.008666875000926666,"{'instance': 'synthetic_evrptw_n100_seed20360823_baseline', 'scale': 100, 'seed': 20360823, 'source': 'nearest'}",,baseline,E_adaptive_portfolio,synthetic_evrptw_n100_seed20360823_baseline,20360823,nearest
1,relocate,,1170.364989244446,1082.3843673056958,0.07517366184676105,True,16,True,0.07898529199883342,0.08765216699976008,"{'instance': 'synthetic_evrptw_n100_seed20360823_baseline', 'scale': 100, 'seed': 20360823, 'source': 'nearest'}",,baseline,E_adaptive_portfolio,synthetic_evrptw_n100_seed20360823_baseline,20360823,nearest
2,swap,,1082.3843673056958,1046.2960064916679,0.0333415392018828,True,9,True,0.04585666700222646,0.13350883400198654,"{'instance': 'synthetic_evrptw_n100_seed20360823_baseline', 'scale': 100, 'seed': 20360823, 'source': 'nearest'}",,baseline,E_adaptive_portfolio,synthetic_evrptw_n100_seed20360823_baseline,20360823,nearest
3,relocate,0.8088766136245045,1046.2960064916679,1006.3750334262712,0.03815456889609619,True,12,True,0.08411233300284948,0.21762116700483602,"{'instance': 'synthetic_evrptw_n100_seed20360823_baseline', 'scale': 100, 'seed': 20360823, 'source': 'nearest'}",,baseline,E_adaptive_portfolio,synthetic_evrptw_n100_seed20360823_baseline,20360823,nearest
4,swap,0.857528554962715,1006.3750334262712,1001.4227631620955,0.00492089936622867,True,3,True,0.0472713749986724,0.2648925420035084,"{'instance': 'synthetic_evrptw_n100_seed20360823_baseline', 'scale': 100, 'seed': 20360823, 'source': 'nearest'}",,baseline,E_adaptive_portfolio,synthetic_evrptw_n100_seed20360823_baseline,20360823,nearest
5,two_opt,0.8880453688256637,1001.4227631620955,993.0671674261739,0.008343724591937532,True,8,True,0.014019624999491498,0.2789121670029999,"{'instance': 'synthetic_evrptw_n100_seed20360823_baseline', 'scale': 100, 'seed': 20360823, 'source': 'nearest'}",,baseline,E_adaptive_portfolio,synthetic_evrptw_n100_seed20360823_baseline,20360823,nearest
6,relocate,0.7192205808601244,993.0671674261739,982.0924678581746,0.011051316494979377,True,6,True,0.0870972909979173,0.3660094580009172,"{'instance': 'synthetic_evrptw_n100_seed20360823_baseline', 'scale': 100, 'seed': 20360823, 'source': 'nearest'}",,baseline,E_adaptive_portfolio,synthetic_evrptw_n100_seed20360823_baseline,20360823,nearest
7,swap,0.7096006150711186,982.0924678581746,979.9280068420543,0.002203927926298761,True,2,True,0.0456564169980993,0.4116658749990165,"{'instance': 'synthetic_evrptw_n100_seed20360823_baseline', 'scale': 100, 'seed': 20360823, 'source': 'nearest'}",,baseline,E_adaptive_portfolio,synthetic_evrptw_n100_seed20360823_baseline,20360823,nearest
8,two_opt,0.717938755414135,979.9280068420543,979.9280068420543,0.0,False,0,True,0.007829875001334585,0.4194957500003511,"{'instance': 'synthetic_evrptw_n100_seed20360823_baseline', 'scale': 100, 'seed': 20360823, 'source': 'nearest'}",,baseline,E_adaptive_portfolio,synthetic_evrptw_n100_seed20360823_baseline,20360823,nearest
9,relocate,0.6405258006223866,979.9280068420543,965.6103166517133,0.014610961305699974,True,2,True,0.08523150000110036,0.5047272500014515,"{'instance': 'synthetic_evrptw_n100_seed20360823_baseline', 'scale': 100, 'seed': 20360823, 'source': 'nearest'}",,baseline,E_adaptive_portfolio,synthetic_evrptw_n100_seed20360823_baseline,20360823,nearest
10,swap,0.6267496619697789,965.6103166517133,965.6103166517133,0.0,False,0,True,0.04544358299972373,0.5501708330011752,"{'instance': 'synthetic_evrptw_n100_seed20360823_baseline', 'scale': 100, 'seed': 20360823, 'source': 'nearest'}",,baseline,E_adaptive_portfolio,synthetic_evrptw_n100_seed20360823_baseline,20360823,nearest
11,two_opt,0.6286056800838239,965.6103166517133,965.2254110797178,0.0003986137734424991,True,1,True,0.00915658299709321,0.5593274159982684,"{'instance': 'synthetic_evrptw_n100_seed20360823_baseline', 'scale': 100, 'seed': 20360823, 'source': 'nearest'}",budget,baseline,E_adaptive_portfolio,synthetic_evrptw_n100_seed20360823_baseline,20360823,nearest
0,two_opt,,1099.6110363107089,1099.6110363107089,0.0,False,0,True,0.009484665999480058,0.009484665999480058,"{'instance': 'synthetic_evrptw_n100_seed20360823_baseline', 'scale': 100, 'seed': 20360823, 'source': 'composite'}",,baseline,E_adaptive_portfolio,synthetic_evrptw_n100_seed20360823_baseline,20360823,composite
1,relocate,,1099.6110363107089,1030.9820582322786,0.06241204918121453,True,15,True,0.08245024999996531,0.09193491599944537,"{'instance': 'synthetic_evrptw_n100_seed20360823_baseline', 'scale': 100, 'seed': 20360823, 'source': 'composite'}",,baseline,E_adaptive_portfolio,synthetic_evrptw_n100_seed20360823_baseline,20360823,composite
2,swap,,1030.9820582322786,1028.7834500582617,0.002132537764805225,True,2,True,0.04535441700136289,0.13728933300080826,"{'instance': 'synthetic_evrptw_n100_seed20360823_baseline', 'scale': 100, 'seed': 20360823, 'source': 'composite'}",,baseline,E_adaptive_portfolio,synthetic_evrptw_n100_seed20360823_baseline,20360823,composite
3,relocate,0.796115000958958,1028.7834500582617,1006.558834489142,0.021602812105755664,True,5,True,0.0881432499991206,0.22543258299992885,"{'instance': 'synthetic_evrptw_n100_seed20360823_baseline', 'scale': 100, 'seed': 20360823, 'source': 'composite'}",,baseline,E_adaptive_portfolio,synthetic_evrptw_n100_seed20360823_baseline,20360823,composite
4,swap,0.8263195535256375,1006.558834489142,1002.0373634731806,0.004492008674541317,True,3,True,0.04565000000002328,0.27108258299995214,"{'instance': 'synthetic_evrptw_n100_seed20360823_baseline', 'scale': 100, 'seed': 20360823, 'source': 'composite'}",,baseline,E_adaptive_portfolio,synthetic_evrptw_n100_seed20360823_baseline,20360823,composite
5,two_opt,0.8880453688256637,1002.0373634731806,972.7051051490776,0.02927261935865736,True,7,True,0.013835875000950182,0.2849184580009023,"{'instance': 'synthetic_evrptw_n100_seed20360823_baseline', 'scale': 100, 'seed': 20360823, 'source': 'composite'}",,baseline,E_adaptive_portfolio,synthetic_evrptw_n100_seed20360823_baseline,20360823,composite
6,relocate,0.704563896132181,972.7051051490776,947.9897201060326,0.025408918810246286,True,6,True,0.09125833399957628,0.3761767920004786,"{'instance': 'synthetic_evrptw_n100_seed20360823_baseline', 'scale': 100, 'seed': 20360823, 'source': 'composite'}",,baseline,E_adaptive_portfolio,synthetic_evrptw_n100_seed20360823_baseline,20360823,composite
7,two_opt,0.7051057054663916,947.9897201060326,947.9897201060326,0.0,False,0,True,0.009416791999683483,0.3855935840001621,"{'instance': 'synthetic_evrptw_n100_seed20360823_baseline', 'scale': 100, 'seed': 20360823, 'source': 'composite'}",,baseline,E_adaptive_portfolio,synthetic_evrptw_n100_seed20360823_baseline,20360823,composite
8,swap,0.7170791663378395,947.9897201060326,947.9897201060326,0.0,False,0,True,0.05489283399947453,0.4404864179996366,"{'instance': 'synthetic_evrptw_n100_seed20360823_baseline', 'scale': 100, 'seed': 20360823, 'source': 'composite'}",,baseline,E_adaptive_portfolio,synthetic_evrptw_n100_seed20360823_baseline,20360823,composite
9,relocate,0.6355405449088465,947.9897201060326,947.9897201060326,0.0,False,0,True,0.09432754199951887,0.5348139599991555,"{'instance': 'synthetic_evrptw_n100_seed20360823_baseline', 'scale': 100, 'seed': 20360823, 'source': 'composite'}",,baseline,E_adaptive_portfolio,synthetic_evrptw_n100_seed20360823_baseline,20360823,composite
10,two_opt,0.6230184129245279,947.9897201060326,947.9897201060326,0.0,False,0,True,0.0094409999983327,0.5442549599974882,"{'instance': 'synthetic_evrptw_n100_seed20360823_baseline', 'scale': 100, 'seed': 20360823, 'source': 'composite'}",patience,baseline,E_adaptive_portfolio,synthetic_evrptw_n100_seed20360823_baseline,20360823,composite
0,two_opt,,1260.4039392707066,1260.4039392707066,0.0,False,0,True,0.011045125000237022,0.011045125000237022,"{'instance': 'synthetic_evrptw_n100_seed20360824_baseline', 'scale': 100, 'seed': 20360824, 'source': 'nearest'}",,baseline,E_adaptive_portfolio,synthetic_evrptw_n100_seed20360824_baseline,20360824,nearest
1,relocate,,1260.4039392707066,1197.2967345931204,0.05006903161069237,True,27,True,0.08144537499902071,0.09249049999925774,"{'instance': 'synthetic_evrptw_n100_seed20360824_baseline', 'scale': 100, 'seed': 20360824, 'source': 'nearest'}",,baseline,E_adaptive_portfolio,synthetic_evrptw_n100_seed20360824_baseline,20360824,nearest
2,swap,,1197.2967345931204,1178.9304012231717,0.015339834177523418,True,10,True,0.046526125002856134,0.13901662500211387,"{'instance': 'synthetic_evrptw_n100_seed20360824_baseline', 'scale': 100, 'seed': 20360824, 'source': 'nearest'}",,baseline,E_adaptive_portfolio,synthetic_evrptw_n100_seed20360824_baseline,20360824,nearest
3,relocate,0.7837719833884358,1178.9304012231717,1162.3606095993991,0.014054936242700093,True,16,True,0.08183149999968009,0.22084812500179396,"{'instance': 'synthetic_evrptw_n100_seed20360824_baseline', 'scale': 100, 'seed': 20360824, 'source': 'nearest'}",,baseline,E_adaptive_portfolio,synthetic_evrptw_n100_seed20360824_baseline,20360824,nearest
4,swap,0.8395268499383556,1162.3606095993991,1143.168297672122,0.01651149545913439,True,8,True,0.046422292001807364,0.2672704170036013,"{'instance': 'synthetic_evrptw_n100_seed20360824_baseline', 'scale': 100, 'seed': 20360824, 'source': 'nearest'}",,baseline,E_adaptive_portfolio,synthetic_evrptw_n100_seed20360824_baseline,20360824,nearest
5,two_opt,0.8880453688256637,1143.168297672122,1126.5624448915144,0.01452616628227249,True,6,True,0.013262749998830259,0.2805331670024316,"{'instance': 'synthetic_evrptw_n100_seed20360824_baseline', 'scale': 100, 'seed': 20360824, 'source': 'nearest'}",,baseline,E_adaptive_portfolio,synthetic_evrptw_n100_seed20360824_baseline,20360824,nearest
6,relocate,0.6946184494153921,1126.5624448915144,1089.3846715391965,0.03300107643469159,True,9,True,0.0873654169990914,0.367898584001523,"{'instance': 'synthetic_evrptw_n100_seed20360824_baseline', 'scale': 100, 'seed': 20360824, 'source': 'nearest'}",,baseline,E_adaptive_portfolio,synthetic_evrptw_n100_seed20360824_baseline,20360824,nearest
7,swap,0.7063950606053918,1089.3846715391965,1080.6783000241617,0.007992008463579277,True,2,True,0.04911041699961061,0.4170090010011336,"{'instance': 'synthetic_evrptw_n100_seed20360824_baseline', 'scale': 100, 'seed': 20360824, 'source': 'nearest'}",,baseline,E_adaptive_portfolio,synthetic_evrptw_n100_seed20360824_baseline,20360824,nearest
8,two_opt,0.7210299762593024,1080.6783000241617,1080.6783000241617,0.0,False,0,True,0.008727083000849234,0.4257360840019828,"{'instance': 'synthetic_evrptw_n100_seed20360824_baseline', 'scale': 100, 'seed': 20360824, 'source': 'nearest'}",,baseline,E_adaptive_portfolio,synthetic_evrptw_n100_seed20360824_baseline,20360824,nearest
9,relocate,0.6314409663058024,1080.6783000241617,1068.8308254686547,0.010962998475348418,True,8,True,0.08667358300226624,0.5124096670042491,"{'instance': 'synthetic_evrptw_n100_seed20360824_baseline', 'scale': 100, 'seed': 20360824, 'source': 'nearest'}",,baseline,E_adaptive_portfolio,synthetic_evrptw_n100_seed20360824_baseline,20360824,nearest
10,swap,0.6265419858383878,1068.8308254686547,1067.1256040896747,0.0015954081210488274,True,1,True,0.05078641699947184,0.5631960840037209,"{'instance': 'synthetic_evrptw_n100_seed20360824_baseline', 'scale': 100, 'seed': 20360824, 'source': 'nearest'}",,baseline,E_adaptive_portfolio,synthetic_evrptw_n100_seed20360824_baseline,20360824,nearest
11,two_opt,0.6306664939806021,1067.1256040896747,1067.1256040896747,0.0,False,0,True,0.008532832998753292,0.5717289170024742,"{'instance': 'synthetic_evrptw_n100_seed20360824_baseline', 'scale': 100, 'seed': 20360824, 'source': 'nearest'}",budget,baseline,E_adaptive_portfolio,synthetic_evrptw_n100_seed20360824_baseline,20360824,nearest
0,two_opt,,1289.173312974749,1289.173312974749,0.0,False,0,True,0.00968858299893327,0.00968858299893327,"{'instance': 'synthetic_evrptw_n100_seed20360824_baseline', 'scale': 100, 'seed': 20360824, 'source': 'composite'}",,baseline,E_adaptive_portfolio,synthetic_evrptw_n100_seed20360824_baseline,20360824,composite
1,relocate,,1289.173312974749,1228.8694219792778,0.04677717913375109,True,24,True,0.0812223749999248,0.09091095799885807,"{'instance': 'synthetic_evrptw_n100_seed20360824_baseline', 'scale': 100, 'seed': 20360824, 'source': 'composite'}",,baseline,E_adaptive_portfolio,synthetic_evrptw_n100_seed20360824_baseline,20360824,composite
2,swap,,1228.8694219792778,1204.743051764856,0.019632981163745303,True,9,True,0.046996375000162516,0.13790733299902058,"{'instance': 'synthetic_evrptw_n100_seed20360824_baseline', 'scale': 100, 'seed': 20360824, 'source': 'composite'}",,baseline,E_adaptive_portfolio,synthetic_evrptw_n100_seed20360824_baseline,20360824,composite
3,relocate,0.7804801309114946,1204.743051764856,1155.9235403128425,0.040522758259943246,True,20,True,0.08161883299908368,0.21952616599810426,"{'instance': 'synthetic_evrptw_n100_seed20360824_baseline', 'scale': 100, 'seed': 20360824, 'source': 'composite'}",,baseline,E_adaptive_portfolio,synthetic_evrptw_n100_seed20360824_baseline,20360824,composite
4,swap,0.8438199969245775,1155.9235403128425,1138.2493459483455,0.015290106783112663,True,7,True,0.04911474999971688,0.26864091599782114,"{'instance': 'synthetic_evrptw_n100_seed20360824_baseline', 'scale': 100, 'seed': 20360824, 'source': 'composite'}",,baseline,E_adaptive_portfolio,synthetic_evrptw_n100_seed20360824_baseline,20360824,composite
5,two_opt,0.8880453688256637,1138.2493459483455,1131.59726684437,0.005844131716529284,True,5,True,0.012801916000171332,0.28144283199799247,"{'instance': 'synthetic_evrptw_n100_seed20360824_baseline', 'scale': 100, 'seed': 20360824, 'source': 'composite'}",,baseline,E_adaptive_portfolio,synthetic_evrptw_n100_seed20360824_baseline,20360824,composite
6,relocate,0.706206434185543,1131.59726684437,1113.0103171361252,0.01642541057038554,True,9,True,0.08224270799837541,0.3636855399963679,"{'instance': 'synthetic_evrptw_n100_seed20360824_baseline', 'scale': 100, 'seed': 20360824, 'source': 'composite'}",,baseline,E_adaptive_portfolio,synthetic_evrptw_n100_seed20360824_baseline,20360824,composite
7,swap,0.7079309397604919,1113.0103171361252,1110.7400617857702,0.0020397433118109543,True,3,True,0.049169834001077106,0.412855373997445,"{'instance': 'synthetic_evrptw_n100_seed20360824_baseline', 'scale': 100, 'seed': 20360824, 'source': 'composite'}",,baseline,E_adaptive_portfolio,synthetic_evrptw_n100_seed20360824_baseline,20360824,composite
8,two_opt,0.7166889589764308,1110.7400617857702,1110.7400617857702,0.0,False,0,True,0.008207332997699268,0.42106270699514425,"{'instance': 'synthetic_evrptw_n100_seed20360824_baseline', 'scale': 100, 'seed': 20360824, 'source': 'composite'}",,baseline,E_adaptive_portfolio,synthetic_evrptw_n100_seed20360824_baseline,20360824,composite
9,relocate,0.6336410675311344,1110.7400617857702,1102.7299870795382,0.007211475467404994,True,6,True,0.08592133300044225,0.5069840399955865,"{'instance': 'synthetic_evrptw_n100_seed20360824_baseline', 'scale': 100, 'seed': 20360824, 'source': 'composite'}",,baseline,E_adaptive_portfolio,synthetic_evrptw_n100_seed20360824_baseline,20360824,composite
10,swap,0.6255818168911984,1102.7299870795382,1098.461264028776,0.003871050121768678,True,3,True,0.050859625000157394,0.5578436649957439,"{'instance': 'synthetic_evrptw_n100_seed20360824_baseline', 'scale': 100, 'seed': 20360824, 'source': 'composite'}",,baseline,E_adaptive_portfolio,synthetic_evrptw_n100_seed20360824_baseline,20360824,composite
11,two_opt,0.6277724824586878,1098.461264028776,1098.461264028776,0.0,False,0,True,0.008831292001559632,0.5666749569973035,"{'instance': 'synthetic_evrptw_n100_seed20360824_baseline', 'scale': 100, 'seed': 20360824, 'source': 'composite'}",budget,baseline,E_adaptive_portfolio,synthetic_evrptw_n100_seed20360824_baseline,20360824,composite
0,two_opt,,514.5575935930884,514.5575935930884,0.0,False,0,True,0.0005085000011604279,0.0005085000011604279,"{'instance': 'synthetic_evrptw_n20_seed20280813_tight_tw', 'scale': 20, 'seed': 20280813, 'source': 'nearest'}",,tight_tw,E_adaptive_portfolio,synthetic_evrptw_n20_seed20280813_tight_tw,20280813,nearest
1,relocate,,514.5575935930884,484.52752850700864,0.05836094046612696,True,3,True,0.0011218750005355105,0.0016303750016959384,"{'instance': 'synthetic_evrptw_n20_seed20280813_tight_tw', 'scale': 20, 'seed': 20280813, 'source': 'nearest'}",,tight_tw,E_adaptive_portfolio,synthetic_evrptw_n20_seed20280813_tight_tw,20280813,nearest
2,swap,,484.52752850700864,469.9095220705576,0.030169609725775526,True,1,True,0.0004122079990338534,0.002042583000729792,"{'instance': 'synthetic_evrptw_n20_seed20280813_tight_tw', 'scale': 20, 'seed': 20280813, 'source': 'nearest'}",,tight_tw,E_adaptive_portfolio,synthetic_evrptw_n20_seed20280813_tight_tw,20280813,nearest
3,relocate,0.7920638922438704,469.9095220705576,432.405053864965,0.07981210519066959,True,2,True,0.0010049999982584268,0.0030475829989882186,"{'instance': 'synthetic_evrptw_n20_seed20280813_tight_tw', 'scale': 20, 'seed': 20280813, 'source': 'nearest'}",,tight_tw,E_adaptive_portfolio,synthetic_evrptw_n20_seed20280813_tight_tw,20280813,nearest
4,swap,0.8543566254866077,432.405053864965,432.405053864965,0.0,False,0,True,0.00040224999975180253,0.003449832998740021,"{'instance': 'synthetic_evrptw_n20_seed20280813_tight_tw', 'scale': 20, 'seed': 20280813, 'source': 'nearest'}",,tight_tw,E_adaptive_portfolio,synthetic_evrptw_n20_seed20280813_tight_tw,20280813,nearest
5,two_opt,0.8880453688256637,432.405053864965,432.405053864965,0.0,False,0,True,0.0005042500015406404,0.0039540830002806615,"{'instance': 'synthetic_evrptw_n20_seed20280813_tight_tw', 'scale': 20, 'seed': 20280813, 'source': 'nearest'}",,tight_tw,E_adaptive_portfolio,synthetic_evrptw_n20_seed20280813_tight_tw,20280813,nearest
6,relocate,0.7316429883170941,432.405053864965,432.405053864965,0.0,False,0,True,0.0009772080011316575,0.004931291001412319,"{'instance': 'synthetic_evrptw_n20_seed20280813_tight_tw', 'scale': 20, 'seed': 20280813, 'source': 'nearest'}",,tight_tw,E_adaptive_portfolio,synthetic_evrptw_n20_seed20280813_tight_tw,20280813,nearest
7,swap,0.7055542006499507,432.405053864965,432.405053864965,0.0,False,0,True,0.0003893749999406282,0.005320666001352947,"{'instance': 'synthetic_evrptw_n20_seed20280813_tight_tw', 'scale': 20, 'seed': 20280813, 'source': 'nearest'}",patience,tight_tw,E_adaptive_portfolio,synthetic_evrptw_n20_seed20280813_tight_tw,20280813,nearest
0,two_opt,,437.36299593089615,437.36299593089615,0.0,False,0,True,0.00037925000287941657,0.00037925000287941657,"{'instance': 'synthetic_evrptw_n20_seed20280813_tight_tw', 'scale': 20, 'seed': 20280813, 'source': 'composite'}",,tight_tw,E_adaptive_portfolio,synthetic_evrptw_n20_seed20280813_tight_tw,20280813,composite
1,relocate,,437.36299593089615,424.3003623872711,0.029866800952883917,True,3,True,0.00100166700212867,0.0013809170050080866,"{'instance': 'synthetic_evrptw_n20_seed20280813_tight_tw', 'scale': 20, 'seed': 20280813, 'source': 'composite'}",,tight_tw,E_adaptive_portfolio,synthetic_evrptw_n20_seed20280813_tight_tw,20280813,composite
2,swap,,424.3003623872711,401.7831882595467,0.05306894861233307,True,1,True,0.0004624169996532146,0.0018433340046613012,"{'instance': 'synthetic_evrptw_n20_seed20280813_tight_tw', 'scale': 20, 'seed': 20280813, 'source': 'composite'}",,tight_tw,E_adaptive_portfolio,synthetic_evrptw_n20_seed20280813_tight_tw,20280813,composite
3,swap,0.7867719003900765,401.7831882595467,401.7831882595467,0.0,False,0,True,0.00048191599853453226,0.0023252500031958334,"{'instance': 'synthetic_evrptw_n20_seed20280813_tight_tw', 'scale': 20, 'seed': 20280813, 'source': 'composite'}",,tight_tw,E_adaptive_portfolio,synthetic_evrptw_n20_seed20280813_tight_tw,20280813,composite
4,relocate,0.8540538167137162,401.7831882595467,373.051086909127,0.07151145739791173,True,2,True,0.0011345419989083894,0.0034597920021042228,"{'instance': 'synthetic_evrptw_n20_seed20280813_tight_tw', 'scale': 20, 'seed': 20280813, 'source': 'composite'}",,tight_tw,E_adaptive_portfolio,synthetic_evrptw_n20_seed20280813_tight_tw,20280813,composite
5,two_opt,0.8880453688256637,373.051086909127,367.587456990638,0.01464579546934791,True,2,True,0.0005008329972042702,0.003960624999308493,"{'instance': 'synthetic_evrptw_n20_seed20280813_tight_tw', 'scale': 20, 'seed': 20280813, 'source': 'composite'}",,tight_tw,E_adaptive_portfolio,synthetic_evrptw_n20_seed20280813_tight_tw,20280813,composite
6,relocate,0.7132455946640937,367.587456990638,367.587456990638,0.0,False,0,True,0.0011073750029026996,0.005068000002211193,"{'instance': 'synthetic_evrptw_n20_seed20280813_tight_tw', 'scale': 20, 'seed': 20280813, 'source': 'composite'}",,tight_tw,E_adaptive_portfolio,synthetic_evrptw_n20_seed20280813_tight_tw,20280813,composite
7,swap,0.7170038700932294,367.587456990638,367.587456990638,0.0,False,0,True,0.0005235829994489904,0.005591583001660183,"{'instance': 'synthetic_evrptw_n20_seed20280813_tight_tw', 'scale': 20, 'seed': 20280813, 'source': 'composite'}",,tight_tw,E_adaptive_portfolio,synthetic_evrptw_n20_seed20280813_tight_tw,20280813,composite
8,two_opt,0.7210897908528402,367.587456990638,367.587456990638,0.0,False,0,True,0.0002789999998640269,0.00587058300152421,"{'instance': 'synthetic_evrptw_n20_seed20280813_tight_tw', 'scale': 20, 'seed': 20280813, 'source': 'composite'}",,tight_tw,E_adaptive_portfolio,synthetic_evrptw_n20_seed20280813_tight_tw,20280813,composite
9,relocate,0.6328587043267062,367.587456990638,367.587456990638,0.0,False,0,True,0.0011055830000259448,0.006976166001550155,"{'instance': 'synthetic_evrptw_n20_seed20280813_tight_tw', 'scale': 20, 'seed': 20280813, 'source': 'composite'}",patience,tight_tw,E_adaptive_portfolio,synthetic_evrptw_n20_seed20280813_tight_tw,20280813,composite
0,two_opt,,502.11628348827014,502.11628348827014,0.0,False,0,True,0.000406540999392746,0.000406540999392746,"{'instance': 'synthetic_evrptw_n20_seed20280814_tight_tw', 'scale': 20, 'seed': 20280814, 'source': 'nearest'}",,tight_tw,E_adaptive_portfolio,synthetic_evrptw_n20_seed20280814_tight_tw,20280814,nearest
1,relocate,,502.11628348827014,495.98054942186,0.012219747234215038,True,2,True,0.0010327919990231749,0.0014393329984159209,"{'instance': 'synthetic_evrptw_n20_seed20280814_tight_tw', 'scale': 20, 'seed': 20280814, 'source': 'nearest'}",,tight_tw,E_adaptive_portfolio,synthetic_evrptw_n20_seed20280814_tight_tw,20280814,nearest
2,swap,,495.98054942186,495.98054942186,0.0,False,0,True,0.00041179100298904814,0.001851124001404969,"{'instance': 'synthetic_evrptw_n20_seed20280814_tight_tw', 'scale': 20, 'seed': 20280814, 'source': 'nearest'}",,tight_tw,E_adaptive_portfolio,synthetic_evrptw_n20_seed20280814_tight_tw,20280814,nearest
3,relocate,0.7459226990119585,495.98054942186,479.5339756754352,0.033159715165434936,True,1,True,0.000988625000900356,0.002839749002305325,"{'instance': 'synthetic_evrptw_n20_seed20280814_tight_tw', 'scale': 20, 'seed': 20280814, 'source': 'nearest'}",,tight_tw,E_adaptive_portfolio,synthetic_evrptw_n20_seed20280814_tight_tw,20280814,nearest
4,two_opt,0.8241870157608322,479.5339756754352,479.5339756754352,0.0,False,0,True,0.0004041249994770624,0.0032438740017823875,"{'instance': 'synthetic_evrptw_n20_seed20280814_tight_tw', 'scale': 20, 'seed': 20280814, 'source': 'nearest'}",,tight_tw,E_adaptive_portfolio,synthetic_evrptw_n20_seed20280814_tight_tw,20280814,nearest
5,swap,0.8880453688256637,479.5339756754352,479.5339756754352,0.0,False,0,True,0.0003947080003854353,0.003638582002167823,"{'instance': 'synthetic_evrptw_n20_seed20280814_tight_tw', 'scale': 20, 'seed': 20280814, 'source': 'nearest'}",,tight_tw,E_adaptive_portfolio,synthetic_evrptw_n20_seed20280814_tight_tw,20280814,nearest
6,relocate,0.6852461966885208,479.5339756754352,479.5339756754352,0.0,False,0,True,0.0009668749989941716,0.004605457001161994,"{'instance': 'synthetic_evrptw_n20_seed20280814_tight_tw', 'scale': 20, 'seed': 20280814, 'source': 'nearest'}",,tight_tw,E_adaptive_portfolio,synthetic_evrptw_n20_seed20280814_tight_tw,20280814,nearest
7,two_opt,0.6904693957870629,479.5339756754352,479.5339756754352,0.0,False,0,True,0.00039629100137972273,0.005001748002541717,"{'instance': 'synthetic_evrptw_n20_seed20280814_tight_tw', 'scale': 20, 'seed': 20280814, 'source': 'nearest'}",patience,tight_tw,E_adaptive_portfolio,synthetic_evrptw_n20_seed20280814_tight_tw,20280814,nearest
0,two_opt,,465.0441029376917,465.0441029376917,0.0,False,0,True,0.0003726659997482784,0.0003726659997482784,"{'instance': 'synthetic_evrptw_n20_seed20280814_tight_tw', 'scale': 20, 'seed': 20280814, 'source': 'composite'}",,tight_tw,E_adaptive_portfolio,synthetic_evrptw_n20_seed20280814_tight_tw,20280814,composite
1,relocate,,465.0441029376917,458.5763267665398,0.013907876974022154,True,2,True,0.0010149999980058055,0.001387665997754084,"{'instance': 'synthetic_evrptw_n20_seed20280814_tight_tw', 'scale': 20, 'seed': 20280814, 'source': 'composite'}",,tight_tw,E_adaptive_portfolio,synthetic_evrptw_n20_seed20280814_tight_tw,20280814,composite
2,swap,,458.5763267665398,458.5763267665398,0.0,False,0,True,0.000415458001953084,0.001803123999707168,"{'instance': 'synthetic_evrptw_n20_seed20280814_tight_tw', 'scale': 20, 'seed': 20280814, 'source': 'composite'}",,tight_tw,E_adaptive_portfolio,synthetic_evrptw_n20_seed20280814_tight_tw,20280814,composite
3,relocate,0.7476108287517657,458.5763267665398,446.23809363159455,0.026905516954926944,True,1,True,0.0010729159985203296,0.0028760399982274976,"{'instance': 'synthetic_evrptw_n20_seed20280814_tight_tw', 'scale': 20, 'seed': 20280814, 'source': 'composite'}",,tight_tw,E_adaptive_portfolio,synthetic_evrptw_n20_seed20280814_tight_tw,20280814,composite
4,two_opt,0.8241870157608322,446.23809363159455,446.23809363159455,0.0,False,0,True,0.000274875001196051,0.0031509149994235486,"{'instance': 'synthetic_evrptw_n20_seed20280814_tight_tw', 'scale': 20, 'seed': 20280814, 'source': 'composite'}",,tight_tw,E_adaptive_portfolio,synthetic_evrptw_n20_seed20280814_tight_tw,20280814,composite
5,swap,0.8880453688256637,446.23809363159455,446.23809363159455,0.0,False,0,True,0.00042495899833738804,0.0035758739977609366,"{'instance': 'synthetic_evrptw_n20_seed20280814_tight_tw', 'scale': 20, 'seed': 20280814, 'source': 'composite'}",,tight_tw,E_adaptive_portfolio,synthetic_evrptw_n20_seed20280814_tight_tw,20280814,composite
6,relocate,0.6829631624531703,446.23809363159455,445.2465950778701,0.002221904781045019,True,1,True,0.0010694170014176052,0.004645290999178542,"{'instance': 'synthetic_evrptw_n20_seed20280814_tight_tw', 'scale': 20, 'seed': 20280814, 'source': 'composite'}",,tight_tw,E_adaptive_portfolio,synthetic_evrptw_n20_seed20280814_tight_tw,20280814,composite
7,two_opt,0.6904693957870629,445.2465950778701,444.5489932275923,0.001566776384119908,True,1,True,0.00037408299976959825,0.00501937399894814,"{'instance': 'synthetic_evrptw_n20_seed20280814_tight_tw', 'scale': 20, 'seed': 20280814, 'source': 'composite'}",,tight_tw,E_adaptive_portfolio,synthetic_evrptw_n20_seed20280814_tight_tw,20280814,composite
8,swap,0.7137668931181662,444.5489932275923,444.5489932275923,0.0,False,0,True,0.0004391250004118774,0.0054584989993600175,"{'instance': 'synthetic_evrptw_n20_seed20280814_tight_tw', 'scale': 20, 'seed': 20280814, 'source': 'composite'}",,tight_tw,E_adaptive_portfolio,synthetic_evrptw_n20_seed20280814_tight_tw,20280814,composite
9,relocate,0.6134110511131058,444.5489932275923,444.4685466349216,0.00018096226489370753,True,1,True,0.0010666250018402934,0.006525124001200311,"{'instance': 'synthetic_evrptw_n20_seed20280814_tight_tw', 'scale': 20, 'seed': 20280814, 'source': 'composite'}",,tight_tw,E_adaptive_portfolio,synthetic_evrptw_n20_seed20280814_tight_tw,20280814,composite
10,two_opt,0.6137831319330155,444.4685466349216,444.4685466349216,0.0,False,0,True,0.00022899999748915434,0.006754123998689465,"{'instance': 'synthetic_evrptw_n20_seed20280814_tight_tw', 'scale': 20, 'seed': 20280814, 'source': 'composite'}",,tight_tw,E_adaptive_portfolio,synthetic_evrptw_n20_seed20280814_tight_tw,20280814,composite
11,swap,0.625824438553178,444.4685466349216,444.4685466349216,0.0,False,0,True,0.00044808299935539253,0.007202206998044858,"{'instance': 'synthetic_evrptw_n20_seed20280814_tight_tw', 'scale': 20, 'seed': 20280814, 'source': 'composite'}",budget,tight_tw,E_adaptive_portfolio,synthetic_evrptw_n20_seed20280814_tight_tw,20280814,composite
0,two_opt,,503.03904246715706,503.03904246715706,0.0,False,0,True,0.0003468750001047738,0.0003468750001047738,"{'instance': 'synthetic_evrptw_n20_seed20280815_tight_tw', 'scale': 20, 'seed': 20280815, 'source': 'nearest'}",,tight_tw,E_adaptive_portfolio,synthetic_evrptw_n20_seed20280815_tight_tw,20280815,nearest
1,relocate,,503.03904246715706,444.5205432065477,0.11632993529409792,True,5,True,0.0009564590000081807,0.0013033340001129545,"{'instance': 'synthetic_evrptw_n20_seed20280815_tight_tw', 'scale': 20, 'seed': 20280815, 'source': 'nearest'}",,tight_tw,E_adaptive_portfolio,synthetic_evrptw_n20_seed20280815_tight_tw,20280815,nearest
2,swap,,444.5205432065477,398.6603892616473,0.1031676817770632,True,2,True,0.0003922500000044238,0.0016955840001173783,"{'instance': 'synthetic_evrptw_n20_seed20280815_tight_tw', 'scale': 20, 'seed': 20280815, 'source': 'nearest'}",,tight_tw,E_adaptive_portfolio,synthetic_evrptw_n20_seed20280815_tight_tw,20280815,nearest
3,relocate,0.8500328870718414,398.6603892616473,388.7028370480465,0.024977530955716587,True,2,True,0.000999957999738399,0.0026955419998557772,"{'instance': 'synthetic_evrptw_n20_seed20280815_tight_tw', 'scale': 20, 'seed': 20280815, 'source': 'nearest'}",,tight_tw,E_adaptive_portfolio,synthetic_evrptw_n20_seed20280815_tight_tw,20280815,nearest
4,swap,0.9273546975378955,388.7028370480465,388.7028370480465,0.0,False,0,True,0.0003499999984342139,0.003045541998289991,"{'instance': 'synthetic_evrptw_n20_seed20280815_tight_tw', 'scale': 20, 'seed': 20280815, 'source': 'nearest'}",,tight_tw,E_adaptive_portfolio,synthetic_evrptw_n20_seed20280815_tight_tw,20280815,nearest
5,two_opt,0.8880453688256637,388.7028370480465,388.7028370480465,0.0,False,0,True,0.000383167000109097,0.003428708998399088,"{'instance': 'synthetic_evrptw_n20_seed20280815_tight_tw', 'scale': 20, 'seed': 20280815, 'source': 'nearest'}",,tight_tw,E_adaptive_portfolio,synthetic_evrptw_n20_seed20280815_tight_tw,20280815,nearest
6,relocate,0.733210198613603,388.7028370480465,381.49528617584275,0.018542573362573204,True,1,True,0.0010051659992313944,0.0044338749976304825,"{'instance': 'synthetic_evrptw_n20_seed20280815_tight_tw', 'scale': 20, 'seed': 20280815, 'source': 'nearest'}",,tight_tw,E_adaptive_portfolio,synthetic_evrptw_n20_seed20280815_tight_tw,20280815,nearest
7,swap,0.7420532366755945,381.49528617584275,381.49528617584275,0.0,False,0,True,0.0003452499986451585,0.004779124996275641,"{'instance': 'synthetic_evrptw_n20_seed20280815_tight_tw', 'scale': 20, 'seed': 20280815, 'source': 'nearest'}",,tight_tw,E_adaptive_portfolio,synthetic_evrptw_n20_seed20280815_tight_tw,20280815,nearest
8,two_opt,0.7137668931181662,381.49528617584275,381.49528617584275,0.0,False,0,True,0.0003767079979297705,0.0051558329942054115,"{'instance': 'synthetic_evrptw_n20_seed20280815_tight_tw', 'scale': 20, 'seed': 20280815, 'source': 'nearest'}",,tight_tw,E_adaptive_portfolio,synthetic_evrptw_n20_seed20280815_tight_tw,20280815,nearest
9,relocate,0.6523492980805703,381.49528617584275,381.49528617584275,0.0,False,0,True,0.0009987920020648744,0.006154624996270286,"{'instance': 'synthetic_evrptw_n20_seed20280815_tight_tw', 'scale': 20, 'seed': 20280815, 'source': 'nearest'}",,tight_tw,E_adaptive_portfolio,synthetic_evrptw_n20_seed20280815_tight_tw,20280815,nearest
10,swap,0.6476501003973298,381.49528617584275,381.49528617584275,0.0,False,0,True,0.0003401670001039747,0.006494791996374261,"{'instance': 'synthetic_evrptw_n20_seed20280815_tight_tw', 'scale': 20, 'seed': 20280815, 'source': 'nearest'}",patience,tight_tw,E_adaptive_portfolio,synthetic_evrptw_n20_seed20280815_tight_tw,20280815,nearest
0,two_opt,,457.5423328336773,457.5423328336773,0.0,False,0,True,0.0004146669998590369,0.0004146669998590369,"{'instance': 'synthetic_evrptw_n20_seed20280815_tight_tw', 'scale': 20, 'seed': 20280815, 'source': 'composite'}",,tight_tw,E_adaptive_portfolio,synthetic_evrptw_n20_seed20280815_tight_tw,20280815,composite
1,relocate,,457.5423328336773,448.994915813486,0.018681150151189155,True,2,True,0.0010351669989177026,0.0014498339987767395,"{'instance': 'synthetic_evrptw_n20_seed20280815_tight_tw', 'scale': 20, 'seed': 20280815, 'source': 'composite'}",,tight_tw,E_adaptive_portfolio,synthetic_evrptw_n20_seed20280815_tight_tw,20280815,composite
2,swap,,448.994915813486,448.994915813486,0.0,False,0,True,0.0004350420022092294,0.0018848760009859689,"{'instance': 'synthetic_evrptw_n20_seed20280815_tight_tw', 'scale': 20, 'seed': 20280815, 'source': 'composite'}",,tight_tw,E_adaptive_portfolio,synthetic_evrptw_n20_seed20280815_tight_tw,20280815,composite
3,relocate,0.7523841019289327,448.994915813486,430.83796701598493,0.0404390966534764,True,2,True,0.0011371670007065404,0.0030220430016925093,"{'instance': 'synthetic_evrptw_n20_seed20280815_tight_tw', 'scale': 20, 'seed': 20280815, 'source': 'composite'}",,tight_tw,E_adaptive_portfolio,synthetic_evrptw_n20_seed20280815_tight_tw,20280815,composite
4,two_opt,0.8241870157608322,430.83796701598493,429.6723706616133,0.00270541698644771,True,1,True,0.0006236249973881058,0.003645667999080615,"{'instance': 'synthetic_evrptw_n20_seed20280815_tight_tw', 'scale': 20, 'seed': 20280815, 'source': 'composite'}",,tight_tw,E_adaptive_portfolio,synthetic_evrptw_n20_seed20280815_tight_tw,20280815,composite
5,swap,0.8880453688256637,429.6723706616133,429.6723706616133,0.0,False,0,True,0.00043416600237833336,0.0040798340014589485,"{'instance': 'synthetic_evrptw_n20_seed20280815_tight_tw', 'scale': 20, 'seed': 20280815, 'source': 'composite'}",,tight_tw,E_adaptive_portfolio,synthetic_evrptw_n20_seed20280815_tight_tw,20280815,composite
6,relocate,0.6921165888910287,429.6723706616133,429.6723706616133,0.0,False,0,True,0.001111790999857476,0.0051916250013164245,"{'instance': 'synthetic_evrptw_n20_seed20280815_tight_tw', 'scale': 20, 'seed': 20280815, 'source': 'composite'}",,tight_tw,E_adaptive_portfolio,synthetic_evrptw_n20_seed20280815_tight_tw,20280815,composite
7,two_opt,0.6918221042802868,429.6723706616133,429.6723706616133,0.0,False,0,True,0.000368791999790119,0.0055604170011065435,"{'instance': 'synthetic_evrptw_n20_seed20280815_tight_tw', 'scale': 20, 'seed': 20280815, 'source': 'composite'}",,tight_tw,E_adaptive_portfolio,synthetic_evrptw_n20_seed20280815_tight_tw,20280815,composite
8,swap,0.7137668931181662,429.6723706616133,429.6723706616133,0.0,False,0,True,0.0004381670005386695,0.005998584001645213,"{'instance': 'synthetic_evrptw_n20_seed20280815_tight_tw', 'scale': 20, 'seed': 20280815, 'source': 'composite'}",patience,tight_tw,E_adaptive_portfolio,synthetic_evrptw_n20_seed20280815_tight_tw,20280815,composite
0,two_opt,,417.4408245466196,417.4408245466196,0.0,False,0,True,0.00034466600118321367,0.00034466600118321367,"{'instance': 'synthetic_evrptw_n20_seed20280816_tight_tw', 'scale': 20, 'seed': 20280816, 'source': 'nearest'}",,tight_tw,E_adaptive_portfolio,synthetic_evrptw_n20_seed20280816_tight_tw,20280816,nearest
1,relocate,,417.4408245466196,415.7194350341842,0.004123673132125941,True,1,True,0.0011234169978706632,0.0014680829990538768,"{'instance': 'synthetic_evrptw_n20_seed20280816_tight_tw', 'scale': 20, 'seed': 20280816, 'source': 'nearest'}",,tight_tw,E_adaptive_portfolio,synthetic_evrptw_n20_seed20280816_tight_tw,20280816,nearest
2,swap,,415.7194350341842,415.7194350341842,0.0,False,0,True,0.0003702909998537507,0.0018383739989076275,"{'instance': 'synthetic_evrptw_n20_seed20280816_tight_tw', 'scale': 20, 'seed': 20280816, 'source': 'nearest'}",,tight_tw,E_adaptive_portfolio,synthetic_evrptw_n20_seed20280816_tight_tw,20280816,nearest
3,relocate,0.7378266249098694,415.7194350341842,415.7194350341842,0.0,False,0,True,0.001079375000699656,0.0029177489996072836,"{'instance': 'synthetic_evrptw_n20_seed20280816_tight_tw', 'scale': 20, 'seed': 20280816, 'source': 'nearest'}",,tight_tw,E_adaptive_portfolio,synthetic_evrptw_n20_seed20280816_tight_tw,20280816,nearest
4,two_opt,0.8241870157608322,415.7194350341842,415.7194350341842,0.0,False,0,True,0.00032374999864259735,0.003241498998249881,"{'instance': 'synthetic_evrptw_n20_seed20280816_tight_tw', 'scale': 20, 'seed': 20280816, 'source': 'nearest'}",,tight_tw,E_adaptive_portfolio,synthetic_evrptw_n20_seed20280816_tight_tw,20280816,nearest
5,swap,0.8880453688256637,415.7194350341842,415.7194350341842,0.0,False,0,True,0.00037058399902889505,0.003612082997278776,"{'instance': 'synthetic_evrptw_n20_seed20280816_tight_tw', 'scale': 20, 'seed': 20280816, 'source': 'nearest'}",patience,tight_tw,E_adaptive_portfolio,synthetic_evrptw_n20_seed20280816_tight_tw,20280816,nearest
0,two_opt,,477.32860167325947,477.32860167325947,0.0,False,0,True,0.00030604199855588377,0.00030604199855588377,"{'instance': 'synthetic_evrptw_n20_seed20280816_tight_tw', 'scale': 20, 'seed': 20280816, 'source': 'composite'}",,tight_tw,E_adaptive_portfolio,synthetic_evrptw_n20_seed20280816_tight_tw,20280816,composite
1,relocate,,477.32860167325947,444.525894423626,0.06872143662593158,True,7,True,0.0009766660004970618,0.0012827079990529455,"{'instance': 'synthetic_evrptw_n20_seed20280816_tight_tw', 'scale': 20, 'seed': 20280816, 'source': 'composite'}",,tight_tw,E_adaptive_portfolio,synthetic_evrptw_n20_seed20280816_tight_tw,20280816,composite
2,swap,,444.525894423626,442.22193997022265,0.005182947680451089,True,2,True,0.0004128340005991049,0.0016955419996520504,"{'instance': 'synthetic_evrptw_n20_seed20280816_tight_tw', 'scale': 20, 'seed': 20280816, 'source': 'composite'}",,tight_tw,E_adaptive_portfolio,synthetic_evrptw_n20_seed20280816_tight_tw,20280816,composite
3,relocate,0.802424388403675,442.22193997022265,418.83481338675506,0.052885495878025365,True,1,True,0.0009926250022544991,0.0026881670019065496,"{'instance': 'synthetic_evrptw_n20_seed20280816_tight_tw', 'scale': 20, 'seed': 20280816, 'source': 'composite'}",,tight_tw,E_adaptive_portfolio,synthetic_evrptw_n20_seed20280816_tight_tw,20280816,composite
4,swap,0.8293699634412833,418.83481338675506,418.83481338675506,0.0,False,0,True,0.0004058330014231615,0.003094000003329711,"{'instance': 'synthetic_evrptw_n20_seed20280816_tight_tw', 'scale': 20, 'seed': 20280816, 'source': 'composite'}",,tight_tw,E_adaptive_portfolio,synthetic_evrptw_n20_seed20280816_tight_tw,20280816,composite
5,two_opt,0.8880453688256637,418.83481338675506,418.14494814516263,0.0016471057790399157,True,1,True,0.0002796660010062624,0.0033736660043359734,"{'instance': 'synthetic_evrptw_n20_seed20280816_tight_tw', 'scale': 20, 'seed': 20280816, 'source': 'composite'}",,tight_tw,E_adaptive_portfolio,synthetic_evrptw_n20_seed20280816_tight_tw,20280816,composite
6,relocate,0.7233599317406744,418.14494814516263,403.0671191813453,0.03605885717548584,True,2,True,0.000995499998680316,0.004369166003016289,"{'instance': 'synthetic_evrptw_n20_seed20280816_tight_tw', 'scale': 20, 'seed': 20280816, 'source': 'composite'}",,tight_tw,E_adaptive_portfolio,synthetic_evrptw_n20_seed20280816_tight_tw,20280816,composite
7,swap,0.6930608696272884,403.0671191813453,403.0671191813453,0.0,False,0,True,0.00037762499778182246,0.004746791000798112,"{'instance': 'synthetic_evrptw_n20_seed20280816_tight_tw', 'scale': 20, 'seed': 20280816, 'source': 'composite'}",,tight_tw,E_adaptive_portfolio,synthetic_evrptw_n20_seed20280816_tight_tw,20280816,composite
8,two_opt,0.7145904460076862,403.0671191813453,403.0671191813453,0.0,False,0,True,0.0003129169999738224,0.005059708000771934,"{'instance': 'synthetic_evrptw_n20_seed20280816_tight_tw', 'scale': 20, 'seed': 20280816, 'source': 'composite'}",,tight_tw,E_adaptive_portfolio,synthetic_evrptw_n20_seed20280816_tight_tw,20280816,composite
9,relocate,0.6516212147695887,403.0671191813453,403.0671191813453,0.0,False,0,True,0.0010500409989617765,0.006109748999733711,"{'instance': 'synthetic_evrptw_n20_seed20280816_tight_tw', 'scale': 20, 'seed': 20280816, 'source': 'composite'}",,tight_tw,E_adaptive_portfolio,synthetic_evrptw_n20_seed20280816_tight_tw,20280816,composite
10,swap,0.6149885223651258,403.0671191813453,403.0671191813453,0.0,False,0,True,0.00039320799987763166,0.006502956999611342,"{'instance': 'synthetic_evrptw_n20_seed20280816_tight_tw', 'scale': 20, 'seed': 20280816, 'source': 'composite'}",patience,tight_tw,E_adaptive_portfolio,synthetic_evrptw_n20_seed20280816_tight_tw,20280816,composite
0,two_opt,,485.752264050886,485.752264050886,0.0,False,0,True,0.00040704200000618584,0.00040704200000618584,"{'instance': 'synthetic_evrptw_n20_seed20280817_tight_tw', 'scale': 20, 'seed': 20280817, 'source': 'nearest'}",,tight_tw,E_adaptive_portfolio,synthetic_evrptw_n20_seed20280817_tight_tw,20280817,nearest
1,relocate,,485.752264050886,471.0782387598516,0.03020886648815949,True,2,True,0.0012196670031698886,0.0016267090031760745,"{'instance': 'synthetic_evrptw_n20_seed20280817_tight_tw', 'scale': 20, 'seed': 20280817, 'source': 'nearest'}",,tight_tw,E_adaptive_portfolio,synthetic_evrptw_n20_seed20280817_tight_tw,20280817,nearest
2,swap,,471.0782387598516,471.0782387598516,0.0,False,0,True,0.0004487080004764721,0.0020754170036525466,"{'instance': 'synthetic_evrptw_n20_seed20280817_tight_tw', 'scale': 20, 'seed': 20280817, 'source': 'nearest'}",,tight_tw,E_adaptive_portfolio,synthetic_evrptw_n20_seed20280817_tight_tw,20280817,nearest
3,relocate,0.7639118182659029,471.0782387598516,463.1795262788046,0.016767304942467677,True,1,True,0.0012190000015834812,0.0032944170052360278,"{'instance': 'synthetic_evrptw_n20_seed20280817_tight_tw', 'scale': 20, 'seed': 20280817, 'source': 'nearest'}",,tight_tw,E_adaptive_portfolio,synthetic_evrptw_n20_seed20280817_tight_tw,20280817,nearest
4,two_opt,0.8241870157608322,463.1795262788046,463.1795262788046,0.0,False,0,True,0.0003402090005693026,0.0036346260058053304,"{'instance': 'synthetic_evrptw_n20_seed20280817_tight_tw', 'scale': 20, 'seed': 20280817, 'source': 'nearest'}",,tight_tw,E_adaptive_portfolio,synthetic_evrptw_n20_seed20280817_tight_tw,20280817,nearest
5,swap,0.8880453688256637,463.1795262788046,463.1795262788046,0.0,False,0,True,0.0004623749991878867,0.004097001004993217,"{'instance': 'synthetic_evrptw_n20_seed20280817_tight_tw', 'scale': 20, 'seed': 20280817, 'source': 'nearest'}",,tight_tw,E_adaptive_portfolio,synthetic_evrptw_n20_seed20280817_tight_tw,20280817,nearest
6,relocate,0.6860445512040094,463.1795262788046,463.1795262788046,0.0,False,0,True,0.0011581670005398337,0.005255168005533051,"{'instance': 'synthetic_evrptw_n20_seed20280817_tight_tw', 'scale': 20, 'seed': 20280817, 'source': 'nearest'}",,tight_tw,E_adaptive_portfolio,synthetic_evrptw_n20_seed20280817_tight_tw,20280817,nearest
7,two_opt,0.6904693957870629,463.1795262788046,463.1795262788046,0.0,False,0,True,0.0003468750001047738,0.0056020430056378245,"{'instance': 'synthetic_evrptw_n20_seed20280817_tight_tw', 'scale': 20, 'seed': 20280817, 'source': 'nearest'}",patience,tight_tw,E_adaptive_portfolio,synthetic_evrptw_n20_seed20280817_tight_tw,20280817,nearest
0,two_opt,,485.752264050886,485.752264050886,0.0,False,0,True,0.00040654199983691797,0.00040654199983691797,"{'instance': 'synthetic_evrptw_n20_seed20280817_tight_tw', 'scale': 20, 'seed': 20280817, 'source': 'composite'}",,tight_tw,E_adaptive_portfolio,synthetic_evrptw_n20_seed20280817_tight_tw,20280817,composite
1,relocate,,485.752264050886,471.0782387598516,0.03020886648815949,True,2,True,0.0012082499997632112,0.0016147919996001292,"{'instance': 'synthetic_evrptw_n20_seed20280817_tight_tw', 'scale': 20, 'seed': 20280817, 'source': 'composite'}",,tight_tw,E_adaptive_portfolio,synthetic_evrptw_n20_seed20280817_tight_tw,20280817,composite
2,swap,,471.0782387598516,471.0782387598516,0.0,False,0,True,0.0004472090004128404,0.0020620010000129696,"{'instance': 'synthetic_evrptw_n20_seed20280817_tight_tw', 'scale': 20, 'seed': 20280817, 'source': 'composite'}",,tight_tw,E_adaptive_portfolio,synthetic_evrptw_n20_seed20280817_tight_tw,20280817,composite
3,relocate,0.7639118182659029,471.0782387598516,463.1795262788046,0.016767304942467677,True,1,True,0.001225874999363441,0.0032878759993764106,"{'instance': 'synthetic_evrptw_n20_seed20280817_tight_tw', 'scale': 20, 'seed': 20280817, 'source': 'composite'}",,tight_tw,E_adaptive_portfolio,synthetic_evrptw_n20_seed20280817_tight_tw,20280817,composite
4,two_opt,0.8241870157608322,463.1795262788046,463.1795262788046,0.0,False,0,True,0.00033195799915120006,0.0036198339985276107,"{'instance': 'synthetic_evrptw_n20_seed20280817_tight_tw', 'scale': 20, 'seed': 20280817, 'source': 'composite'}",,tight_tw,E_adaptive_portfolio,synthetic_evrptw_n20_seed20280817_tight_tw,20280817,composite
5,swap,0.8880453688256637,463.1795262788046,463.1795262788046,0.0,False,0,True,0.00046191600267775357,0.004081750001205364,"{'instance': 'synthetic_evrptw_n20_seed20280817_tight_tw', 'scale': 20, 'seed': 20280817, 'source': 'composite'}",,tight_tw,E_adaptive_portfolio,synthetic_evrptw_n20_seed20280817_tight_tw,20280817,composite
6,relocate,0.6860445512040094,463.1795262788046,463.1795262788046,0.0,False,0,True,0.0011620000004768372,0.005243750001682201,"{'instance': 'synthetic_evrptw_n20_seed20280817_tight_tw', 'scale': 20, 'seed': 20280817, 'source': 'composite'}",,tight_tw,E_adaptive_portfolio,synthetic_evrptw_n20_seed20280817_tight_tw,20280817,composite
7,two_opt,0.6904693957870629,463.1795262788046,463.1795262788046,0.0,False,0,True,0.00033220900149899535,0.005575959003181197,"{'instance': 'synthetic_evrptw_n20_seed20280817_tight_tw', 'scale': 20, 'seed': 20280817, 'source': 'composite'}",patience,tight_tw,E_adaptive_portfolio,synthetic_evrptw_n20_seed20280817_tight_tw,20280817,composite
0,two_opt,,471.3829577623475,471.3829577623475,0.0,False,0,True,0.000631582999631064,0.000631582999631064,"{'instance': 'synthetic_evrptw_n20_seed20280818_tight_tw', 'scale': 20, 'seed': 20280818, 'source': 'nearest'}",,tight_tw,E_adaptive_portfolio,synthetic_evrptw_n20_seed20280818_tight_tw,20280818,nearest
1,relocate,,471.3829577623475,458.79427713010676,0.026705845904992222,True,4,True,0.0011322919999656733,0.0017638749995967373,"{'instance': 'synthetic_evrptw_n20_seed20280818_tight_tw', 'scale': 20, 'seed': 20280818, 'source': 'nearest'}",,tight_tw,E_adaptive_portfolio,synthetic_evrptw_n20_seed20280818_tight_tw,20280818,nearest
2,swap,,458.79427713010676,458.79427713010676,0.0,False,0,True,0.0005119169982208405,0.002275791997817578,"{'instance': 'synthetic_evrptw_n20_seed20280818_tight_tw', 'scale': 20, 'seed': 20280818, 'source': 'nearest'}",,tight_tw,E_adaptive_portfolio,synthetic_evrptw_n20_seed20280818_tight_tw,20280818,nearest
3,relocate,0.7604087976827357,458.79427713010676,427.2552361405018,0.06874331821855095,True,2,True,0.0011249999988649506,0.0034007919966825284,"{'instance': 'synthetic_evrptw_n20_seed20280818_tight_tw', 'scale': 20, 'seed': 20280818, 'source': 'nearest'}",,tight_tw,E_adaptive_portfolio,synthetic_evrptw_n20_seed20280818_tight_tw,20280818,nearest
4,two_opt,0.8241870157608322,427.2552361405018,427.2552361405018,0.0,False,0,True,0.000486541997815948,0.0038873339944984764,"{'instance': 'synthetic_evrptw_n20_seed20280818_tight_tw', 'scale': 20, 'seed': 20280818, 'source': 'nearest'}",,tight_tw,E_adaptive_portfolio,synthetic_evrptw_n20_seed20280818_tight_tw,20280818,nearest
5,swap,0.8880453688256637,427.2552361405018,427.2552361405018,0.0,False,0,True,0.0004574589984258637,0.00434479299292434,"{'instance': 'synthetic_evrptw_n20_seed20280818_tight_tw', 'scale': 20, 'seed': 20280818, 'source': 'nearest'}",,tight_tw,E_adaptive_portfolio,synthetic_evrptw_n20_seed20280818_tight_tw,20280818,nearest
6,relocate,0.7102810475504674,427.2552361405018,427.2552361405018,0.0,False,0,True,0.0010891249985434115,0.0054339179914677516,"{'instance': 'synthetic_evrptw_n20_seed20280818_tight_tw', 'scale': 20, 'seed': 20280818, 'source': 'nearest'}",,tight_tw,E_adaptive_portfolio,synthetic_evrptw_n20_seed20280818_tight_tw,20280818,nearest
7,two_opt,0.6904693957870629,427.2552361405018,427.2552361405018,0.0,False,0,True,0.00048208400039584376,0.005916001991863595,"{'instance': 'synthetic_evrptw_n20_seed20280818_tight_tw', 'scale': 20, 'seed': 20280818, 'source': 'nearest'}",patience,tight_tw,E_adaptive_portfolio,synthetic_evrptw_n20_seed20280818_tight_tw,20280818,nearest
0,two_opt,,512.592643011222,512.592643011222,0.0,False,0,True,0.0005346250000002328,0.0005346250000002328,"{'instance': 'synthetic_evrptw_n20_seed20280818_tight_tw', 'scale': 20, 'seed': 20280818, 'source': 'composite'}",,tight_tw,E_adaptive_portfolio,synthetic_evrptw_n20_seed20280818_tight_tw,20280818,composite
1,relocate,,512.592643011222,475.2828304094643,0.07278647696264515,True,3,True,0.0009764160022314172,0.00151104100223165,"{'instance': 'synthetic_evrptw_n20_seed20280818_tight_tw', 'scale': 20, 'seed': 20280818, 'source': 'composite'}",,tight_tw,E_adaptive_portfolio,synthetic_evrptw_n20_seed20280818_tight_tw,20280818,composite
2,swap,,475.2828304094643,475.2828304094643,0.0,False,0,True,0.0003522080005495809,0.001863249002781231,"{'instance': 'synthetic_evrptw_n20_seed20280818_tight_tw', 'scale': 20, 'seed': 20280818, 'source': 'composite'}",,tight_tw,E_adaptive_portfolio,synthetic_evrptw_n20_seed20280818_tight_tw,20280818,composite
3,relocate,0.8064894287403886,475.2828304094643,458.8541017708586,0.034566215287962394,True,2,True,0.0009871660004137084,0.0028504150031949393,"{'instance': 'synthetic_evrptw_n20_seed20280818_tight_tw', 'scale': 20, 'seed': 20280818, 'source': 'composite'}",,tight_tw,E_adaptive_portfolio,synthetic_evrptw_n20_seed20280818_tight_tw,20280818,composite
4,two_opt,0.8241870157608322,458.8541017708586,452.3557834132691,0.014162057901434329,True,1,True,0.0010230829975625966,0.003873498000757536,"{'instance': 'synthetic_evrptw_n20_seed20280818_tight_tw', 'scale': 20, 'seed': 20280818, 'source': 'composite'}",,tight_tw,E_adaptive_portfolio,synthetic_evrptw_n20_seed20280818_tight_tw,20280818,composite
5,swap,0.8880453688256637,452.3557834132691,452.3557834132691,0.0,False,0,True,0.00047287499910453334,0.004346372999862069,"{'instance': 'synthetic_evrptw_n20_seed20280818_tight_tw', 'scale': 20, 'seed': 20280818, 'source': 'composite'}",,tight_tw,E_adaptive_portfolio,synthetic_evrptw_n20_seed20280818_tight_tw,20280818,composite
6,relocate,0.7162328116139997,452.3557834132691,444.90821329639857,0.01646396573218223,True,1,True,0.001105957999243401,0.00545233099910547,"{'instance': 'synthetic_evrptw_n20_seed20280818_tight_tw', 'scale': 20, 'seed': 20280818, 'source': 'composite'}",,tight_tw,E_adaptive_portfolio,synthetic_evrptw_n20_seed20280818_tight_tw,20280818,composite
7,two_opt,0.6975504247377801,444.90821329639857,444.90821329639857,0.0,False,0,True,0.0004427919993759133,0.0058951229984813835,"{'instance': 'synthetic_evrptw_n20_seed20280818_tight_tw', 'scale': 20, 'seed': 20280818, 'source': 'composite'}",,tight_tw,E_adaptive_portfolio,synthetic_evrptw_n20_seed20280818_tight_tw,20280818,composite
8,swap,0.7137668931181662,444.90821329639857,444.90821329639857,0.0,False,0,True,0.0005141250003362074,0.006409247998817591,"{'instance': 'synthetic_evrptw_n20_seed20280818_tight_tw', 'scale': 20, 'seed': 20280818, 'source': 'composite'}",,tight_tw,E_adaptive_portfolio,synthetic_evrptw_n20_seed20280818_tight_tw,20280818,composite
9,relocate,0.6403381708707043,444.90821329639857,444.90821329639857,0.0,False,0,True,0.001130666998506058,0.007539914997323649,"{'instance': 'synthetic_evrptw_n20_seed20280818_tight_tw', 'scale': 20, 'seed': 20280818, 'source': 'composite'}",,tight_tw,E_adaptive_portfolio,synthetic_evrptw_n20_seed20280818_tight_tw,20280818,composite
10,two_opt,0.6179815591054536,444.90821329639857,444.90821329639857,0.0,False,0,True,0.0004330420015321579,0.007972956998855807,"{'instance': 'synthetic_evrptw_n20_seed20280818_tight_tw', 'scale': 20, 'seed': 20280818, 'source': 'composite'}",patience,tight_tw,E_adaptive_portfolio,synthetic_evrptw_n20_seed20280818_tight_tw,20280818,composite
0,two_opt,,462.37506922863514,462.37506922863514,0.0,False,0,True,0.00038570900142076425,0.00038570900142076425,"{'instance': 'synthetic_evrptw_n20_seed20280819_tight_tw', 'scale': 20, 'seed': 20280819, 'source': 'nearest'}",,tight_tw,E_adaptive_portfolio,synthetic_evrptw_n20_seed20280819_tight_tw,20280819,nearest
1,relocate,,462.37506922863514,448.3389070340054,0.030356658757674397,True,3,True,0.0011898330012627412,0.0015755420026835054,"{'instance': 'synthetic_evrptw_n20_seed20280819_tight_tw', 'scale': 20, 'seed': 20280819, 'source': 'nearest'}",,tight_tw,E_adaptive_portfolio,synthetic_evrptw_n20_seed20280819_tight_tw,20280819,nearest
2,swap,,448.3389070340054,448.3389070340054,0.0,False,0,True,0.0005388749996200204,0.002114417002303526,"{'instance': 'synthetic_evrptw_n20_seed20280819_tight_tw', 'scale': 20, 'seed': 20280819, 'source': 'nearest'}",,tight_tw,E_adaptive_portfolio,synthetic_evrptw_n20_seed20280819_tight_tw,20280819,nearest
3,relocate,0.7640596105354178,448.3389070340054,448.3389070340054,0.0,False,0,True,0.0011581670005398337,0.0032725840028433595,"{'instance': 'synthetic_evrptw_n20_seed20280819_tight_tw', 'scale': 20, 'seed': 20280819, 'source': 'nearest'}",,tight_tw,E_adaptive_portfolio,synthetic_evrptw_n20_seed20280819_tight_tw,20280819,nearest
4,two_opt,0.8241870157608322,448.3389070340054,447.7549260266734,0.0013025436743719992,True,1,True,0.00048712499847169966,0.003759709001315059,"{'instance': 'synthetic_evrptw_n20_seed20280819_tight_tw', 'scale': 20, 'seed': 20280819, 'source': 'nearest'}",,tight_tw,E_adaptive_portfolio,synthetic_evrptw_n20_seed20280819_tight_tw,20280819,nearest
5,swap,0.8880453688256637,447.7549260266734,447.7549260266734,0.0,False,0,True,0.0005023330013500527,0.004262042002665112,"{'instance': 'synthetic_evrptw_n20_seed20280819_tight_tw', 'scale': 20, 'seed': 20280819, 'source': 'nearest'}",,tight_tw,E_adaptive_portfolio,synthetic_evrptw_n20_seed20280819_tight_tw,20280819,nearest
6,relocate,0.6777347948675331,447.7549260266734,447.7549260266734,0.0,False,0,True,0.0011872920003952459,0.005449334003060358,"{'instance': 'synthetic_evrptw_n20_seed20280819_tight_tw', 'scale': 20, 'seed': 20280819, 'source': 'nearest'}",,tight_tw,E_adaptive_portfolio,synthetic_evrptw_n20_seed20280819_tight_tw,20280819,nearest
7,two_opt,0.691120667624249,447.7549260266734,447.7549260266734,0.0,False,0,True,0.00032591600029263645,0.005775250003352994,"{'instance': 'synthetic_evrptw_n20_seed20280819_tight_tw', 'scale': 20, 'seed': 20280819, 'source': 'nearest'}",,tight_tw,E_adaptive_portfolio,synthetic_evrptw_n20_seed20280819_tight_tw,20280819,nearest
8,swap,0.7137668931181662,447.7549260266734,447.7549260266734,0.0,False,0,True,0.0004792499967152253,0.006254500000068219,"{'instance': 'synthetic_evrptw_n20_seed20280819_tight_tw', 'scale': 20, 'seed': 20280819, 'source': 'nearest'}",patience,tight_tw,E_adaptive_portfolio,synthetic_evrptw_n20_seed20280819_tight_tw,20280819,nearest
0,two_opt,,497.8325907730921,497.8325907730921,0.0,False,0,True,0.0003301249998912681,0.0003301249998912681,"{'instance': 'synthetic_evrptw_n20_seed20280819_tight_tw', 'scale': 20, 'seed': 20280819, 'source': 'composite'}",,tight_tw,E_adaptive_portfolio,synthetic_evrptw_n20_seed20280819_tight_tw,20280819,composite
1,relocate,,497.8325907730921,474.8097805616982,0.04624608882203035,True,4,True,0.0011942499986616895,0.0015243749985529575,"{'instance': 'synthetic_evrptw_n20_seed20280819_tight_tw', 'scale': 20, 'seed': 20280819, 'source': 'composite'}",,tight_tw,E_adaptive_portfolio,synthetic_evrptw_n20_seed20280819_tight_tw,20280819,composite
2,swap,,474.8097805616982,474.8097805616982,0.0,False,0,True,0.0005923329990764614,0.002116707997629419,"{'instance': 'synthetic_evrptw_n20_seed20280819_tight_tw', 'scale': 20, 'seed': 20280819, 'source': 'composite'}",,tight_tw,E_adaptive_portfolio,synthetic_evrptw_n20_seed20280819_tight_tw,20280819,composite
3,relocate,0.7799490405997738,474.8097805616982,468.9199686925931,0.012404571494162249,True,1,True,0.0011078329989686608,0.00322454099659808,"{'instance': 'synthetic_evrptw_n20_seed20280819_tight_tw', 'scale': 20, 'seed': 20280819, 'source': 'composite'}",,tight_tw,E_adaptive_portfolio,synthetic_evrptw_n20_seed20280819_tight_tw,20280819,composite
4,two_opt,0.8241870157608322,468.9199686925931,468.9199686925931,0.0,False,0,True,0.00022950000129640102,0.003454040997894481,"{'instance': 'synthetic_evrptw_n20_seed20280819_tight_tw', 'scale': 20, 'seed': 20280819, 'source': 'composite'}",,tight_tw,E_adaptive_portfolio,synthetic_evrptw_n20_seed20280819_tight_tw,20280819,composite
5,swap,0.8880453688256637,468.9199686925931,468.9199686925931,0.0,False,0,True,0.0005818749996251427,0.0040359159975196235,"{'instance': 'synthetic_evrptw_n20_seed20280819_tight_tw', 'scale': 20, 'seed': 20280819, 'source': 'composite'}",,tight_tw,E_adaptive_portfolio,synthetic_evrptw_n20_seed20280819_tight_tw,20280819,composite
6,relocate,0.6918817956467922,468.9199686925931,455.5551840512022,0.028501206034482935,True,1,True,0.001122959001804702,0.0051588749993243255,"{'instance': 'synthetic_evrptw_n20_seed20280819_tight_tw', 'scale': 20, 'seed': 20280819, 'source': 'composite'}",,tight_tw,E_adaptive_portfolio,synthetic_evrptw_n20_seed20280819_tight_tw,20280819,composite
7,two_opt,0.6904693957870629,455.5551840512022,455.5551840512022,0.0,False,0,True,0.0002410830020380672,0.005399958001362393,"{'instance': 'synthetic_evrptw_n20_seed20280819_tight_tw', 'scale': 20, 'seed': 20280819, 'source': 'composite'}",,tight_tw,E_adaptive_portfolio,synthetic_evrptw_n20_seed20280819_tight_tw,20280819,composite
8,swap,0.7137668931181662,455.5551840512022,455.5551840512022,0.0,False,0,True,0.0005712080019293353,0.005971166003291728,"{'instance': 'synthetic_evrptw_n20_seed20280819_tight_tw', 'scale': 20, 'seed': 20280819, 'source': 'composite'}",,tight_tw,E_adaptive_portfolio,synthetic_evrptw_n20_seed20280819_tight_tw,20280819,composite
9,relocate,0.6281165736599995,455.5551840512022,455.5551840512022,0.0,False,0,True,0.0011444169977039564,0.007115583000995684,"{'instance': 'synthetic_evrptw_n20_seed20280819_tight_tw', 'scale': 20, 'seed': 20280819, 'source': 'composite'}",,tight_tw,E_adaptive_portfolio,synthetic_evrptw_n20_seed20280819_tight_tw,20280819,composite
10,two_opt,0.6132608731383088,455.5551840512022,455.5551840512022,0.0,False,0,True,0.0002398329997959081,0.0073554160007915925,"{'instance': 'synthetic_evrptw_n20_seed20280819_tight_tw', 'scale': 20, 'seed': 20280819, 'source': 'composite'}",patience,tight_tw,E_adaptive_portfolio,synthetic_evrptw_n20_seed20280819_tight_tw,20280819,composite
0,two_opt,,432.1013398865773,432.1013398865773,0.0,False,0,True,0.0002961249992949888,0.0002961249992949888,"{'instance': 'synthetic_evrptw_n20_seed20280820_tight_tw', 'scale': 20, 'seed': 20280820, 'source': 'nearest'}",,tight_tw,E_adaptive_portfolio,synthetic_evrptw_n20_seed20280820_tight_tw,20280820,nearest
1,relocate,,432.1013398865773,428.0727175156239,0.009323327652746703,True,1,True,0.0010427910019643605,0.0013389160012593493,"{'instance': 'synthetic_evrptw_n20_seed20280820_tight_tw', 'scale': 20, 'seed': 20280820, 'source': 'nearest'}",,tight_tw,E_adaptive_portfolio,synthetic_evrptw_n20_seed20280820_tight_tw,20280820,nearest
2,swap,,428.0727175156239,428.0727175156239,0.0,False,0,True,0.0004494160020840354,0.0017883320033433847,"{'instance': 'synthetic_evrptw_n20_seed20280820_tight_tw', 'scale': 20, 'seed': 20280820, 'source': 'nearest'}",,tight_tw,E_adaptive_portfolio,synthetic_evrptw_n20_seed20280820_tight_tw,20280820,nearest
3,relocate,0.7430262794304902,428.0727175156239,428.0727175156239,0.0,False,0,True,0.0011130409984616563,0.002901373001805041,"{'instance': 'synthetic_evrptw_n20_seed20280820_tight_tw', 'scale': 20, 'seed': 20280820, 'source': 'nearest'}",,tight_tw,E_adaptive_portfolio,synthetic_evrptw_n20_seed20280820_tight_tw,20280820,nearest
4,two_opt,0.8241870157608322,428.0727175156239,428.0727175156239,0.0,False,0,True,0.00026899999647866935,0.0031703729982837103,"{'instance': 'synthetic_evrptw_n20_seed20280820_tight_tw', 'scale': 20, 'seed': 20280820, 'source': 'nearest'}",,tight_tw,E_adaptive_portfolio,synthetic_evrptw_n20_seed20280820_tight_tw,20280820,nearest
5,swap,0.8880453688256637,428.0727175156239,428.0727175156239,0.0,False,0,True,0.0004502499978116248,0.003620622996095335,"{'instance': 'synthetic_evrptw_n20_seed20280820_tight_tw', 'scale': 20, 'seed': 20280820, 'source': 'nearest'}",patience,tight_tw,E_adaptive_portfolio,synthetic_evrptw_n20_seed20280820_tight_tw,20280820,nearest
0,two_opt,,451.5867885102808,451.5867885102808,0.0,False,0,True,0.00033724999957485124,0.00033724999957485124,"{'instance': 'synthetic_evrptw_n20_seed20280820_tight_tw', 'scale': 20, 'seed': 20280820, 'source': 'composite'}",,tight_tw,E_adaptive_portfolio,synthetic_evrptw_n20_seed20280820_tight_tw,20280820,composite
1,relocate,,451.5867885102808,433.94949437318485,0.03905626689230402,True,5,True,0.0009962919975805562,0.0013335419971554074,"{'instance': 'synthetic_evrptw_n20_seed20280820_tight_tw', 'scale': 20, 'seed': 20280820, 'source': 'composite'}",,tight_tw,E_adaptive_portfolio,synthetic_evrptw_n20_seed20280820_tight_tw,20280820,composite
2,swap,,433.94949437318485,404.9818387878371,0.06675351846460813,True,3,True,0.0003924589982489124,0.0017260009954043198,"{'instance': 'synthetic_evrptw_n20_seed20280820_tight_tw', 'scale': 20, 'seed': 20280820, 'source': 'composite'}",,tight_tw,E_adaptive_portfolio,synthetic_evrptw_n20_seed20280820_tight_tw,20280820,composite
3,swap,0.8004564702423516,404.9818387878371,404.9818387878371,0.0,False,0,True,0.0003792080024140887,0.0021052089978184085,"{'instance': 'synthetic_evrptw_n20_seed20280820_tight_tw', 'scale': 20, 'seed': 20280820, 'source': 'composite'}",,tight_tw,E_adaptive_portfolio,synthetic_evrptw_n20_seed20280820_tight_tw,20280820,composite
4,relocate,0.8632432826531362,404.9818387878371,391.44505277375583,0.03342566188794689,True,2,True,0.0009482499990554061,0.0030534589968738146,"{'instance': 'synthetic_evrptw_n20_seed20280820_tight_tw', 'scale': 20, 'seed': 20280820, 'source': 'composite'}",,tight_tw,E_adaptive_portfolio,synthetic_evrptw_n20_seed20280820_tight_tw,20280820,composite
5,two_opt,0.8880453688256637,391.44505277375583,391.44505277375583,0.0,False,0,True,0.0003631669969763607,0.0034166259938501753,"{'instance': 'synthetic_evrptw_n20_seed20280820_tight_tw', 'scale': 20, 'seed': 20280820, 'source': 'composite'}",,tight_tw,E_adaptive_portfolio,synthetic_evrptw_n20_seed20280820_tight_tw,20280820,composite
6,relocate,0.6987974298788213,391.44505277375583,391.44505277375583,0.0,False,0,True,0.0009820830018725246,0.0043987089957227,"{'instance': 'synthetic_evrptw_n20_seed20280820_tight_tw', 'scale': 20, 'seed': 20280820, 'source': 'composite'}",,tight_tw,E_adaptive_portfolio,synthetic_evrptw_n20_seed20280820_tight_tw,20280820,composite
7,swap,0.723846155019367,391.44505277375583,391.44505277375583,0.0,False,0,True,0.00034249999953317456,0.0047412089952558745,"{'instance': 'synthetic_evrptw_n20_seed20280820_tight_tw', 'scale': 20, 'seed': 20280820, 'source': 'composite'}",,tight_tw,E_adaptive_portfolio,synthetic_evrptw_n20_seed20280820_tight_tw,20280820,composite
8,two_opt,0.7137668931181662,391.44505277375583,391.44505277375583,0.0,False,0,True,0.0003594999980123248,0.005100708993268199,"{'instance': 'synthetic_evrptw_n20_seed20280820_tight_tw', 'scale': 20, 'seed': 20280820, 'source': 'composite'}",patience,tight_tw,E_adaptive_portfolio,synthetic_evrptw_n20_seed20280820_tight_tw,20280820,composite
0,two_opt,,444.1424295969515,444.1424295969515,0.0,False,0,True,0.0003610419989854563,0.0003610419989854563,"{'instance': 'synthetic_evrptw_n20_seed20280821_tight_tw', 'scale': 20, 'seed': 20280821, 'source': 'nearest'}",,tight_tw,E_adaptive_portfolio,synthetic_evrptw_n20_seed20280821_tight_tw,20280821,nearest
1,relocate,,444.1424295969515,430.47961018836423,0.030762247644265703,True,4,True,0.0009640829994168598,0.0013251249984023161,"{'instance': 'synthetic_evrptw_n20_seed20280821_tight_tw', 'scale': 20, 'seed': 20280821, 'source': 'nearest'}",,tight_tw,E_adaptive_portfolio,synthetic_evrptw_n20_seed20280821_tight_tw,20280821,nearest
2,swap,,430.47961018836423,430.47961018836423,0.0,False,0,True,0.0004436250019352883,0.0017687500003376044,"{'instance': 'synthetic_evrptw_n20_seed20280821_tight_tw', 'scale': 20, 'seed': 20280821, 'source': 'nearest'}",,tight_tw,E_adaptive_portfolio,synthetic_evrptw_n20_seed20280821_tight_tw,20280821,nearest
3,relocate,0.7644651994220092,430.47961018836423,428.33170453421116,0.004989564205406204,True,1,True,0.000990958000329556,0.0027597080006671604,"{'instance': 'synthetic_evrptw_n20_seed20280821_tight_tw', 'scale': 20, 'seed': 20280821, 'source': 'nearest'}",,tight_tw,E_adaptive_portfolio,synthetic_evrptw_n20_seed20280821_tight_tw,20280821,nearest
4,two_opt,0.8241870157608322,428.33170453421116,427.23220705082025,0.002566929955807387,True,1,True,0.00033208300010301173,0.003091791000770172,"{'instance': 'synthetic_evrptw_n20_seed20280821_tight_tw', 'scale': 20, 'seed': 20280821, 'source': 'nearest'}",,tight_tw,E_adaptive_portfolio,synthetic_evrptw_n20_seed20280821_tight_tw,20280821,nearest
5,swap,0.8880453688256637,427.23220705082025,427.23220705082025,0.0,False,0,True,0.00046845800170558505,0.003560249002475757,"{'instance': 'synthetic_evrptw_n20_seed20280821_tight_tw', 'scale': 20, 'seed': 20280821, 'source': 'nearest'}",,tight_tw,E_adaptive_portfolio,synthetic_evrptw_n20_seed20280821_tight_tw,20280821,nearest
6,relocate,0.6804323714135319,427.23220705082025,411.2292214037126,0.03745734844658861,True,1,True,0.0010389169983682223,0.004599166000843979,"{'instance': 'synthetic_evrptw_n20_seed20280821_tight_tw', 'scale': 20, 'seed': 20280821, 'source': 'nearest'}",,tight_tw,E_adaptive_portfolio,synthetic_evrptw_n20_seed20280821_tight_tw,20280821,nearest
7,two_opt,0.6917528607649666,411.2292214037126,411.2292214037126,0.0,False,0,True,0.0002457090013194829,0.004844875002163462,"{'instance': 'synthetic_evrptw_n20_seed20280821_tight_tw', 'scale': 20, 'seed': 20280821, 'source': 'nearest'}",,tight_tw,E_adaptive_portfolio,synthetic_evrptw_n20_seed20280821_tight_tw,20280821,nearest
8,swap,0.7137668931181662,411.2292214037126,411.2292214037126,0.0,False,0,True,0.0004921660001855344,0.005337041002348997,"{'instance': 'synthetic_evrptw_n20_seed20280821_tight_tw', 'scale': 20, 'seed': 20280821, 'source': 'nearest'}",,tight_tw,E_adaptive_portfolio,synthetic_evrptw_n20_seed20280821_tight_tw,20280821,nearest
9,relocate,0.6234690049751945,411.2292214037126,411.2292214037126,0.0,False,0,True,0.001031291001709178,0.006368332004058175,"{'instance': 'synthetic_evrptw_n20_seed20280821_tight_tw', 'scale': 20, 'seed': 20280821, 'source': 'nearest'}",,tight_tw,E_adaptive_portfolio,synthetic_evrptw_n20_seed20280821_tight_tw,20280821,nearest
10,two_opt,0.6141165164569112,411.2292214037126,411.2292214037126,0.0,False,0,True,0.0002390000008745119,0.006607332004932687,"{'instance': 'synthetic_evrptw_n20_seed20280821_tight_tw', 'scale': 20, 'seed': 20280821, 'source': 'nearest'}",patience,tight_tw,E_adaptive_portfolio,synthetic_evrptw_n20_seed20280821_tight_tw,20280821,nearest
0,two_opt,,447.4358206757902,447.4358206757902,0.0,False,0,True,0.00040054199780570343,0.00040054199780570343,"{'instance': 'synthetic_evrptw_n20_seed20280821_tight_tw', 'scale': 20, 'seed': 20280821, 'source': 'composite'}",,tight_tw,E_adaptive_portfolio,synthetic_evrptw_n20_seed20280821_tight_tw,20280821,composite
1,relocate,,447.4358206757902,433.44650517649416,0.03126552424472205,True,3,True,0.001071750000846805,0.0014722919986525085,"{'instance': 'synthetic_evrptw_n20_seed20280821_tight_tw', 'scale': 20, 'seed': 20280821, 'source': 'composite'}",,tight_tw,E_adaptive_portfolio,synthetic_evrptw_n20_seed20280821_tight_tw,20280821,composite
2,swap,,433.44650517649416,433.44650517649416,0.0,False,0,True,0.00045612499889102764,0.0019284169975435361,"{'instance': 'synthetic_evrptw_n20_seed20280821_tight_tw', 'scale': 20, 'seed': 20280821, 'source': 'composite'}",,tight_tw,E_adaptive_portfolio,synthetic_evrptw_n20_seed20280821_tight_tw,20280821,composite
3,relocate,0.7649684760224655,433.44650517649416,427.0039465754446,0.014863561071801026,True,2,True,0.0010482920006325003,0.0029767089981760364,"{'instance': 'synthetic_evrptw_n20_seed20280821_tight_tw', 'scale': 20, 'seed': 20280821, 'source': 'composite'}",,tight_tw,E_adaptive_portfolio,synthetic_evrptw_n20_seed20280821_tight_tw,20280821,composite
4,two_opt,0.8241870157608322,427.0039465754446,427.0039465754446,0.0,False,0,True,0.00025033299971255474,0.003227041997888591,"{'instance': 'synthetic_evrptw_n20_seed20280821_tight_tw', 'scale': 20, 'seed': 20280821, 'source': 'composite'}",,tight_tw,E_adaptive_portfolio,synthetic_evrptw_n20_seed20280821_tight_tw,20280821,composite
5,swap,0.8880453688256637,427.0039465754446,427.0039465754446,0.0,False,0,True,0.0004715830000350252,0.0036986249979236163,"{'instance': 'synthetic_evrptw_n20_seed20280821_tight_tw', 'scale': 20, 'seed': 20280821, 'source': 'composite'}",,tight_tw,E_adaptive_portfolio,synthetic_evrptw_n20_seed20280821_tight_tw,20280821,composite
6,relocate,0.6856210081469574,427.0039465754446,412.45354165345935,0.03407557480130794,True,1,True,0.0010403750020486768,0.004738999999972293,"{'instance': 'synthetic_evrptw_n20_seed20280821_tight_tw', 'scale': 20, 'seed': 20280821, 'source': 'composite'}",,tight_tw,E_adaptive_portfolio,synthetic_evrptw_n20_seed20280821_tight_tw,20280821,composite
7,two_opt,0.6904693957870629,412.45354165345935,412.45354165345935,0.0,False,0,True,0.00023712499751127325,0.004976124997483566,"{'instance': 'synthetic_evrptw_n20_seed20280821_tight_tw', 'scale': 20, 'seed': 20280821, 'source': 'composite'}",,tight_tw,E_adaptive_portfolio,synthetic_evrptw_n20_seed20280821_tight_tw,20280821,composite
8,swap,0.7137668931181662,412.45354165345935,412.45354165345935,0.0,False,0,True,0.0005052919987065252,0.005481416996190092,"{'instance': 'synthetic_evrptw_n20_seed20280821_tight_tw', 'scale': 20, 'seed': 20280821, 'source': 'composite'}",,tight_tw,E_adaptive_portfolio,synthetic_evrptw_n20_seed20280821_tight_tw,20280821,composite
9,relocate,0.6258008382490514,412.45354165345935,411.2292214037126,0.0029683834083195563,True,1,True,0.0010163750011997763,0.006497791997389868,"{'instance': 'synthetic_evrptw_n20_seed20280821_tight_tw', 'scale': 20, 'seed': 20280821, 'source': 'composite'}",,tight_tw,E_adaptive_portfolio,synthetic_evrptw_n20_seed20280821_tight_tw,20280821,composite
10,two_opt,0.6132608731383088,411.2292214037126,411.2292214037126,0.0,False,0,True,0.00023562500064144842,0.006733416998031316,"{'instance': 'synthetic_evrptw_n20_seed20280821_tight_tw', 'scale': 20, 'seed': 20280821, 'source': 'composite'}",,tight_tw,E_adaptive_portfolio,synthetic_evrptw_n20_seed20280821_tight_tw,20280821,composite
11,swap,0.625824438553178,411.2292214037126,411.2292214037126,0.0,False,0,True,0.000515667001309339,0.007249083999340655,"{'instance': 'synthetic_evrptw_n20_seed20280821_tight_tw', 'scale': 20, 'seed': 20280821, 'source': 'composite'}",budget,tight_tw,E_adaptive_portfolio,synthetic_evrptw_n20_seed20280821_tight_tw,20280821,composite
0,two_opt,,441.11355023560805,441.11355023560805,0.0,False,0,True,0.0003683750001073349,0.0003683750001073349,"{'instance': 'synthetic_evrptw_n20_seed20280822_tight_tw', 'scale': 20, 'seed': 20280822, 'source': 'nearest'}",,tight_tw,E_adaptive_portfolio,synthetic_evrptw_n20_seed20280822_tight_tw,20280822,nearest
1,relocate,,441.11355023560805,419.9932575999705,0.04787949185500368,True,3,True,0.0009338329982711002,0.0013022079983784351,"{'instance': 'synthetic_evrptw_n20_seed20280822_tight_tw', 'scale': 20, 'seed': 20280822, 'source': 'nearest'}",,tight_tw,E_adaptive_portfolio,synthetic_evrptw_n20_seed20280822_tight_tw,20280822,nearest
2,swap,,419.9932575999705,419.10663141615345,0.0021110486127411234,True,1,True,0.0003747080008906778,0.001676915999269113,"{'instance': 'synthetic_evrptw_n20_seed20280822_tight_tw', 'scale': 20, 'seed': 20280822, 'source': 'nearest'}",,tight_tw,E_adaptive_portfolio,synthetic_evrptw_n20_seed20280822_tight_tw,20280822,nearest
3,relocate,0.7815824436327472,419.10663141615345,412.4377942678949,0.01591202965633035,True,3,True,0.0009973330015782267,0.0026742490008473396,"{'instance': 'synthetic_evrptw_n20_seed20280822_tight_tw', 'scale': 20, 'seed': 20280822, 'source': 'nearest'}",,tight_tw,E_adaptive_portfolio,synthetic_evrptw_n20_seed20280822_tight_tw,20280822,nearest
4,swap,0.8262980643735733,412.4377942678949,405.3056433936186,0.017292670490919385,True,1,True,0.00039429199750884436,0.003068540998356184,"{'instance': 'synthetic_evrptw_n20_seed20280822_tight_tw', 'scale': 20, 'seed': 20280822, 'source': 'nearest'}",,tight_tw,E_adaptive_portfolio,synthetic_evrptw_n20_seed20280822_tight_tw,20280822,nearest
5,two_opt,0.8880453688256637,405.3056433936186,405.30291227376307,6.738420498312563e-06,True,1,True,0.00043400000140536577,0.0035025409997615498,"{'instance': 'synthetic_evrptw_n20_seed20280822_tight_tw', 'scale': 20, 'seed': 20280822, 'source': 'nearest'}",,tight_tw,E_adaptive_portfolio,synthetic_evrptw_n20_seed20280822_tight_tw,20280822,nearest
6,relocate,0.6944522262443629,405.30291227376307,396.41593075748744,0.021926764518960296,True,1,True,0.000952832997427322,0.004455373997188872,"{'instance': 'synthetic_evrptw_n20_seed20280822_tight_tw', 'scale': 20, 'seed': 20280822, 'source': 'nearest'}",,tight_tw,E_adaptive_portfolio,synthetic_evrptw_n20_seed20280822_tight_tw,20280822,nearest
7,swap,0.7001712553388931,396.41593075748744,396.41593075748744,0.0,False,0,True,0.00036262499997974373,0.0048179989971686155,"{'instance': 'synthetic_evrptw_n20_seed20280822_tight_tw', 'scale': 20, 'seed': 20280822, 'source': 'nearest'}",,tight_tw,E_adaptive_portfolio,synthetic_evrptw_n20_seed20280822_tight_tw,20280822,nearest
8,two_opt,0.7137702623284153,396.41593075748744,396.41593075748744,0.0,False,0,True,0.00038891599979251623,0.005206914996961132,"{'instance': 'synthetic_evrptw_n20_seed20280822_tight_tw', 'scale': 20, 'seed': 20280822, 'source': 'nearest'}",,tight_tw,E_adaptive_portfolio,synthetic_evrptw_n20_seed20280822_tight_tw,20280822,nearest
9,relocate,0.6276387135532058,396.41593075748744,396.41593075748744,0.0,False,0,True,0.0009718330002215225,0.006178747997182654,"{'instance': 'synthetic_evrptw_n20_seed20280822_tight_tw', 'scale': 20, 'seed': 20280822, 'source': 'nearest'}",,tight_tw,E_adaptive_portfolio,synthetic_evrptw_n20_seed20280822_tight_tw,20280822,nearest
10,swap,0.6197287795061956,396.41593075748744,396.41593075748744,0.0,False,0,True,0.0003526659966155421,0.006531413993798196,"{'instance': 'synthetic_evrptw_n20_seed20280822_tight_tw', 'scale': 20, 'seed': 20280822, 'source': 'nearest'}",patience,tight_tw,E_adaptive_portfolio,synthetic_evrptw_n20_seed20280822_tight_tw,20280822,nearest
0,two_opt,,577.1103679124835,577.1103679124835,0.0,False,0,True,0.0003710830023919698,0.0003710830023919698,"{'instance': 'synthetic_evrptw_n20_seed20280822_tight_tw', 'scale': 20, 'seed': 20280822, 'source': 'composite'}",,tight_tw,E_adaptive_portfolio,synthetic_evrptw_n20_seed20280822_tight_tw,20280822,composite
1,relocate,,577.1103679124835,508.052639337228,0.11966121631993941,True,6,True,0.0010720829995989334,0.0014431660019909032,"{'instance': 'synthetic_evrptw_n20_seed20280822_tight_tw', 'scale': 20, 'seed': 20280822, 'source': 'composite'}",,tight_tw,E_adaptive_portfolio,synthetic_evrptw_n20_seed20280822_tight_tw,20280822,composite
2,swap,,508.052639337228,500.9742381180733,0.013932416980234062,True,3,True,0.0005634160006593447,0.002006582002650248,"{'instance': 'synthetic_evrptw_n20_seed20280822_tight_tw', 'scale': 20, 'seed': 20280822, 'source': 'composite'}",,tight_tw,E_adaptive_portfolio,synthetic_evrptw_n20_seed20280822_tight_tw,20280822,composite
3,relocate,0.8533641680976829,500.9742381180733,475.25181403790793,0.05134480402982898,True,4,True,0.0011211249984626193,0.003127707001112867,"{'instance': 'synthetic_evrptw_n20_seed20280822_tight_tw', 'scale': 20, 'seed': 20280822, 'source': 'composite'}",,tight_tw,E_adaptive_portfolio,synthetic_evrptw_n20_seed20280822_tight_tw,20280822,composite
4,swap,0.8381194327410663,475.25181403790793,473.4650503236611,0.0037596147168084495,True,1,True,0.0005322919969330542,0.0036599989980459213,"{'instance': 'synthetic_evrptw_n20_seed20280822_tight_tw', 'scale': 20, 'seed': 20280822, 'source': 'composite'}",,tight_tw,E_adaptive_portfolio,synthetic_evrptw_n20_seed20280822_tight_tw,20280822,composite
5,two_opt,0.8880453688256637,473.4650503236611,473.4650503236611,0.0,False,0,True,0.00024191699776565656,0.003901915995811578,"{'instance': 'synthetic_evrptw_n20_seed20280822_tight_tw', 'scale': 20, 'seed': 20280822, 'source': 'composite'}",,tight_tw,E_adaptive_portfolio,synthetic_evrptw_n20_seed20280822_tight_tw,20280822,composite
6,relocate,0.74805947566358,473.4650503236611,456.17695596792515,0.03651398206460602,True,2,True,0.0011813329983851872,0.005083248994196765,"{'instance': 'synthetic_evrptw_n20_seed20280822_tight_tw', 'scale': 20, 'seed': 20280822, 'source': 'composite'}",,tight_tw,E_adaptive_portfolio,synthetic_evrptw_n20_seed20280822_tight_tw,20280822,composite
7,swap,0.6993154116355842,456.17695596792515,456.17695596792515,0.0,False,0,True,0.0005495419973158278,0.005632790991512593,"{'instance': 'synthetic_evrptw_n20_seed20280822_tight_tw', 'scale': 20, 'seed': 20280822, 'source': 'composite'}",,tight_tw,E_adaptive_portfolio,synthetic_evrptw_n20_seed20280822_tight_tw,20280822,composite
8,two_opt,0.7137668931181662,456.17695596792515,456.17695596792515,0.0,False,0,True,0.00024487500195391476,0.005877665993466508,"{'instance': 'synthetic_evrptw_n20_seed20280822_tight_tw', 'scale': 20, 'seed': 20280822, 'source': 'composite'}",,tight_tw,E_adaptive_portfolio,synthetic_evrptw_n20_seed20280822_tight_tw,20280822,composite
9,relocate,0.6682392856812325,456.17695596792515,456.17695596792515,0.0,False,0,True,0.0012165420012024697,0.007094207994668977,"{'instance': 'synthetic_evrptw_n20_seed20280822_tight_tw', 'scale': 20, 'seed': 20280822, 'source': 'composite'}",,tight_tw,E_adaptive_portfolio,synthetic_evrptw_n20_seed20280822_tight_tw,20280822,composite
10,swap,0.619158217037323,456.17695596792515,456.17695596792515,0.0,False,0,True,0.0005285830011416692,0.0076227909958106466,"{'instance': 'synthetic_evrptw_n20_seed20280822_tight_tw', 'scale': 20, 'seed': 20280822, 'source': 'composite'}",patience,tight_tw,E_adaptive_portfolio,synthetic_evrptw_n20_seed20280822_tight_tw,20280822,composite
0,two_opt,,464.1746497595756,464.1746497595756,0.0,False,0,True,0.0003545419967849739,0.0003545419967849739,"{'instance': 'synthetic_evrptw_n20_seed20280823_tight_tw', 'scale': 20, 'seed': 20280823, 'source': 'nearest'}",,tight_tw,E_adaptive_portfolio,synthetic_evrptw_n20_seed20280823_tight_tw,20280823,nearest
1,relocate,,464.1746497595756,440.71846920411707,0.050533092592643505,True,5,True,0.001242999998794403,0.0015975419955793768,"{'instance': 'synthetic_evrptw_n20_seed20280823_tight_tw', 'scale': 20, 'seed': 20280823, 'source': 'nearest'}",,tight_tw,E_adaptive_portfolio,synthetic_evrptw_n20_seed20280823_tight_tw,20280823,nearest
2,swap,,440.71846920411707,439.19148587195855,0.0034647591123559336,True,1,True,0.00043599999844445847,0.0020335419940238353,"{'instance': 'synthetic_evrptw_n20_seed20280823_tight_tw', 'scale': 20, 'seed': 20280823, 'source': 'nearest'}",,tight_tw,E_adaptive_portfolio,synthetic_evrptw_n20_seed20280823_tight_tw,20280823,nearest
3,relocate,0.784236044370387,439.19148587195855,433.43944256383156,0.01309689165924298,True,2,True,0.0011281670012976974,0.0031617089953215327,"{'instance': 'synthetic_evrptw_n20_seed20280823_tight_tw', 'scale': 20, 'seed': 20280823, 'source': 'nearest'}",,tight_tw,E_adaptive_portfolio,synthetic_evrptw_n20_seed20280823_tight_tw,20280823,nearest
4,swap,0.8276517748731881,433.43944256383156,431.3508532010618,0.004818641677867573,True,1,True,0.00046154099982231855,0.0036232499951438513,"{'instance': 'synthetic_evrptw_n20_seed20280823_tight_tw', 'scale': 20, 'seed': 20280823, 'source': 'nearest'}",,tight_tw,E_adaptive_portfolio,synthetic_evrptw_n20_seed20280823_tight_tw,20280823,nearest
5,two_opt,0.8880453688256637,431.3508532010618,421.1479857916379,0.023653291360636604,True,2,True,0.0003477080026641488,0.003970957997808,"{'instance': 'synthetic_evrptw_n20_seed20280823_tight_tw', 'scale': 20, 'seed': 20280823, 'source': 'nearest'}",,tight_tw,E_adaptive_portfolio,synthetic_evrptw_n20_seed20280823_tight_tw,20280823,nearest
6,relocate,0.6943714576146391,421.1479857916379,417.07917861791753,0.009661229095212609,True,2,True,0.0009988750025513582,0.004969833000359358,"{'instance': 'synthetic_evrptw_n20_seed20280823_tight_tw', 'scale': 20, 'seed': 20280823, 'source': 'nearest'}",,tight_tw,E_adaptive_portfolio,synthetic_evrptw_n20_seed20280823_tight_tw,20280823,nearest
7,two_opt,0.7022960414673812,417.07917861791753,417.07917861791753,0.0,False,0,True,0.00028450000172597356,0.005254333002085332,"{'instance': 'synthetic_evrptw_n20_seed20280823_tight_tw', 'scale': 20, 'seed': 20280823, 'source': 'nearest'}",,tight_tw,E_adaptive_portfolio,synthetic_evrptw_n20_seed20280823_tight_tw,20280823,nearest
8,swap,0.717908593513278,417.07917861791753,417.07917861791753,0.0,False,0,True,0.0004828749988519121,0.005737208000937244,"{'instance': 'synthetic_evrptw_n20_seed20280823_tight_tw', 'scale': 20, 'seed': 20280823, 'source': 'nearest'}",,tight_tw,E_adaptive_portfolio,synthetic_evrptw_n20_seed20280823_tight_tw,20280823,nearest
9,relocate,0.6234963559921407,417.07917861791753,417.07917861791753,0.0,False,0,True,0.0011686249999911524,0.006905833000928396,"{'instance': 'synthetic_evrptw_n20_seed20280823_tight_tw', 'scale': 20, 'seed': 20280823, 'source': 'nearest'}",,tight_tw,E_adaptive_portfolio,synthetic_evrptw_n20_seed20280823_tight_tw,20280823,nearest
10,two_opt,0.6211453035918544,417.07917861791753,417.07917861791753,0.0,False,0,True,0.00029070799791952595,0.007196540998847922,"{'instance': 'synthetic_evrptw_n20_seed20280823_tight_tw', 'scale': 20, 'seed': 20280823, 'source': 'nearest'}",patience,tight_tw,E_adaptive_portfolio,synthetic_evrptw_n20_seed20280823_tight_tw,20280823,nearest
0,two_opt,,481.75189448045006,481.75189448045006,0.0,False,0,True,0.00029379199986578897,0.00029379199986578897,"{'instance': 'synthetic_evrptw_n20_seed20280823_tight_tw', 'scale': 20, 'seed': 20280823, 'source': 'composite'}",,tight_tw,E_adaptive_portfolio,synthetic_evrptw_n20_seed20280823_tight_tw,20280823,composite
1,relocate,,481.75189448045006,454.0546937489918,0.057492665931970215,True,6,True,0.0011620419973041862,0.0014558339971699752,"{'instance': 'synthetic_evrptw_n20_seed20280823_tight_tw', 'scale': 20, 'seed': 20280823, 'source': 'composite'}",,tight_tw,E_adaptive_portfolio,synthetic_evrptw_n20_seed20280823_tight_tw,20280823,composite
2,swap,,454.0546937489918,454.0546937489918,0.0,False,0,True,0.0005087499994260725,0.0019645839965960477,"{'instance': 'synthetic_evrptw_n20_seed20280823_tight_tw', 'scale': 20, 'seed': 20280823, 'source': 'composite'}",,tight_tw,E_adaptive_portfolio,synthetic_evrptw_n20_seed20280823_tight_tw,20280823,composite
3,relocate,0.7911956177097137,454.0546937489918,447.5422455529583,0.014342871653329146,True,4,True,0.0011645419981505256,0.0031291259947465733,"{'instance': 'synthetic_evrptw_n20_seed20280823_tight_tw', 'scale': 20, 'seed': 20280823, 'source': 'composite'}",,tight_tw,E_adaptive_portfolio,synthetic_evrptw_n20_seed20280823_tight_tw,20280823,composite
4,two_opt,0.8241870157608322,447.5422455529583,447.5422455529583,0.0,False,0,True,0.00024275000032503158,0.003371875995071605,"{'instance': 'synthetic_evrptw_n20_seed20280823_tight_tw', 'scale': 20, 'seed': 20280823, 'source': 'composite'}",,tight_tw,E_adaptive_portfolio,synthetic_evrptw_n20_seed20280823_tight_tw,20280823,composite
5,swap,0.8880453688256637,447.5422455529583,447.5422455529583,0.0,False,0,True,0.0005357080008252524,0.003907583995896857,"{'instance': 'synthetic_evrptw_n20_seed20280823_tight_tw', 'scale': 20, 'seed': 20280823, 'source': 'composite'}",,tight_tw,E_adaptive_portfolio,synthetic_evrptw_n20_seed20280823_tight_tw,20280823,composite
6,relocate,0.6984742342813455,447.5422455529583,438.48903799920595,0.020228721743500957,True,2,True,0.0010585420022835024,0.00496612599818036,"{'instance': 'synthetic_evrptw_n20_seed20280823_tight_tw', 'scale': 20, 'seed': 20280823, 'source': 'composite'}",,tight_tw,E_adaptive_portfolio,synthetic_evrptw_n20_seed20280823_tight_tw,20280823,composite
7,two_opt,0.6904693957870629,438.48903799920595,435.57571265164074,0.00664400953067949,True,1,True,0.0002772920015559066,0.005243417999736266,"{'instance': 'synthetic_evrptw_n20_seed20280823_tight_tw', 'scale': 20, 'seed': 20280823, 'source': 'composite'}",,tight_tw,E_adaptive_portfolio,synthetic_evrptw_n20_seed20280823_tight_tw,20280823,composite
8,swap,0.7137668931181662,435.57571265164074,433.48712328887103,0.004795008771391475,True,1,True,0.0005243749983492307,0.005767792998085497,"{'instance': 'synthetic_evrptw_n20_seed20280823_tight_tw', 'scale': 20, 'seed': 20280823, 'source': 'composite'}",,tight_tw,E_adaptive_portfolio,synthetic_evrptw_n20_seed20280823_tight_tw,20280823,composite
9,relocate,0.6297540379860411,433.48712328887103,433.48712328887103,0.0,False,0,True,0.0011858329999085981,0.006953625997994095,"{'instance': 'synthetic_evrptw_n20_seed20280823_tight_tw', 'scale': 20, 'seed': 20280823, 'source': 'composite'}",,tight_tw,E_adaptive_portfolio,synthetic_evrptw_n20_seed20280823_tight_tw,20280823,composite
10,two_opt,0.6154755429818686,433.48712328887103,433.48712328887103,0.0,False,0,True,0.00023525000142399222,0.007188875999418087,"{'instance': 'synthetic_evrptw_n20_seed20280823_tight_tw', 'scale': 20, 'seed': 20280823, 'source': 'composite'}",,tight_tw,E_adaptive_portfolio,synthetic_evrptw_n20_seed20280823_tight_tw,20280823,composite
11,swap,0.6274227748103085,433.48712328887103,433.48712328887103,0.0,False,0,True,0.0005091669991088565,0.007698042998526944,"{'instance': 'synthetic_evrptw_n20_seed20280823_tight_tw', 'scale': 20, 'seed': 20280823, 'source': 'composite'}",budget,tight_tw,E_adaptive_portfolio,synthetic_evrptw_n20_seed20280823_tight_tw,20280823,composite
0,two_opt,,435.25889802448484,435.25889802448484,0.0,False,0,True,0.0004272090009180829,0.0004272090009180829,"{'instance': 'synthetic_evrptw_n20_seed20280824_tight_tw', 'scale': 20, 'seed': 20280824, 'source': 'nearest'}",,tight_tw,E_adaptive_portfolio,synthetic_evrptw_n20_seed20280824_tight_tw,20280824,nearest
1,relocate,,435.25889802448484,414.3005209965974,0.0481515188385843,True,4,True,0.0010316250009054784,0.0014588340018235613,"{'instance': 'synthetic_evrptw_n20_seed20280824_tight_tw', 'scale': 20, 'seed': 20280824, 'source': 'nearest'}",,tight_tw,E_adaptive_portfolio,synthetic_evrptw_n20_seed20280824_tight_tw,20280824,nearest
2,swap,,414.3005209965974,414.3005209965974,0.0,False,0,True,0.0005005000020901207,0.001959334003913682,"{'instance': 'synthetic_evrptw_n20_seed20280824_tight_tw', 'scale': 20, 'seed': 20280824, 'source': 'nearest'}",,tight_tw,E_adaptive_portfolio,synthetic_evrptw_n20_seed20280824_tight_tw,20280824,nearest
3,relocate,0.7818544706163277,414.3005209965974,399.6243766785549,0.03542390987763944,True,3,True,0.0010625840004649945,0.0030219180043786764,"{'instance': 'synthetic_evrptw_n20_seed20280824_tight_tw', 'scale': 20, 'seed': 20280824, 'source': 'nearest'}",,tight_tw,E_adaptive_portfolio,synthetic_evrptw_n20_seed20280824_tight_tw,20280824,nearest
4,two_opt,0.8241870157608322,399.6243766785549,399.0661969522784,0.0013967609556647742,True,1,True,0.00031674999991082586,0.0033386680042895023,"{'instance': 'synthetic_evrptw_n20_seed20280824_tight_tw', 'scale': 20, 'seed': 20280824, 'source': 'nearest'}",,tight_tw,E_adaptive_portfolio,synthetic_evrptw_n20_seed20280824_tight_tw,20280824,nearest
5,swap,0.8880453688256637,399.0661969522784,399.0661969522784,0.0,False,0,True,0.0005781670006399509,0.003916835004929453,"{'instance': 'synthetic_evrptw_n20_seed20280824_tight_tw', 'scale': 20, 'seed': 20280824, 'source': 'nearest'}",,tight_tw,E_adaptive_portfolio,synthetic_evrptw_n20_seed20280824_tight_tw,20280824,nearest
6,relocate,0.7043441798468077,399.0661969522784,399.0661969522784,0.0,False,0,True,0.0011232500000915024,0.005040085005020956,"{'instance': 'synthetic_evrptw_n20_seed20280824_tight_tw', 'scale': 20, 'seed': 20280824, 'source': 'nearest'}",,tight_tw,E_adaptive_portfolio,synthetic_evrptw_n20_seed20280824_tight_tw,20280824,nearest
7,two_opt,0.6911677762648953,399.0661969522784,399.0661969522784,0.0,False,0,True,0.00022312500004773028,0.005263210005068686,"{'instance': 'synthetic_evrptw_n20_seed20280824_tight_tw', 'scale': 20, 'seed': 20280824, 'source': 'nearest'}",,tight_tw,E_adaptive_portfolio,synthetic_evrptw_n20_seed20280824_tight_tw,20280824,nearest
8,swap,0.7137668931181662,399.0661969522784,399.0661969522784,0.0,False,0,True,0.0005810420007037465,0.005844252005772432,"{'instance': 'synthetic_evrptw_n20_seed20280824_tight_tw', 'scale': 20, 'seed': 20280824, 'source': 'nearest'}",patience,tight_tw,E_adaptive_portfolio,synthetic_evrptw_n20_seed20280824_tight_tw,20280824,nearest
0,two_opt,,362.4181493579471,362.4181493579471,0.0,False,0,True,0.000460457998997299,0.000460457998997299,"{'instance': 'synthetic_evrptw_n20_seed20280824_tight_tw', 'scale': 20, 'seed': 20280824, 'source': 'composite'}",,tight_tw,E_adaptive_portfolio,synthetic_evrptw_n20_seed20280824_tight_tw,20280824,composite
1,relocate,,362.4181493579471,351.4242771999219,0.03033477263073524,True,2,True,0.0011419170004955959,0.0016023749994928949,"{'instance': 'synthetic_evrptw_n20_seed20280824_tight_tw', 'scale': 20, 'seed': 20280824, 'source': 'composite'}",,tight_tw,E_adaptive_portfolio,synthetic_evrptw_n20_seed20280824_tight_tw,20280824,composite
2,swap,,351.4242771999219,349.0906466711308,0.006640493216305385,True,1,True,0.0004564580012811348,0.0020588330007740296,"{'instance': 'synthetic_evrptw_n20_seed20280824_tight_tw', 'scale': 20, 'seed': 20280824, 'source': 'composite'}",,tight_tw,E_adaptive_portfolio,synthetic_evrptw_n20_seed20280824_tight_tw,20280824,composite
3,relocate,0.7640377244084787,349.0906466711308,337.27422941222187,0.033849137384768906,True,2,True,0.0010389160015620291,0.0030977490023360588,"{'instance': 'synthetic_evrptw_n20_seed20280824_tight_tw', 'scale': 20, 'seed': 20280824, 'source': 'composite'}",,tight_tw,E_adaptive_portfolio,synthetic_evrptw_n20_seed20280824_tight_tw,20280824,composite
4,swap,0.8308275089771375,337.27422941222187,337.27422941222187,0.0,False,0,True,0.0004283339985704515,0.0035260830009065103,"{'instance': 'synthetic_evrptw_n20_seed20280824_tight_tw', 'scale': 20, 'seed': 20280824, 'source': 'composite'}",,tight_tw,E_adaptive_portfolio,synthetic_evrptw_n20_seed20280824_tight_tw,20280824,composite
5,two_opt,0.8880453688256637,337.27422941222187,337.27422941222187,0.0,False,0,True,0.0004437079987837933,0.003969790999690304,"{'instance': 'synthetic_evrptw_n20_seed20280824_tight_tw', 'scale': 20, 'seed': 20280824, 'source': 'composite'}",,tight_tw,E_adaptive_portfolio,synthetic_evrptw_n20_seed20280824_tight_tw,20280824,composite
6,relocate,0.6946484204964479,337.27422941222187,334.5199829555222,0.008166193015990492,True,1,True,0.0011147920013172552,0.005084583001007559,"{'instance': 'synthetic_evrptw_n20_seed20280824_tight_tw', 'scale': 20, 'seed': 20280824, 'source': 'composite'}",,tight_tw,E_adaptive_portfolio,synthetic_evrptw_n20_seed20280824_tight_tw,20280824,composite
7,swap,0.6937896423952156,334.5199829555222,334.5199829555222,0.0,False,0,True,0.0004685000021709129,0.005553083003178472,"{'instance': 'synthetic_evrptw_n20_seed20280824_tight_tw', 'scale': 20, 'seed': 20280824, 'source': 'composite'}",,tight_tw,E_adaptive_portfolio,synthetic_evrptw_n20_seed20280824_tight_tw,20280824,composite
8,two_opt,0.7137668931181662,334.5199829555222,334.5199829555222,0.0,False,0,True,0.0004215000008116476,0.005974583003990119,"{'instance': 'synthetic_evrptw_n20_seed20280824_tight_tw', 'scale': 20, 'seed': 20280824, 'source': 'composite'}",,tight_tw,E_adaptive_portfolio,synthetic_evrptw_n20_seed20280824_tight_tw,20280824,composite
9,relocate,0.6231826525536059,334.5199829555222,334.5199829555222,0.0,False,0,True,0.0011394169996492565,0.007114000003639376,"{'instance': 'synthetic_evrptw_n20_seed20280824_tight_tw', 'scale': 20, 'seed': 20280824, 'source': 'composite'}",,tight_tw,E_adaptive_portfolio,synthetic_evrptw_n20_seed20280824_tight_tw,20280824,composite
10,swap,0.6154743708770772,334.5199829555222,334.5199829555222,0.0,False,0,True,0.00046799999836366624,0.007582000002003042,"{'instance': 'synthetic_evrptw_n20_seed20280824_tight_tw', 'scale': 20, 'seed': 20280824, 'source': 'composite'}",patience,tight_tw,E_adaptive_portfolio,synthetic_evrptw_n20_seed20280824_tight_tw,20280824,composite
0,two_opt,,717.0998843436784,717.0998843436784,0.0,False,0,True,0.002742458000284387,0.002742458000284387,"{'instance': 'synthetic_evrptw_n50_seed20310813_tight_tw', 'scale': 50, 'seed': 20310813, 'source': 'nearest'}",,tight_tw,E_adaptive_portfolio,synthetic_evrptw_n50_seed20310813_tight_tw,20310813,nearest
1,relocate,,717.0998843436784,680.9683440779745,0.05038564508872155,True,11,True,0.013570167000580113,0.0163126250008645,"{'instance': 'synthetic_evrptw_n50_seed20310813_tight_tw', 'scale': 50, 'seed': 20310813, 'source': 'nearest'}",,tight_tw,E_adaptive_portfolio,synthetic_evrptw_n50_seed20310813_tight_tw,20310813,nearest
2,swap,,680.9683440779745,667.2977211816064,0.020075269306208305,True,6,True,0.006801083000027575,0.023113708000892075,"{'instance': 'synthetic_evrptw_n50_seed20310813_tight_tw', 'scale': 50, 'seed': 20310813, 'source': 'nearest'}",,tight_tw,E_adaptive_portfolio,synthetic_evrptw_n50_seed20310813_tight_tw,20310813,nearest
3,relocate,0.784088596866465,667.2977211816064,658.4604251040139,0.013243408147631702,True,3,True,0.014356792002217844,0.03747050000310992,"{'instance': 'synthetic_evrptw_n50_seed20310813_tight_tw', 'scale': 50, 'seed': 20310813, 'source': 'nearest'}",,tight_tw,E_adaptive_portfolio,synthetic_evrptw_n50_seed20310813_tight_tw,20310813,nearest
4,swap,0.8442622850670405,658.4604251040139,657.2543974809171,0.0018315871039725814,True,1,True,0.0075984590002917685,0.04506895900340169,"{'instance': 'synthetic_evrptw_n50_seed20310813_tight_tw', 'scale': 50, 'seed': 20310813, 'source': 'nearest'}",,tight_tw,E_adaptive_portfolio,synthetic_evrptw_n50_seed20310813_tight_tw,20310813,nearest
5,two_opt,0.8880453688256637,657.2543974809171,657.2543974809171,0.0,False,0,True,0.0022180000014486723,0.04728695900485036,"{'instance': 'synthetic_evrptw_n50_seed20310813_tight_tw', 'scale': 50, 'seed': 20310813, 'source': 'nearest'}",,tight_tw,E_adaptive_portfolio,synthetic_evrptw_n50_seed20310813_tight_tw,20310813,nearest
6,relocate,0.6943709921068725,657.2543974809171,651.8505880841567,0.008221792684037959,True,1,True,0.01464420800039079,0.06193116700524115,"{'instance': 'synthetic_evrptw_n50_seed20310813_tight_tw', 'scale': 50, 'seed': 20310813, 'source': 'nearest'}",,tight_tw,E_adaptive_portfolio,synthetic_evrptw_n50_seed20310813_tight_tw,20310813,nearest
7,swap,0.7014228239921534,651.8505880841567,651.8505880841567,0.0,False,0,True,0.0077934159999131225,0.06972458300515427,"{'instance': 'synthetic_evrptw_n50_seed20310813_tight_tw', 'scale': 50, 'seed': 20310813, 'source': 'nearest'}",,tight_tw,E_adaptive_portfolio,synthetic_evrptw_n50_seed20310813_tight_tw,20310813,nearest
8,two_opt,0.7137668931181662,651.8505880841567,651.8505880841567,0.0,False,0,True,0.002164666002499871,0.07188924900765414,"{'instance': 'synthetic_evrptw_n50_seed20310813_tight_tw', 'scale': 50, 'seed': 20310813, 'source': 'nearest'}",,tight_tw,E_adaptive_portfolio,synthetic_evrptw_n50_seed20310813_tight_tw,20310813,nearest
9,relocate,0.6230162335165714,651.8505880841567,651.8505880841567,0.0,False,0,True,0.01450124999973923,0.08639049900739337,"{'instance': 'synthetic_evrptw_n50_seed20310813_tight_tw', 'scale': 50, 'seed': 20310813, 'source': 'nearest'}",,tight_tw,E_adaptive_portfolio,synthetic_evrptw_n50_seed20310813_tight_tw,20310813,nearest
10,swap,0.6205631586083691,651.8505880841567,651.8505880841567,0.0,False,0,True,0.007538333000411512,0.09392883200780489,"{'instance': 'synthetic_evrptw_n50_seed20310813_tight_tw', 'scale': 50, 'seed': 20310813, 'source': 'nearest'}",patience,tight_tw,E_adaptive_portfolio,synthetic_evrptw_n50_seed20310813_tight_tw,20310813,nearest
0,two_opt,,874.9957742545018,874.9957742545018,0.0,False,0,True,0.002746833000855986,0.002746833000855986,"{'instance': 'synthetic_evrptw_n50_seed20310813_tight_tw', 'scale': 50, 'seed': 20310813, 'source': 'composite'}",,tight_tw,E_adaptive_portfolio,synthetic_evrptw_n50_seed20310813_tight_tw,20310813,composite
1,relocate,,874.9957742545018,827.2173662384357,0.05460415858210678,True,15,True,0.01242883300074027,0.015175666001596255,"{'instance': 'synthetic_evrptw_n50_seed20310813_tight_tw', 'scale': 50, 'seed': 20310813, 'source': 'composite'}",,tight_tw,E_adaptive_portfolio,synthetic_evrptw_n50_seed20310813_tight_tw,20310813,composite
2,swap,,827.2173662384357,808.9526404895261,0.022079717489447703,True,5,True,0.006683209001494106,0.02185887500309036,"{'instance': 'synthetic_evrptw_n50_seed20310813_tight_tw', 'scale': 50, 'seed': 20310813, 'source': 'composite'}",,tight_tw,E_adaptive_portfolio,synthetic_evrptw_n50_seed20310813_tight_tw,20310813,composite
3,relocate,0.7883071103598502,808.9526404895261,752.7008991818336,0.06953650744455511,True,12,True,0.012989292001293506,0.03484816700438387,"{'instance': 'synthetic_evrptw_n50_seed20310813_tight_tw', 'scale': 50, 'seed': 20310813, 'source': 'composite'}",,tight_tw,E_adaptive_portfolio,synthetic_evrptw_n50_seed20310813_tight_tw,20310813,composite
4,swap,0.8462667332502799,752.7008991818336,745.922615074334,0.00900528233042828,True,2,True,0.007453000001987675,0.04230116700637154,"{'instance': 'synthetic_evrptw_n50_seed20310813_tight_tw', 'scale': 50, 'seed': 20310813, 'source': 'composite'}",,tight_tw,E_adaptive_portfolio,synthetic_evrptw_n50_seed20310813_tight_tw,20310813,composite
5,two_opt,0.8880453688256637,745.922615074334,745.922615074334,0.0,False,0,True,0.0016438330021628644,0.04394500000853441,"{'instance': 'synthetic_evrptw_n50_seed20310813_tight_tw', 'scale': 50, 'seed': 20310813, 'source': 'composite'}",,tight_tw,E_adaptive_portfolio,synthetic_evrptw_n50_seed20310813_tight_tw,20310813,composite
6,relocate,0.7246267985020268,745.922615074334,724.5646964893139,0.02863288785377786,True,7,True,0.013268874998175306,0.057213875006709713,"{'instance': 'synthetic_evrptw_n50_seed20310813_tight_tw', 'scale': 50, 'seed': 20310813, 'source': 'composite'}",,tight_tw,E_adaptive_portfolio,synthetic_evrptw_n50_seed20310813_tight_tw,20310813,composite
7,swap,0.7060118956970008,724.5646964893139,715.7202692647843,0.012206538998357075,True,1,True,0.0075859159987885505,0.06479979100549826,"{'instance': 'synthetic_evrptw_n50_seed20310813_tight_tw', 'scale': 50, 'seed': 20310813, 'source': 'composite'}",,tight_tw,E_adaptive_portfolio,synthetic_evrptw_n50_seed20310813_tight_tw,20310813,composite
8,two_opt,0.7137668931181662,715.7202692647843,715.7202692647843,0.0,False,0,True,0.0017472079998697154,0.06654699900536798,"{'instance': 'synthetic_evrptw_n50_seed20310813_tight_tw', 'scale': 50, 'seed': 20310813, 'source': 'composite'}",,tight_tw,E_adaptive_portfolio,synthetic_evrptw_n50_seed20310813_tight_tw,20310813,composite
9,relocate,0.6499904695032543,715.7202692647843,704.631104937594,0.015493712842003857,True,3,True,0.013436458000796847,0.07998345700616483,"{'instance': 'synthetic_evrptw_n50_seed20310813_tight_tw', 'scale': 50, 'seed': 20310813, 'source': 'composite'}",,tight_tw,E_adaptive_portfolio,synthetic_evrptw_n50_seed20310813_tight_tw,20310813,composite
10,swap,0.6276913860777198,704.631104937594,704.631104937594,0.0,False,0,True,0.007406875000015134,0.08739033200617996,"{'instance': 'synthetic_evrptw_n50_seed20310813_tight_tw', 'scale': 50, 'seed': 20310813, 'source': 'composite'}",,tight_tw,E_adaptive_portfolio,synthetic_evrptw_n50_seed20310813_tight_tw,20310813,composite
11,two_opt,0.625824438553178,704.631104937594,704.631104937594,0.0,False,0,True,0.0017449169972678646,0.08913524900344783,"{'instance': 'synthetic_evrptw_n50_seed20310813_tight_tw', 'scale': 50, 'seed': 20310813, 'source': 'composite'}",budget,tight_tw,E_adaptive_portfolio,synthetic_evrptw_n50_seed20310813_tight_tw,20310813,composite
0,two_opt,,715.276774555405,715.276774555405,0.0,False,0,True,0.0029191659996286035,0.0029191659996286035,"{'instance': 'synthetic_evrptw_n50_seed20310814_tight_tw', 'scale': 50, 'seed': 20310814, 'source': 'nearest'}",,tight_tw,E_adaptive_portfolio,synthetic_evrptw_n50_seed20310814_tight_tw,20310814,nearest
1,relocate,,715.276774555405,687.89143760991,0.038286350011178506,True,8,True,0.012482041998737259,0.015401207998365862,"{'instance': 'synthetic_evrptw_n50_seed20310814_tight_tw', 'scale': 50, 'seed': 20310814, 'source': 'nearest'}",,tight_tw,E_adaptive_portfolio,synthetic_evrptw_n50_seed20310814_tight_tw,20310814,nearest
2,swap,,687.89143760991,677.4508221256505,0.015177708157751772,True,4,True,0.005962374998489395,0.021363582996855257,"{'instance': 'synthetic_evrptw_n50_seed20310814_tight_tw', 'scale': 50, 'seed': 20310814, 'source': 'nearest'}",,tight_tw,E_adaptive_portfolio,synthetic_evrptw_n50_seed20310814_tight_tw,20310814,nearest
3,relocate,0.771989301788922,677.4508221256505,667.5272534544345,0.014648397119186645,True,3,True,0.012763209000695497,0.034126791997550754,"{'instance': 'synthetic_evrptw_n50_seed20310814_tight_tw', 'scale': 50, 'seed': 20310814, 'source': 'nearest'}",,tight_tw,E_adaptive_portfolio,synthetic_evrptw_n50_seed20310814_tight_tw,20310814,nearest
4,swap,0.839364723918584,667.5272534544345,667.5272534544345,0.0,False,0,True,0.006235749999177642,0.040362541996728396,"{'instance': 'synthetic_evrptw_n50_seed20310814_tight_tw', 'scale': 50, 'seed': 20310814, 'source': 'nearest'}",,tight_tw,E_adaptive_portfolio,synthetic_evrptw_n50_seed20310814_tight_tw,20310814,nearest
5,two_opt,0.8880453688256637,667.5272534544345,667.5272534544345,0.0,False,0,True,0.0026262079991283827,0.04298874999585678,"{'instance': 'synthetic_evrptw_n50_seed20310814_tight_tw', 'scale': 50, 'seed': 20310814, 'source': 'nearest'}",,tight_tw,E_adaptive_portfolio,synthetic_evrptw_n50_seed20310814_tight_tw,20310814,nearest
6,relocate,0.6890238390538784,667.5272534544345,663.6813257620859,0.0057614541914896055,True,3,True,0.014181208000081824,0.0571699579959386,"{'instance': 'synthetic_evrptw_n50_seed20310814_tight_tw', 'scale': 50, 'seed': 20310814, 'source': 'nearest'}",,tight_tw,E_adaptive_portfolio,synthetic_evrptw_n50_seed20310814_tight_tw,20310814,nearest
7,swap,0.6980582498659388,663.6813257620859,663.6813257620859,0.0,False,0,True,0.006025083002896281,0.06319504099883488,"{'instance': 'synthetic_evrptw_n50_seed20310814_tight_tw', 'scale': 50, 'seed': 20310814, 'source': 'nearest'}",,tight_tw,E_adaptive_portfolio,synthetic_evrptw_n50_seed20310814_tight_tw,20310814,nearest
8,two_opt,0.7137668931181662,663.6813257620859,660.7537201825346,0.004411161601073484,True,1,True,0.0031882920011412352,0.06638333299997612,"{'instance': 'synthetic_evrptw_n50_seed20310814_tight_tw', 'scale': 50, 'seed': 20310814, 'source': 'nearest'}",,tight_tw,E_adaptive_portfolio,synthetic_evrptw_n50_seed20310814_tight_tw,20310814,nearest
9,relocate,0.618631351983726,660.7537201825346,660.6133055951664,0.00021250669209921534,True,1,True,0.014014249998581363,0.08039758299855748,"{'instance': 'synthetic_evrptw_n50_seed20310814_tight_tw', 'scale': 50, 'seed': 20310814, 'source': 'nearest'}",,tight_tw,E_adaptive_portfolio,synthetic_evrptw_n50_seed20310814_tight_tw,20310814,nearest
10,swap,0.6183201091908928,660.6133055951664,660.6133055951664,0.0,False,0,True,0.00608845899841981,0.08648604199697729,"{'instance': 'synthetic_evrptw_n50_seed20310814_tight_tw', 'scale': 50, 'seed': 20310814, 'source': 'nearest'}",,tight_tw,E_adaptive_portfolio,synthetic_evrptw_n50_seed20310814_tight_tw,20310814,nearest
11,two_opt,0.6272948257535359,660.6133055951664,660.6133055951664,0.0,False,0,True,0.002462124997691717,0.08894816699466901,"{'instance': 'synthetic_evrptw_n50_seed20310814_tight_tw', 'scale': 50, 'seed': 20310814, 'source': 'nearest'}",budget,tight_tw,E_adaptive_portfolio,synthetic_evrptw_n50_seed20310814_tight_tw,20310814,nearest
0,two_opt,,699.9888796575319,699.9888796575319,0.0,False,0,True,0.0022411669997381978,0.0022411669997381978,"{'instance': 'synthetic_evrptw_n50_seed20310814_tight_tw', 'scale': 50, 'seed': 20310814, 'source': 'composite'}",,tight_tw,E_adaptive_portfolio,synthetic_evrptw_n50_seed20310814_tight_tw,20310814,composite
1,relocate,,699.9888796575319,691.3168619572888,0.012388793525528451,True,7,True,0.012014541000098689,0.014255707999836886,"{'instance': 'synthetic_evrptw_n50_seed20310814_tight_tw', 'scale': 50, 'seed': 20310814, 'source': 'composite'}",,tight_tw,E_adaptive_portfolio,synthetic_evrptw_n50_seed20310814_tight_tw,20310814,composite
2,swap,,691.3168619572888,684.6677756297196,0.009618001083821373,True,2,True,0.00578670799950487,0.020042415999341756,"{'instance': 'synthetic_evrptw_n50_seed20310814_tight_tw', 'scale': 50, 'seed': 20310814, 'source': 'composite'}",,tight_tw,E_adaptive_portfolio,synthetic_evrptw_n50_seed20310814_tight_tw,20310814,composite
3,relocate,0.7460917453032719,684.6677756297196,679.6278451531997,0.007361132882125839,True,3,True,0.012112833999708528,0.032155249999050284,"{'instance': 'synthetic_evrptw_n50_seed20310814_tight_tw', 'scale': 50, 'seed': 20310814, 'source': 'composite'}",,tight_tw,E_adaptive_portfolio,synthetic_evrptw_n50_seed20310814_tight_tw,20310814,composite
4,swap,0.8338050168446536,679.6278451531997,679.6278451531997,0.0,False,0,True,0.005778333001217106,0.03793358300026739,"{'instance': 'synthetic_evrptw_n50_seed20310814_tight_tw', 'scale': 50, 'seed': 20310814, 'source': 'composite'}",,tight_tw,E_adaptive_portfolio,synthetic_evrptw_n50_seed20310814_tight_tw,20310814,composite
5,two_opt,0.8880453688256637,679.6278451531997,679.6278451531997,0.0,False,0,True,0.002108042001054855,0.040041625001322245,"{'instance': 'synthetic_evrptw_n50_seed20310814_tight_tw', 'scale': 50, 'seed': 20310814, 'source': 'composite'}",,tight_tw,E_adaptive_portfolio,synthetic_evrptw_n50_seed20310814_tight_tw,20310814,composite
6,relocate,0.672431428692523,679.6278451531997,667.0675331970496,0.01848116148525203,True,2,True,0.012044499999319669,0.052086125000641914,"{'instance': 'synthetic_evrptw_n50_seed20310814_tight_tw', 'scale': 50, 'seed': 20310814, 'source': 'composite'}",,tight_tw,E_adaptive_portfolio,synthetic_evrptw_n50_seed20310814_tight_tw,20310814,composite
7,swap,0.6952783963289736,667.0675331970496,667.0596927798708,1.1753558355853804e-05,True,1,True,0.0058474590005062055,0.05793358400114812,"{'instance': 'synthetic_evrptw_n50_seed20310814_tight_tw', 'scale': 50, 'seed': 20310814, 'source': 'composite'}",,tight_tw,E_adaptive_portfolio,synthetic_evrptw_n50_seed20310814_tight_tw,20310814,composite
8,two_opt,0.7137668931181662,667.0596927798708,658.1303442774921,0.013386131104949565,True,1,True,0.0024254589989141095,0.06035904300006223,"{'instance': 'synthetic_evrptw_n50_seed20310814_tight_tw', 'scale': 50, 'seed': 20310814, 'source': 'composite'}",,tight_tw,E_adaptive_portfolio,synthetic_evrptw_n50_seed20310814_tight_tw,20310814,composite
9,relocate,0.6118096475074098,658.1303442774921,653.0236550209827,0.007759388851938794,True,2,True,0.012405999998009065,0.0727650429980713,"{'instance': 'synthetic_evrptw_n50_seed20310814_tight_tw', 'scale': 50, 'seed': 20310814, 'source': 'composite'}",,tight_tw,E_adaptive_portfolio,synthetic_evrptw_n50_seed20310814_tight_tw,20310814,composite
10,two_opt,0.6177229168399586,653.0236550209827,651.3361736381873,0.002584104526414313,True,2,True,0.0025493749999441206,0.07531441799801541,"{'instance': 'synthetic_evrptw_n50_seed20310814_tight_tw', 'scale': 50, 'seed': 20310814, 'source': 'composite'}",,tight_tw,E_adaptive_portfolio,synthetic_evrptw_n50_seed20310814_tight_tw,20310814,composite
11,swap,0.6290343567672371,651.3361736381873,647.9953746663241,0.005129146985960342,True,1,True,0.006081166000512894,0.08139558399852831,"{'instance': 'synthetic_evrptw_n50_seed20310814_tight_tw', 'scale': 50, 'seed': 20310814, 'source': 'composite'}",budget,tight_tw,E_adaptive_portfolio,synthetic_evrptw_n50_seed20310814_tight_tw,20310814,composite
0,two_opt,,685.5958461433491,685.5958461433491,0.0,False,0,True,0.0029950419993838295,0.0029950419993838295,"{'instance': 'synthetic_evrptw_n50_seed20310815_tight_tw', 'scale': 50, 'seed': 20310815, 'source': 'nearest'}",,tight_tw,E_adaptive_portfolio,synthetic_evrptw_n50_seed20310815_tight_tw,20310815,nearest
1,relocate,,685.5958461433491,666.3006754380641,0.028143651706505055,True,6,True,0.012957999999343883,0.015953041998727713,"{'instance': 'synthetic_evrptw_n50_seed20310815_tight_tw', 'scale': 50, 'seed': 20310815, 'source': 'nearest'}",,tight_tw,E_adaptive_portfolio,synthetic_evrptw_n50_seed20310815_tight_tw,20310815,nearest
2,swap,,666.3006754380641,637.4947462661972,0.043232627901702486,True,4,True,0.006191625001520151,0.022144667000247864,"{'instance': 'synthetic_evrptw_n50_seed20310815_tight_tw', 'scale': 50, 'seed': 20310815, 'source': 'nearest'}",,tight_tw,E_adaptive_portfolio,synthetic_evrptw_n50_seed20310815_tight_tw,20310815,nearest
3,swap,0.7769355796794459,637.4947462661972,637.4947462661972,0.0,False,0,True,0.006456999999500113,0.028601666999747977,"{'instance': 'synthetic_evrptw_n50_seed20310815_tight_tw', 'scale': 50, 'seed': 20310815, 'source': 'nearest'}",,tight_tw,E_adaptive_portfolio,synthetic_evrptw_n50_seed20310815_tight_tw,20310815,nearest
4,relocate,0.8523306674673372,637.4947462661972,630.7704674000089,0.01054797534500857,True,3,True,0.013370584001677344,0.04197225100142532,"{'instance': 'synthetic_evrptw_n50_seed20310815_tight_tw', 'scale': 50, 'seed': 20310815, 'source': 'nearest'}",,tight_tw,E_adaptive_portfolio,synthetic_evrptw_n50_seed20310815_tight_tw,20310815,nearest
5,two_opt,0.8880453688256637,630.7704674000089,630.7704674000089,0.0,False,0,True,0.0025647919974289834,0.044537042998854304,"{'instance': 'synthetic_evrptw_n50_seed20310815_tight_tw', 'scale': 50, 'seed': 20310815, 'source': 'nearest'}",,tight_tw,E_adaptive_portfolio,synthetic_evrptw_n50_seed20310815_tight_tw,20310815,nearest
6,swap,0.6841727794395471,630.7704674000089,629.490780035094,0.0020287686742686533,True,1,True,0.006214624998392537,0.05075166799724684,"{'instance': 'synthetic_evrptw_n50_seed20310815_tight_tw', 'scale': 50, 'seed': 20310815, 'source': 'nearest'}",,tight_tw,E_adaptive_portfolio,synthetic_evrptw_n50_seed20310815_tight_tw,20310815,nearest
7,relocate,0.7098152093128197,629.490780035094,626.4637984783906,0.004808619367760457,True,2,True,0.012045791998389177,0.06279745999563602,"{'instance': 'synthetic_evrptw_n50_seed20310815_tight_tw', 'scale': 50, 'seed': 20310815, 'source': 'nearest'}",,tight_tw,E_adaptive_portfolio,synthetic_evrptw_n50_seed20310815_tight_tw,20310815,nearest
8,two_opt,0.7137668931181662,626.4637984783906,626.4637984783906,0.0,False,0,True,0.002455292000377085,0.0652527519960131,"{'instance': 'synthetic_evrptw_n50_seed20310815_tight_tw', 'scale': 50, 'seed': 20310815, 'source': 'nearest'}",,tight_tw,E_adaptive_portfolio,synthetic_evrptw_n50_seed20310815_tight_tw,20310815,nearest
9,swap,0.6141530837350981,626.4637984783906,623.6628712991312,0.004471012029845132,True,1,True,0.006195124999067048,0.07144787699508015,"{'instance': 'synthetic_evrptw_n50_seed20310815_tight_tw', 'scale': 50, 'seed': 20310815, 'source': 'nearest'}",,tight_tw,E_adaptive_portfolio,synthetic_evrptw_n50_seed20310815_tight_tw,20310815,nearest
10,relocate,0.6277609552780669,623.6628712991312,604.5249185762458,0.03068637496893119,True,2,True,0.011938209001527866,0.08338608599660802,"{'instance': 'synthetic_evrptw_n50_seed20310815_tight_tw', 'scale': 50, 'seed': 20310815, 'source': 'nearest'}",,tight_tw,E_adaptive_portfolio,synthetic_evrptw_n50_seed20310815_tight_tw,20310815,nearest
11,two_opt,0.625824438553178,604.5249185762458,604.5249185762458,0.0,False,0,True,0.0023707500004093163,0.08575683599701733,"{'instance': 'synthetic_evrptw_n50_seed20310815_tight_tw', 'scale': 50, 'seed': 20310815, 'source': 'nearest'}",budget,tight_tw,E_adaptive_portfolio,synthetic_evrptw_n50_seed20310815_tight_tw,20310815,nearest
0,two_opt,,655.7118677076967,655.7118677076967,0.0,False,0,True,0.0021982079997542314,0.0021982079997542314,"{'instance': 'synthetic_evrptw_n50_seed20310815_tight_tw', 'scale': 50, 'seed': 20310815, 'source': 'composite'}",,tight_tw,E_adaptive_portfolio,synthetic_evrptw_n50_seed20310815_tight_tw,20310815,composite
1,relocate,,655.7118677076967,599.6430776174154,0.08550827406295414,True,10,True,0.012113582997699268,0.0143117909974535,"{'instance': 'synthetic_evrptw_n50_seed20310815_tight_tw', 'scale': 50, 'seed': 20310815, 'source': 'composite'}",,tight_tw,E_adaptive_portfolio,synthetic_evrptw_n50_seed20310815_tight_tw,20310815,composite
2,swap,,599.6430776174154,597.7764353604457,0.0031129222143054273,True,1,True,0.006478084000264062,0.02078987499771756,"{'instance': 'synthetic_evrptw_n50_seed20310815_tight_tw', 'scale': 50, 'seed': 20310815, 'source': 'composite'}",,tight_tw,E_adaptive_portfolio,synthetic_evrptw_n50_seed20310815_tight_tw,20310815,composite
3,relocate,0.8192112258406976,597.7764353604457,593.4612063805839,0.007218800749915476,True,2,True,0.013797583000268787,0.03458745799798635,"{'instance': 'synthetic_evrptw_n50_seed20310815_tight_tw', 'scale': 50, 'seed': 20310815, 'source': 'composite'}",,tight_tw,E_adaptive_portfolio,synthetic_evrptw_n50_seed20310815_tight_tw,20310815,composite
4,swap,0.8272999379751377,593.4612063805839,593.4612063805839,0.0,False,0,True,0.00703037499988568,0.04161783299787203,"{'instance': 'synthetic_evrptw_n50_seed20310815_tight_tw', 'scale': 50, 'seed': 20310815, 'source': 'composite'}",,tight_tw,E_adaptive_portfolio,synthetic_evrptw_n50_seed20310815_tight_tw,20310815,composite
5,two_opt,0.8880453688256637,593.4612063805839,593.4612063805839,0.0,False,0,True,0.002193917000113288,0.043811749997985316,"{'instance': 'synthetic_evrptw_n50_seed20310815_tight_tw', 'scale': 50, 'seed': 20310815, 'source': 'composite'}",,tight_tw,E_adaptive_portfolio,synthetic_evrptw_n50_seed20310815_tight_tw,20310815,composite
6,relocate,0.7089200028951307,593.4612063805839,578.8514802241248,0.02461782842649701,True,1,True,0.014274500001192791,0.05808624999917811,"{'instance': 'synthetic_evrptw_n50_seed20310815_tight_tw', 'scale': 50, 'seed': 20310815, 'source': 'composite'}",,tight_tw,E_adaptive_portfolio,synthetic_evrptw_n50_seed20310815_tight_tw,20310815,composite
7,swap,0.6920258568942156,578.8514802241248,578.8514802241248,0.0,False,0,True,0.0074996250004915055,0.06558587499966961,"{'instance': 'synthetic_evrptw_n50_seed20310815_tight_tw', 'scale': 50, 'seed': 20310815, 'source': 'composite'}",,tight_tw,E_adaptive_portfolio,synthetic_evrptw_n50_seed20310815_tight_tw,20310815,composite
8,two_opt,0.7137668931181662,578.8514802241248,578.8514802241248,0.0,False,0,True,0.0021959580008115154,0.06778183300048113,"{'instance': 'synthetic_evrptw_n50_seed20310815_tight_tw', 'scale': 50, 'seed': 20310815, 'source': 'composite'}",,tight_tw,E_adaptive_portfolio,synthetic_evrptw_n50_seed20310815_tight_tw,20310815,composite
9,relocate,0.6381809192895632,578.8514802241248,578.8514802241248,0.0,False,0,True,0.014512582998577273,0.0822944159990584,"{'instance': 'synthetic_evrptw_n50_seed20310815_tight_tw', 'scale': 50, 'seed': 20310815, 'source': 'composite'}",,tight_tw,E_adaptive_portfolio,synthetic_evrptw_n50_seed20310815_tight_tw,20310815,composite
10,swap,0.6142985138764107,578.8514802241248,578.8514802241248,0.0,False,0,True,0.007345499998336891,0.08963991599739529,"{'instance': 'synthetic_evrptw_n50_seed20310815_tight_tw', 'scale': 50, 'seed': 20310815, 'source': 'composite'}",patience,tight_tw,E_adaptive_portfolio,synthetic_evrptw_n50_seed20310815_tight_tw,20310815,composite
0,two_opt,,743.5798264854002,743.5798264854002,0.0,False,0,True,0.0028377919988997746,0.0028377919988997746,"{'instance': 'synthetic_evrptw_n50_seed20310816_tight_tw', 'scale': 50, 'seed': 20310816, 'source': 'nearest'}",,tight_tw,E_adaptive_portfolio,synthetic_evrptw_n50_seed20310816_tight_tw,20310816,nearest
1,relocate,,743.5798264854002,728.5617112761204,0.020197044990131516,True,6,True,0.012323708000621991,0.015161499999521766,"{'instance': 'synthetic_evrptw_n50_seed20310816_tight_tw', 'scale': 50, 'seed': 20310816, 'source': 'nearest'}",,tight_tw,E_adaptive_portfolio,synthetic_evrptw_n50_seed20310816_tight_tw,20310816,nearest
2,swap,,728.5617112761204,723.1248998967808,0.00746238965785984,True,2,True,0.005667666999215726,0.02082916699873749,"{'instance': 'synthetic_evrptw_n50_seed20310816_tight_tw', 'scale': 50, 'seed': 20310816, 'source': 'nearest'}",,tight_tw,E_adaptive_portfolio,synthetic_evrptw_n50_seed20310816_tight_tw,20310816,nearest
3,relocate,0.753899996767875,723.1248998967808,714.3012116549129,0.012202163475669827,True,5,True,0.012740333000692772,0.03356949999943026,"{'instance': 'synthetic_evrptw_n50_seed20310816_tight_tw', 'scale': 50, 'seed': 20310816, 'source': 'nearest'}",,tight_tw,E_adaptive_portfolio,synthetic_evrptw_n50_seed20310816_tight_tw,20310816,nearest
4,swap,0.831649405418692,714.3012116549129,711.1914626801087,0.00435355410863644,True,2,True,0.005897957998968195,0.03946745799839846,"{'instance': 'synthetic_evrptw_n50_seed20310816_tight_tw', 'scale': 50, 'seed': 20310816, 'source': 'nearest'}",,tight_tw,E_adaptive_portfolio,synthetic_evrptw_n50_seed20310816_tight_tw,20310816,nearest
5,two_opt,0.8880453688256637,711.1914626801087,706.6149303948915,0.006435021404743204,True,2,True,0.0035481249979056884,0.04301558299630415,"{'instance': 'synthetic_evrptw_n50_seed20310816_tight_tw', 'scale': 50, 'seed': 20310816, 'source': 'nearest'}",,tight_tw,E_adaptive_portfolio,synthetic_evrptw_n50_seed20310816_tight_tw,20310816,nearest
6,relocate,0.6787560697215965,706.6149303948915,680.2375316390329,0.03732924061074908,True,3,True,0.013263749999168795,0.05627933299547294,"{'instance': 'synthetic_evrptw_n50_seed20310816_tight_tw', 'scale': 50, 'seed': 20310816, 'source': 'nearest'}",,tight_tw,E_adaptive_portfolio,synthetic_evrptw_n50_seed20310816_tight_tw,20310816,nearest
7,swap,0.696377367670311,680.2375316390329,680.2375316390329,0.0,False,0,True,0.0062346660015464295,0.06251399899701937,"{'instance': 'synthetic_evrptw_n50_seed20310816_tight_tw', 'scale': 50, 'seed': 20310816, 'source': 'nearest'}",,tight_tw,E_adaptive_portfolio,synthetic_evrptw_n50_seed20310816_tight_tw,20310816,nearest
8,two_opt,0.7169844038205379,680.2375316390329,680.2375316390329,0.0,False,0,True,0.0024887920008040965,0.06500279099782347,"{'instance': 'synthetic_evrptw_n50_seed20310816_tight_tw', 'scale': 50, 'seed': 20310816, 'source': 'nearest'}",,tight_tw,E_adaptive_portfolio,synthetic_evrptw_n50_seed20310816_tight_tw,20310816,nearest
9,relocate,0.6223087679019579,680.2375316390329,670.6673978878139,0.014068811710756074,True,1,True,0.013691083000594517,0.07869387399841798,"{'instance': 'synthetic_evrptw_n50_seed20310816_tight_tw', 'scale': 50, 'seed': 20310816, 'source': 'nearest'}",,tight_tw,E_adaptive_portfolio,synthetic_evrptw_n50_seed20310816_tight_tw,20310816,nearest
10,swap,0.6171995210604743,670.6673978878139,670.6673978878139,0.0,False,0,True,0.006521541999973124,0.08521541599839111,"{'instance': 'synthetic_evrptw_n50_seed20310816_tight_tw', 'scale': 50, 'seed': 20310816, 'source': 'nearest'}",,tight_tw,E_adaptive_portfolio,synthetic_evrptw_n50_seed20310816_tight_tw,20310816,nearest
11,two_opt,0.6279694456880924,670.6673978878139,670.6673978878139,0.0,False,0,True,0.002454792000207817,0.08767020799859893,"{'instance': 'synthetic_evrptw_n50_seed20310816_tight_tw', 'scale': 50, 'seed': 20310816, 'source': 'nearest'}",budget,tight_tw,E_adaptive_portfolio,synthetic_evrptw_n50_seed20310816_tight_tw,20310816,nearest
0,two_opt,,711.0257985699329,711.0257985699329,0.0,False,0,True,0.0023598329971719068,0.0023598329971719068,"{'instance': 'synthetic_evrptw_n50_seed20310816_tight_tw', 'scale': 50, 'seed': 20310816, 'source': 'composite'}",,tight_tw,E_adaptive_portfolio,synthetic_evrptw_n50_seed20310816_tight_tw,20310816,composite
1,relocate,,711.0257985699329,684.2152158248837,0.037706905711399875,True,10,True,0.012126833000365878,0.014486665997537784,"{'instance': 'synthetic_evrptw_n50_seed20310816_tight_tw', 'scale': 50, 'seed': 20310816, 'source': 'composite'}",,tight_tw,E_adaptive_portfolio,synthetic_evrptw_n50_seed20310816_tight_tw,20310816,composite
2,swap,,684.2152158248837,671.976310420007,0.01788750837720191,True,2,True,0.006676500001049135,0.02116316599858692,"{'instance': 'synthetic_evrptw_n50_seed20310816_tight_tw', 'scale': 50, 'seed': 20310816, 'source': 'composite'}",,tight_tw,E_adaptive_portfolio,synthetic_evrptw_n50_seed20310816_tight_tw,20310816,composite
3,relocate,0.7714098574891434,671.976310420007,669.1969108137932,0.004136157128034171,True,2,True,0.01310258300145506,0.03426574900004198,"{'instance': 'synthetic_evrptw_n50_seed20310816_tight_tw', 'scale': 50, 'seed': 20310816, 'source': 'composite'}",,tight_tw,E_adaptive_portfolio,synthetic_evrptw_n50_seed20310816_tight_tw,20310816,composite
4,swap,0.8420745241380341,669.1969108137932,669.1969108137932,0.0,False,0,True,0.006590708999283379,0.04085645799932536,"{'instance': 'synthetic_evrptw_n50_seed20310816_tight_tw', 'scale': 50, 'seed': 20310816, 'source': 'composite'}",,tight_tw,E_adaptive_portfolio,synthetic_evrptw_n50_seed20310816_tight_tw,20310816,composite
5,two_opt,0.8880453688256637,669.1969108137932,669.1969108137932,0.0,False,0,True,0.002256374998978572,0.04311283299830393,"{'instance': 'synthetic_evrptw_n50_seed20310816_tight_tw', 'scale': 50, 'seed': 20310816, 'source': 'composite'}",,tight_tw,E_adaptive_portfolio,synthetic_evrptw_n50_seed20310816_tight_tw,20310816,composite
6,relocate,0.6834779969084128,669.1969108137932,669.0632538111998,0.00019972746501602695,True,1,True,0.01343812500272179,0.05655095800102572,"{'instance': 'synthetic_evrptw_n50_seed20310816_tight_tw', 'scale': 50, 'seed': 20310816, 'source': 'composite'}",,tight_tw,E_adaptive_portfolio,synthetic_evrptw_n50_seed20310816_tight_tw,20310816,composite
7,swap,0.6994131499756638,669.0632538111998,669.0632538111998,0.0,False,0,True,0.006699416997435037,0.06325037499846076,"{'instance': 'synthetic_evrptw_n50_seed20310816_tight_tw', 'scale': 50, 'seed': 20310816, 'source': 'composite'}",,tight_tw,E_adaptive_portfolio,synthetic_evrptw_n50_seed20310816_tight_tw,20310816,composite
8,two_opt,0.7137668931181662,669.0632538111998,669.0632538111998,0.0,False,0,True,0.0023292080004466698,0.06557958299890743,"{'instance': 'synthetic_evrptw_n50_seed20310816_tight_tw', 'scale': 50, 'seed': 20310816, 'source': 'composite'}",,tight_tw,E_adaptive_portfolio,synthetic_evrptw_n50_seed20310816_tight_tw,20310816,composite
9,relocate,0.6130802149779244,669.0632538111998,669.0632538111998,0.0,False,0,True,0.01382312499845284,0.07940270799736027,"{'instance': 'synthetic_evrptw_n50_seed20310816_tight_tw', 'scale': 50, 'seed': 20310816, 'source': 'composite'}",,tight_tw,E_adaptive_portfolio,synthetic_evrptw_n50_seed20310816_tight_tw,20310816,composite
10,swap,0.6192233759307094,669.0632538111998,669.0632538111998,0.0,False,0,True,0.0066434170003049076,0.08604612499766517,"{'instance': 'synthetic_evrptw_n50_seed20310816_tight_tw', 'scale': 50, 'seed': 20310816, 'source': 'composite'}",patience,tight_tw,E_adaptive_portfolio,synthetic_evrptw_n50_seed20310816_tight_tw,20310816,composite
0,two_opt,,656.7182706692901,656.7182706692901,0.0,False,0,True,0.0029293750012584496,0.0029293750012584496,"{'instance': 'synthetic_evrptw_n50_seed20310817_tight_tw', 'scale': 50, 'seed': 20310817, 'source': 'nearest'}",,tight_tw,E_adaptive_portfolio,synthetic_evrptw_n50_seed20310817_tight_tw,20310817,nearest
1,relocate,,656.7182706692901,653.8163912231814,0.004418758508349716,True,2,True,0.01299062500038417,0.01592000000164262,"{'instance': 'synthetic_evrptw_n50_seed20310817_tight_tw', 'scale': 50, 'seed': 20310817, 'source': 'nearest'}",,tight_tw,E_adaptive_portfolio,synthetic_evrptw_n50_seed20310817_tight_tw,20310817,nearest
2,swap,,653.8163912231814,653.8163912231814,0.0,False,0,True,0.005814125001052162,0.021734125002694782,"{'instance': 'synthetic_evrptw_n50_seed20310817_tight_tw', 'scale': 50, 'seed': 20310817, 'source': 'nearest'}",,tight_tw,E_adaptive_portfolio,synthetic_evrptw_n50_seed20310817_tight_tw,20310817,nearest
3,relocate,0.7381217102860932,653.8163912231814,649.093126409373,0.007224145612152673,True,2,True,0.01267175000248244,0.03440587500517722,"{'instance': 'synthetic_evrptw_n50_seed20310817_tight_tw', 'scale': 50, 'seed': 20310817, 'source': 'nearest'}",,tight_tw,E_adaptive_portfolio,synthetic_evrptw_n50_seed20310817_tight_tw,20310817,nearest
4,two_opt,0.8241870157608322,649.093126409373,649.093126409373,0.0,False,0,True,0.0025350840005557984,0.03694095900573302,"{'instance': 'synthetic_evrptw_n50_seed20310817_tight_tw', 'scale': 50, 'seed': 20310817, 'source': 'nearest'}",,tight_tw,E_adaptive_portfolio,synthetic_evrptw_n50_seed20310817_tight_tw,20310817,nearest
5,swap,0.8880453688256637,649.093126409373,649.093126409373,0.0,False,0,True,0.005501457999343984,0.042442417005077004,"{'instance': 'synthetic_evrptw_n50_seed20310817_tight_tw', 'scale': 50, 'seed': 20310817, 'source': 'nearest'}",,tight_tw,E_adaptive_portfolio,synthetic_evrptw_n50_seed20310817_tight_tw,20310817,nearest
6,relocate,0.668377917548947,649.093126409373,649.093126409373,0.0,False,0,True,0.01283049999983632,0.055272917004913324,"{'instance': 'synthetic_evrptw_n50_seed20310817_tight_tw', 'scale': 50, 'seed': 20310817, 'source': 'nearest'}",,tight_tw,E_adaptive_portfolio,synthetic_evrptw_n50_seed20310817_tight_tw,20310817,nearest
7,two_opt,0.6904693957870629,649.093126409373,649.093126409373,0.0,False,0,True,0.00254066699926625,0.057813584004179575,"{'instance': 'synthetic_evrptw_n50_seed20310817_tight_tw', 'scale': 50, 'seed': 20310817, 'source': 'nearest'}",patience,tight_tw,E_adaptive_portfolio,synthetic_evrptw_n50_seed20310817_tight_tw,20310817,nearest
0,two_opt,,723.518549801679,723.518549801679,0.0,False,0,True,0.0021537079992413055,0.0021537079992413055,"{'instance': 'synthetic_evrptw_n50_seed20310817_tight_tw', 'scale': 50, 'seed': 20310817, 'source': 'composite'}",,tight_tw,E_adaptive_portfolio,synthetic_evrptw_n50_seed20310817_tight_tw,20310817,composite
1,relocate,,723.518549801679,685.8049204458141,0.052125310907650456,True,10,True,0.01243695799712441,0.014590665996365715,"{'instance': 'synthetic_evrptw_n50_seed20310817_tight_tw', 'scale': 50, 'seed': 20310817, 'source': 'composite'}",,tight_tw,E_adaptive_portfolio,synthetic_evrptw_n50_seed20310817_tight_tw,20310817,composite
2,swap,,685.8049204458141,683.6927874828398,0.003079786831510798,True,2,True,0.006540499998664018,0.021131165995029733,"{'instance': 'synthetic_evrptw_n50_seed20310817_tight_tw', 'scale': 50, 'seed': 20310817, 'source': 'composite'}",,tight_tw,E_adaptive_portfolio,synthetic_evrptw_n50_seed20310817_tight_tw,20310817,composite
3,relocate,0.785828262685394,683.6927874828398,660.1445478463158,0.03444272057223505,True,7,True,0.01205708300039987,0.0331882489954296,"{'instance': 'synthetic_evrptw_n50_seed20310817_tight_tw', 'scale': 50, 'seed': 20310817, 'source': 'composite'}",,tight_tw,E_adaptive_portfolio,synthetic_evrptw_n50_seed20310817_tight_tw,20310817,composite
4,swap,0.827266802592343,660.1445478463158,660.1445478463158,0.0,False,0,True,0.006555709001986543,0.039743957997416146,"{'instance': 'synthetic_evrptw_n50_seed20310817_tight_tw', 'scale': 50, 'seed': 20310817, 'source': 'composite'}",,tight_tw,E_adaptive_portfolio,synthetic_evrptw_n50_seed20310817_tight_tw,20310817,composite
5,two_opt,0.8880453688256637,660.1445478463158,660.1445478463158,0.0,False,0,True,0.0020139580010436475,0.041757915998459794,"{'instance': 'synthetic_evrptw_n50_seed20310817_tight_tw', 'scale': 50, 'seed': 20310817, 'source': 'composite'}",,tight_tw,E_adaptive_portfolio,synthetic_evrptw_n50_seed20310817_tight_tw,20310817,composite
6,relocate,0.7058404812286386,660.1445478463158,650.057184788049,0.015280536802396268,True,5,True,0.013314457999513252,0.055072373997973045,"{'instance': 'synthetic_evrptw_n50_seed20310817_tight_tw', 'scale': 50, 'seed': 20310817, 'source': 'composite'}",,tight_tw,E_adaptive_portfolio,synthetic_evrptw_n50_seed20310817_tight_tw,20310817,composite
7,swap,0.6920092892028183,650.057184788049,649.3033839645096,0.0011595915577567424,True,1,True,0.00682049999886658,0.061892873996839626,"{'instance': 'synthetic_evrptw_n50_seed20310817_tight_tw', 'scale': 50, 'seed': 20310817, 'source': 'composite'}",,tight_tw,E_adaptive_portfolio,synthetic_evrptw_n50_seed20310817_tight_tw,20310817,composite
8,two_opt,0.7137668931181662,649.3033839645096,649.3033839645096,0.0,False,0,True,0.0021887910006626043,0.06408166499750223,"{'instance': 'synthetic_evrptw_n50_seed20310817_tight_tw', 'scale': 50, 'seed': 20310817, 'source': 'composite'}",,tight_tw,E_adaptive_portfolio,synthetic_evrptw_n50_seed20310817_tight_tw,20310817,composite
9,relocate,0.6330154743038683,649.3033839645096,647.928886721528,0.0021168798391119673,True,2,True,0.013291499999468215,0.07737316499697044,"{'instance': 'synthetic_evrptw_n50_seed20310817_tight_tw', 'scale': 50, 'seed': 20310817, 'source': 'composite'}",,tight_tw,E_adaptive_portfolio,synthetic_evrptw_n50_seed20310817_tight_tw,20310817,composite
10,swap,0.6146739992680647,647.928886721528,647.928886721528,0.0,False,0,True,0.006653749998804415,0.08402691499577486,"{'instance': 'synthetic_evrptw_n50_seed20310817_tight_tw', 'scale': 50, 'seed': 20310817, 'source': 'composite'}",,tight_tw,E_adaptive_portfolio,synthetic_evrptw_n50_seed20310817_tight_tw,20310817,composite
11,two_opt,0.625824438553178,647.928886721528,647.928886721528,0.0,False,0,True,0.002516458996979054,0.08654337399275391,"{'instance': 'synthetic_evrptw_n50_seed20310817_tight_tw', 'scale': 50, 'seed': 20310817, 'source': 'composite'}",budget,tight_tw,E_adaptive_portfolio,synthetic_evrptw_n50_seed20310817_tight_tw,20310817,composite
0,two_opt,,570.4457856375772,570.4457856375772,0.0,False,0,True,0.0030589169982704334,0.0030589169982704334,"{'instance': 'synthetic_evrptw_n50_seed20310818_tight_tw', 'scale': 50, 'seed': 20310818, 'source': 'nearest'}",,tight_tw,E_adaptive_portfolio,synthetic_evrptw_n50_seed20310818_tight_tw,20310818,nearest
1,relocate,,570.4457856375772,562.1184467267601,0.014597949744706639,True,2,True,0.013363709000259405,0.01642262599852984,"{'instance': 'synthetic_evrptw_n50_seed20310818_tight_tw', 'scale': 50, 'seed': 20310818, 'source': 'nearest'}",,tight_tw,E_adaptive_portfolio,synthetic_evrptw_n50_seed20310818_tight_tw,20310818,nearest
2,swap,,562.1184467267601,562.1184467267601,0.0,False,0,True,0.005151375000423286,0.021574000998953125,"{'instance': 'synthetic_evrptw_n50_seed20310818_tight_tw', 'scale': 50, 'seed': 20310818, 'source': 'nearest'}",,tight_tw,E_adaptive_portfolio,synthetic_evrptw_n50_seed20310818_tight_tw,20310818,nearest
3,relocate,0.7483009015224501,562.1184467267601,555.2961556990911,0.01213674994548844,True,1,True,0.013759707999270177,0.0353337089982233,"{'instance': 'synthetic_evrptw_n50_seed20310818_tight_tw', 'scale': 50, 'seed': 20310818, 'source': 'nearest'}",,tight_tw,E_adaptive_portfolio,synthetic_evrptw_n50_seed20310818_tight_tw,20310818,nearest
4,two_opt,0.8241870157608322,555.2961556990911,555.2961556990911,0.0,False,0,True,0.003242375001718756,0.03857608399994206,"{'instance': 'synthetic_evrptw_n50_seed20310818_tight_tw', 'scale': 50, 'seed': 20310818, 'source': 'nearest'}",,tight_tw,E_adaptive_portfolio,synthetic_evrptw_n50_seed20310818_tight_tw,20310818,nearest
5,swap,0.8880453688256637,555.2961556990911,555.2961556990911,0.0,False,0,True,0.0054391250014305115,0.04401520900137257,"{'instance': 'synthetic_evrptw_n50_seed20310818_tight_tw', 'scale': 50, 'seed': 20310818, 'source': 'nearest'}",,tight_tw,E_adaptive_portfolio,synthetic_evrptw_n50_seed20310818_tight_tw,20310818,nearest
6,relocate,0.6759238153337934,555.2961556990911,555.2961556990911,0.0,False,0,True,0.013351040997804375,0.057366249999176944,"{'instance': 'synthetic_evrptw_n50_seed20310818_tight_tw', 'scale': 50, 'seed': 20310818, 'source': 'nearest'}",,tight_tw,E_adaptive_portfolio,synthetic_evrptw_n50_seed20310818_tight_tw,20310818,nearest
7,two_opt,0.6904693957870629,555.2961556990911,555.2961556990911,0.0,False,0,True,0.0029976250007166527,0.060363874999893596,"{'instance': 'synthetic_evrptw_n50_seed20310818_tight_tw', 'scale': 50, 'seed': 20310818, 'source': 'nearest'}",patience,tight_tw,E_adaptive_portfolio,synthetic_evrptw_n50_seed20310818_tight_tw,20310818,nearest
0,two_opt,,751.4485496639893,751.4485496639893,0.0,False,0,True,0.0020377919972816017,0.0020377919972816017,"{'instance': 'synthetic_evrptw_n50_seed20310818_tight_tw', 'scale': 50, 'seed': 20310818, 'source': 'composite'}",,tight_tw,E_adaptive_portfolio,synthetic_evrptw_n50_seed20310818_tight_tw,20310818,composite
1,relocate,,751.4485496639893,723.4850628731884,0.0372127763148984,True,8,True,0.012264708999282448,0.01430250099656405,"{'instance': 'synthetic_evrptw_n50_seed20310818_tight_tw', 'scale': 50, 'seed': 20310818, 'source': 'composite'}",,tight_tw,E_adaptive_portfolio,synthetic_evrptw_n50_seed20310818_tight_tw,20310818,composite
2,swap,,723.4850628731884,702.8755830430977,0.028486392999247285,True,4,True,0.005762707998655969,0.02006520899522002,"{'instance': 'synthetic_evrptw_n50_seed20310818_tight_tw', 'scale': 50, 'seed': 20310818, 'source': 'composite'}",,tight_tw,E_adaptive_portfolio,synthetic_evrptw_n50_seed20310818_tight_tw,20310818,composite
3,relocate,0.7709157280926419,702.8755830430977,684.8226221023663,0.02568443317175873,True,7,True,0.012378667001030408,0.032443875996250426,"{'instance': 'synthetic_evrptw_n50_seed20310818_tight_tw', 'scale': 50, 'seed': 20310818, 'source': 'composite'}",,tight_tw,E_adaptive_portfolio,synthetic_evrptw_n50_seed20310818_tight_tw,20310818,composite
4,swap,0.8526734087600795,684.8226221023663,669.4072746408245,0.022509985745239394,True,3,True,0.006241082999622449,0.038684958995872876,"{'instance': 'synthetic_evrptw_n50_seed20310818_tight_tw', 'scale': 50, 'seed': 20310818, 'source': 'composite'}",,tight_tw,E_adaptive_portfolio,synthetic_evrptw_n50_seed20310818_tight_tw,20310818,composite
5,two_opt,0.8880453688256637,669.4072746408245,666.7543859040175,0.0039630413909536805,True,1,True,0.0020045419987582136,0.04068950099463109,"{'instance': 'synthetic_evrptw_n50_seed20310818_tight_tw', 'scale': 50, 'seed': 20310818, 'source': 'composite'}",,tight_tw,E_adaptive_portfolio,synthetic_evrptw_n50_seed20310818_tight_tw,20310818,composite
6,relocate,0.6940050702320244,666.7543859040175,666.312122181905,0.0006633083058205923,True,1,True,0.012454209001589334,0.05314370999622042,"{'instance': 'synthetic_evrptw_n50_seed20310818_tight_tw', 'scale': 50, 'seed': 20310818, 'source': 'composite'}",,tight_tw,E_adaptive_portfolio,synthetic_evrptw_n50_seed20310818_tight_tw,20310818,composite
7,swap,0.7159675851593063,666.312122181905,666.312122181905,0.0,False,0,True,0.006313375000900123,0.059457084997120546,"{'instance': 'synthetic_evrptw_n50_seed20310818_tight_tw', 'scale': 50, 'seed': 20310818, 'source': 'composite'}",,tight_tw,E_adaptive_portfolio,synthetic_evrptw_n50_seed20310818_tight_tw,20310818,composite
8,two_opt,0.7157484138136431,666.312122181905,666.312122181905,0.0,False,0,True,0.0018872920009016525,0.0613443769980222,"{'instance': 'synthetic_evrptw_n50_seed20310818_tight_tw', 'scale': 50, 'seed': 20310818, 'source': 'composite'}",,tight_tw,E_adaptive_portfolio,synthetic_evrptw_n50_seed20310818_tight_tw,20310818,composite
9,relocate,0.6202527908072669,666.312122181905,666.312122181905,0.0,False,0,True,0.012517374998424202,0.0738617519964464,"{'instance': 'synthetic_evrptw_n50_seed20310818_tight_tw', 'scale': 50, 'seed': 20310818, 'source': 'composite'}",,tight_tw,E_adaptive_portfolio,synthetic_evrptw_n50_seed20310818_tight_tw,20310818,composite
10,swap,0.6302596660531377,666.312122181905,666.312122181905,0.0,False,0,True,0.006595666996872751,0.08045741899331915,"{'instance': 'synthetic_evrptw_n50_seed20310818_tight_tw', 'scale': 50, 'seed': 20310818, 'source': 'composite'}",patience,tight_tw,E_adaptive_portfolio,synthetic_evrptw_n50_seed20310818_tight_tw,20310818,composite
0,two_opt,,704.0505201798792,704.0505201798792,0.0,False,0,True,0.0033507909975014627,0.0033507909975014627,"{'instance': 'synthetic_evrptw_n50_seed20310819_tight_tw', 'scale': 50, 'seed': 20310819, 'source': 'nearest'}",,tight_tw,E_adaptive_portfolio,synthetic_evrptw_n50_seed20310819_tight_tw,20310819,nearest
1,relocate,,704.0505201798792,645.1501838011122,0.08365924701499886,True,12,True,0.012970791998668574,0.016321582996170036,"{'instance': 'synthetic_evrptw_n50_seed20310819_tight_tw', 'scale': 50, 'seed': 20310819, 'source': 'nearest'}",,tight_tw,E_adaptive_portfolio,synthetic_evrptw_n50_seed20310819_tight_tw,20310819,nearest
2,swap,,645.1501838011122,643.5858406696524,0.0024247735965027763,True,1,True,0.007335416998103028,0.023656999994273065,"{'instance': 'synthetic_evrptw_n50_seed20310819_tight_tw', 'scale': 50, 'seed': 20310819, 'source': 'nearest'}",,tight_tw,E_adaptive_portfolio,synthetic_evrptw_n50_seed20310819_tight_tw,20310819,nearest
3,relocate,0.8173621987927423,643.5858406696524,625.3990984661892,0.028258456066310923,True,8,True,0.013452541999868117,0.03710954199414118,"{'instance': 'synthetic_evrptw_n50_seed20310819_tight_tw', 'scale': 50, 'seed': 20310819, 'source': 'nearest'}",,tight_tw,E_adaptive_portfolio,synthetic_evrptw_n50_seed20310819_tight_tw,20310819,nearest
4,swap,0.8266117893573349,625.3990984661892,623.4400716725359,0.0031324426249701247,True,1,True,0.006997459000558592,0.044107000994699774,"{'instance': 'synthetic_evrptw_n50_seed20310819_tight_tw', 'scale': 50, 'seed': 20310819, 'source': 'nearest'}",,tight_tw,E_adaptive_portfolio,synthetic_evrptw_n50_seed20310819_tight_tw,20310819,nearest
5,two_opt,0.8880453688256637,623.4400716725359,610.3542318831281,0.0209897316261716,True,5,True,0.0030149169979267754,0.04712191799262655,"{'instance': 'synthetic_evrptw_n50_seed20310819_tight_tw', 'scale': 50, 'seed': 20310819, 'source': 'nearest'}",,tight_tw,E_adaptive_portfolio,synthetic_evrptw_n50_seed20310819_tight_tw,20310819,nearest
6,relocate,0.7185153170293508,610.3542318831281,599.3210192664674,0.018076736492216906,True,3,True,0.013170999998692423,0.06029291799131897,"{'instance': 'synthetic_evrptw_n50_seed20310819_tight_tw', 'scale': 50, 'seed': 20310819, 'source': 'nearest'}",,tight_tw,E_adaptive_portfolio,synthetic_evrptw_n50_seed20310819_tight_tw,20310819,nearest
7,two_opt,0.7009642616001487,599.3210192664674,599.3210192664674,0.0,False,0,True,0.002090124999085674,0.06238304299040465,"{'instance': 'synthetic_evrptw_n50_seed20310819_tight_tw', 'scale': 50, 'seed': 20310819, 'source': 'nearest'}",,tight_tw,E_adaptive_portfolio,synthetic_evrptw_n50_seed20310819_tight_tw,20310819,nearest
8,swap,0.7165455012289027,599.3210192664674,599.3210192664674,0.0,False,0,True,0.0068191249993105885,0.06920216798971524,"{'instance': 'synthetic_evrptw_n50_seed20310819_tight_tw', 'scale': 50, 'seed': 20310819, 'source': 'nearest'}",,tight_tw,E_adaptive_portfolio,synthetic_evrptw_n50_seed20310819_tight_tw,20310819,nearest
9,relocate,0.64239743140095,599.3210192664674,599.3210192664674,0.0,False,0,True,0.013743124996835832,0.08294529298655107,"{'instance': 'synthetic_evrptw_n50_seed20310819_tight_tw', 'scale': 50, 'seed': 20310819, 'source': 'nearest'}",,tight_tw,E_adaptive_portfolio,synthetic_evrptw_n50_seed20310819_tight_tw,20310819,nearest
10,two_opt,0.6202574503470326,599.3210192664674,599.3210192664674,0.0,False,0,True,0.0020457080026972108,0.08499100098924828,"{'instance': 'synthetic_evrptw_n50_seed20310819_tight_tw', 'scale': 50, 'seed': 20310819, 'source': 'nearest'}",patience,tight_tw,E_adaptive_portfolio,synthetic_evrptw_n50_seed20310819_tight_tw,20310819,nearest
0,two_opt,,707.2320178973248,707.2320178973248,0.0,False,0,True,0.0028774999991583172,0.0028774999991583172,"{'instance': 'synthetic_evrptw_n50_seed20310819_tight_tw', 'scale': 50, 'seed': 20310819, 'source': 'composite'}",,tight_tw,E_adaptive_portfolio,synthetic_evrptw_n50_seed20310819_tight_tw,20310819,composite
1,relocate,,707.2320178973248,664.7408704804307,0.06008091593933316,True,11,True,0.012590667000040412,0.01546816699919873,"{'instance': 'synthetic_evrptw_n50_seed20310819_tight_tw', 'scale': 50, 'seed': 20310819, 'source': 'composite'}",,tight_tw,E_adaptive_portfolio,synthetic_evrptw_n50_seed20310819_tight_tw,20310819,composite
2,swap,,664.7408704804307,660.095514742502,0.006988220439298826,True,2,True,0.007358332997682737,0.022826499996881466,"{'instance': 'synthetic_evrptw_n50_seed20310819_tight_tw', 'scale': 50, 'seed': 20310819, 'source': 'composite'}",,tight_tw,E_adaptive_portfolio,synthetic_evrptw_n50_seed20310819_tight_tw,20310819,composite
3,relocate,0.7937838677170767,660.095514742502,644.6069088002267,0.02346418903985019,True,5,True,0.012957416998688132,0.0357839169955696,"{'instance': 'synthetic_evrptw_n50_seed20310819_tight_tw', 'scale': 50, 'seed': 20310819, 'source': 'composite'}",,tight_tw,E_adaptive_portfolio,synthetic_evrptw_n50_seed20310819_tight_tw,20310819,composite
4,swap,0.831175236200131,644.6069088002267,638.8722847372737,0.008896311821458072,True,1,True,0.007098416997905588,0.042882333993475186,"{'instance': 'synthetic_evrptw_n50_seed20310819_tight_tw', 'scale': 50, 'seed': 20310819, 'source': 'composite'}",,tight_tw,E_adaptive_portfolio,synthetic_evrptw_n50_seed20310819_tight_tw,20310819,composite
5,two_opt,0.8880453688256637,638.8722847372737,638.8722847372737,0.0,False,0,True,0.0021272089979902375,0.04500954299146542,"{'instance': 'synthetic_evrptw_n50_seed20310819_tight_tw', 'scale': 50, 'seed': 20310819, 'source': 'composite'}",,tight_tw,E_adaptive_portfolio,synthetic_evrptw_n50_seed20310819_tight_tw,20310819,composite
6,relocate,0.7043290179782875,638.8722847372737,638.0073965397241,0.0013537732316956925,True,1,True,0.013284791999467416,0.05829433499093284,"{'instance': 'synthetic_evrptw_n50_seed20310819_tight_tw', 'scale': 50, 'seed': 20310819, 'source': 'composite'}",,tight_tw,E_adaptive_portfolio,synthetic_evrptw_n50_seed20310819_tight_tw,20310819,composite
7,swap,0.6984116619174413,638.0073965397241,638.0073965397241,0.0,False,0,True,0.007124042000214104,0.06541837699114694,"{'instance': 'synthetic_evrptw_n50_seed20310819_tight_tw', 'scale': 50, 'seed': 20310819, 'source': 'composite'}",,tight_tw,E_adaptive_portfolio,synthetic_evrptw_n50_seed20310819_tight_tw,20310819,composite
8,two_opt,0.7137668931181662,638.0073965397241,638.0073965397241,0.0,False,0,True,0.0021230839993222617,0.0675414609904692,"{'instance': 'synthetic_evrptw_n50_seed20310819_tight_tw', 'scale': 50, 'seed': 20310819, 'source': 'composite'}",,tight_tw,E_adaptive_portfolio,synthetic_evrptw_n50_seed20310819_tight_tw,20310819,composite
9,relocate,0.6273655776134007,638.0073965397241,633.3262250508569,0.007337174324711388,True,2,True,0.013281165996886557,0.08082262698735576,"{'instance': 'synthetic_evrptw_n50_seed20310819_tight_tw', 'scale': 50, 'seed': 20310819, 'source': 'composite'}",,tight_tw,E_adaptive_portfolio,synthetic_evrptw_n50_seed20310819_tight_tw,20310819,composite
10,swap,0.6185557172252277,633.3262250508569,633.3262250508569,0.0,False,0,True,0.0066241659988008905,0.08744679298615665,"{'instance': 'synthetic_evrptw_n50_seed20310819_tight_tw', 'scale': 50, 'seed': 20310819, 'source': 'composite'}",,tight_tw,E_adaptive_portfolio,synthetic_evrptw_n50_seed20310819_tight_tw,20310819,composite
11,two_opt,0.625824438553178,633.3262250508569,633.3262250508569,0.0,False,0,True,0.002179166000132682,0.08962595898628933,"{'instance': 'synthetic_evrptw_n50_seed20310819_tight_tw', 'scale': 50, 'seed': 20310819, 'source': 'composite'}",budget,tight_tw,E_adaptive_portfolio,synthetic_evrptw_n50_seed20310819_tight_tw,20310819,composite
0,two_opt,,657.4500994156413,657.4500994156413,0.0,False,0,True,0.002612082997075049,0.002612082997075049,"{'instance': 'synthetic_evrptw_n50_seed20310820_tight_tw', 'scale': 50, 'seed': 20310820, 'source': 'nearest'}",,tight_tw,E_adaptive_portfolio,synthetic_evrptw_n50_seed20310820_tight_tw,20310820,nearest
1,relocate,,657.4500994156413,651.6740616596032,0.008785515069770183,True,4,True,0.013667249997524777,0.016279332994599827,"{'instance': 'synthetic_evrptw_n50_seed20310820_tight_tw', 'scale': 50, 'seed': 20310820, 'source': 'nearest'}",,tight_tw,E_adaptive_portfolio,synthetic_evrptw_n50_seed20310820_tight_tw,20310820,nearest
2,swap,,651.6740616596032,645.129363289288,0.010042901437028219,True,2,True,0.006632124997850042,0.02291145799244987,"{'instance': 'synthetic_evrptw_n50_seed20310820_tight_tw', 'scale': 50, 'seed': 20310820, 'source': 'nearest'}",,tight_tw,E_adaptive_portfolio,synthetic_evrptw_n50_seed20310820_tight_tw,20310820,nearest
3,swap,0.7437458532147717,645.129363289288,644.8911167403057,0.00036930042645637036,True,1,True,0.006538417001138441,0.02944987499358831,"{'instance': 'synthetic_evrptw_n50_seed20310820_tight_tw', 'scale': 50, 'seed': 20310820, 'source': 'nearest'}",,tight_tw,E_adaptive_portfolio,synthetic_evrptw_n50_seed20310820_tight_tw,20310820,nearest
4,relocate,0.8329725308306024,644.8911167403057,642.7318307263404,0.0033482954841737877,True,1,True,0.0137605829986569,0.04321045799224521,"{'instance': 'synthetic_evrptw_n50_seed20310820_tight_tw', 'scale': 50, 'seed': 20310820, 'source': 'nearest'}",,tight_tw,E_adaptive_portfolio,synthetic_evrptw_n50_seed20310820_tight_tw,20310820,nearest
5,two_opt,0.8880453688256637,642.7318307263404,642.7318307263404,0.0,False,0,True,0.0027382080006645992,0.04594866599290981,"{'instance': 'synthetic_evrptw_n50_seed20310820_tight_tw', 'scale': 50, 'seed': 20310820, 'source': 'nearest'}",,tight_tw,E_adaptive_portfolio,synthetic_evrptw_n50_seed20310820_tight_tw,20310820,nearest
6,relocate,0.6686233707656678,642.7318307263404,641.8380715335106,0.0013905631401820036,True,1,True,0.014471957998466678,0.06042062399137649,"{'instance': 'synthetic_evrptw_n50_seed20310820_tight_tw', 'scale': 50, 'seed': 20310820, 'source': 'nearest'}",,tight_tw,E_adaptive_portfolio,synthetic_evrptw_n50_seed20310820_tight_tw,20310820,nearest
7,swap,0.6956754967188052,641.8380715335106,641.8380715335106,0.0,False,0,True,0.005984540999634191,0.06640516499101068,"{'instance': 'synthetic_evrptw_n50_seed20310820_tight_tw', 'scale': 50, 'seed': 20310820, 'source': 'nearest'}",,tight_tw,E_adaptive_portfolio,synthetic_evrptw_n50_seed20310820_tight_tw,20310820,nearest
8,two_opt,0.7137668931181662,641.8380715335106,641.8380715335106,0.0,False,0,True,0.002788208999845665,0.06919337399085634,"{'instance': 'synthetic_evrptw_n50_seed20310820_tight_tw', 'scale': 50, 'seed': 20310820, 'source': 'nearest'}",,tight_tw,E_adaptive_portfolio,synthetic_evrptw_n50_seed20310820_tight_tw,20310820,nearest
9,relocate,0.6035740761078163,641.8380715335106,639.8092468474204,0.003160960335747782,True,1,True,0.01864204199955566,0.087835415990412,"{'instance': 'synthetic_evrptw_n50_seed20310820_tight_tw', 'scale': 50, 'seed': 20310820, 'source': 'nearest'}",,tight_tw,E_adaptive_portfolio,synthetic_evrptw_n50_seed20310820_tight_tw,20310820,nearest
10,swap,0.6167316070928036,639.8092468474204,639.8092468474204,0.0,False,0,True,0.007326458999159513,0.09516187498957152,"{'instance': 'synthetic_evrptw_n50_seed20310820_tight_tw', 'scale': 50, 'seed': 20310820, 'source': 'nearest'}",,tight_tw,E_adaptive_portfolio,synthetic_evrptw_n50_seed20310820_tight_tw,20310820,nearest
11,two_opt,0.625824438553178,639.8092468474204,639.8092468474204,0.0,False,0,True,0.002598541999759618,0.09776041698933113,"{'instance': 'synthetic_evrptw_n50_seed20310820_tight_tw', 'scale': 50, 'seed': 20310820, 'source': 'nearest'}",budget,tight_tw,E_adaptive_portfolio,synthetic_evrptw_n50_seed20310820_tight_tw,20310820,nearest
0,two_opt,,783.7019046487181,783.7019046487181,0.0,False,0,True,0.004084917000000132,0.004084917000000132,"{'instance': 'synthetic_evrptw_n50_seed20310820_tight_tw', 'scale': 50, 'seed': 20310820, 'source': 'composite'}",,tight_tw,E_adaptive_portfolio,synthetic_evrptw_n50_seed20310820_tight_tw,20310820,composite
1,relocate,,783.7019046487181,724.0446362723327,0.07612239809870804,True,11,True,0.01280558399957954,0.016890500999579672,"{'instance': 'synthetic_evrptw_n50_seed20310820_tight_tw', 'scale': 50, 'seed': 20310820, 'source': 'composite'}",,tight_tw,E_adaptive_portfolio,synthetic_evrptw_n50_seed20310820_tight_tw,20310820,composite
2,swap,,724.0446362723327,723.3420919220458,0.0009703053031424229,True,1,True,0.00616916600120021,0.023059667000779882,"{'instance': 'synthetic_evrptw_n50_seed20310820_tight_tw', 'scale': 50, 'seed': 20310820, 'source': 'composite'}",,tight_tw,E_adaptive_portfolio,synthetic_evrptw_n50_seed20310820_tight_tw,20310820,composite
3,relocate,0.8098253498764515,723.3420919220458,711.1788577236068,0.016815327539033666,True,5,True,0.04080887500094832,0.0638685420017282,"{'instance': 'synthetic_evrptw_n50_seed20310820_tight_tw', 'scale': 50, 'seed': 20310820, 'source': 'composite'}",,tight_tw,E_adaptive_portfolio,synthetic_evrptw_n50_seed20310820_tight_tw,20310820,composite
4,swap,0.8251573210639747,711.1788577236068,711.1788577236068,0.0,False,0,True,0.011855083997943439,0.07572362599967164,"{'instance': 'synthetic_evrptw_n50_seed20310820_tight_tw', 'scale': 50, 'seed': 20310820, 'source': 'composite'}",,tight_tw,E_adaptive_portfolio,synthetic_evrptw_n50_seed20310820_tight_tw,20310820,composite
5,two_opt,0.8880453688256637,711.1788577236068,707.0326654191676,0.00583002750912846,True,5,True,0.004445042002771515,0.08016866800244316,"{'instance': 'synthetic_evrptw_n50_seed20310820_tight_tw', 'scale': 50, 'seed': 20310820, 'source': 'composite'}",,tight_tw,E_adaptive_portfolio,synthetic_evrptw_n50_seed20310820_tight_tw,20310820,composite
6,relocate,0.7090253283075667,707.0326654191676,705.9296651422327,0.0015600414675056497,True,3,True,0.01406512500034296,0.09423379300278611,"{'instance': 'synthetic_evrptw_n50_seed20310820_tight_tw', 'scale': 50, 'seed': 20310820, 'source': 'composite'}",,tight_tw,E_adaptive_portfolio,synthetic_evrptw_n50_seed20310820_tight_tw,20310820,composite
7,two_opt,0.6933844095416272,705.9296651422327,705.9296651422327,0.0,False,0,True,0.001961624999239575,0.09619541800202569,"{'instance': 'synthetic_evrptw_n50_seed20310820_tight_tw', 'scale': 50, 'seed': 20310820, 'source': 'composite'}",,tight_tw,E_adaptive_portfolio,synthetic_evrptw_n50_seed20310820_tight_tw,20310820,composite
8,swap,0.7142520457697374,705.9296651422327,705.9296651422327,0.0,False,0,True,0.00703633399825776,0.10323175200028345,"{'instance': 'synthetic_evrptw_n50_seed20310820_tight_tw', 'scale': 50, 'seed': 20310820, 'source': 'composite'}",,tight_tw,E_adaptive_portfolio,synthetic_evrptw_n50_seed20310820_tight_tw,20310820,composite
9,relocate,0.6305652072448569,705.9296651422327,703.2698573908503,0.0037678084414350826,True,2,True,0.0140609170011885,0.11729266900147195,"{'instance': 'synthetic_evrptw_n50_seed20310820_tight_tw', 'scale': 50, 'seed': 20310820, 'source': 'composite'}",,tight_tw,E_adaptive_portfolio,synthetic_evrptw_n50_seed20310820_tight_tw,20310820,composite
10,two_opt,0.6152042156413516,703.2698573908503,702.8508762544658,0.000595761544421924,True,2,True,0.002686167001229478,0.11997883600270143,"{'instance': 'synthetic_evrptw_n50_seed20310820_tight_tw', 'scale': 50, 'seed': 20310820, 'source': 'composite'}",,tight_tw,E_adaptive_portfolio,synthetic_evrptw_n50_seed20310820_tight_tw,20310820,composite
11,swap,0.6261478736542255,702.8508762544658,702.8508762544658,0.0,False,0,True,0.006764249999832828,0.12674308600253426,"{'instance': 'synthetic_evrptw_n50_seed20310820_tight_tw', 'scale': 50, 'seed': 20310820, 'source': 'composite'}",budget,tight_tw,E_adaptive_portfolio,synthetic_evrptw_n50_seed20310820_tight_tw,20310820,composite
0,two_opt,,830.9003519005001,830.9003519005001,0.0,False,0,True,0.0028695830005744938,0.0028695830005744938,"{'instance': 'synthetic_evrptw_n50_seed20310821_tight_tw', 'scale': 50, 'seed': 20310821, 'source': 'nearest'}",,tight_tw,E_adaptive_portfolio,synthetic_evrptw_n50_seed20310821_tight_tw,20310821,nearest
1,relocate,,830.9003519005001,788.4854649371235,0.05104689974719828,True,11,True,0.012733375002426328,0.015602958003000822,"{'instance': 'synthetic_evrptw_n50_seed20310821_tight_tw', 'scale': 50, 'seed': 20310821, 'source': 'nearest'}",,tight_tw,E_adaptive_portfolio,synthetic_evrptw_n50_seed20310821_tight_tw,20310821,nearest
2,swap,,788.4854649371235,762.9599602136159,0.03237282849030469,True,6,True,0.006528625002829358,0.02213158300583018,"{'instance': 'synthetic_evrptw_n50_seed20310821_tight_tw', 'scale': 50, 'seed': 20310821, 'source': 'nearest'}",,tight_tw,E_adaptive_portfolio,synthetic_evrptw_n50_seed20310821_tight_tw,20310821,nearest
3,relocate,0.7847498515249418,762.9599602136159,743.8709922028952,0.025019619647374553,True,6,True,0.013051541001914302,0.03518312400774448,"{'instance': 'synthetic_evrptw_n50_seed20310821_tight_tw', 'scale': 50, 'seed': 20310821, 'source': 'nearest'}",,tight_tw,E_adaptive_portfolio,synthetic_evrptw_n50_seed20310821_tight_tw,20310821,nearest
4,swap,0.8565598442511368,743.8709922028952,740.0227202791781,0.005173305538263909,True,1,True,0.006291417001193622,0.041474541008938104,"{'instance': 'synthetic_evrptw_n50_seed20310821_tight_tw', 'scale': 50, 'seed': 20310821, 'source': 'nearest'}",,tight_tw,E_adaptive_portfolio,synthetic_evrptw_n50_seed20310821_tight_tw,20310821,nearest
5,two_opt,0.8880453688256637,740.0227202791781,739.1899665727562,0.0011253082960853945,True,1,True,0.0021834170001966413,0.043657958009134745,"{'instance': 'synthetic_evrptw_n50_seed20310821_tight_tw', 'scale': 50, 'seed': 20310821, 'source': 'nearest'}",,tight_tw,E_adaptive_portfolio,synthetic_evrptw_n50_seed20310821_tight_tw,20310821,nearest
6,relocate,0.7005897251859823,739.1899665727562,717.9781523622961,0.028696025608692204,True,6,True,0.01183975000094506,0.055497708010079805,"{'instance': 'synthetic_evrptw_n50_seed20310821_tight_tw', 'scale': 50, 'seed': 20310821, 'source': 'nearest'}",,tight_tw,E_adaptive_portfolio,synthetic_evrptw_n50_seed20310821_tight_tw,20310821,nearest
7,swap,0.7092424628013472,717.9781523622961,717.9781523622961,0.0,False,0,True,0.006429042001400376,0.06192675001148018,"{'instance': 'synthetic_evrptw_n50_seed20310821_tight_tw', 'scale': 50, 'seed': 20310821, 'source': 'nearest'}",,tight_tw,E_adaptive_portfolio,synthetic_evrptw_n50_seed20310821_tight_tw,20310821,nearest
8,two_opt,0.7143295472662089,717.9781523622961,717.7696453064091,0.00029040863597449933,True,1,True,0.002191625000705244,0.06411837501218542,"{'instance': 'synthetic_evrptw_n50_seed20310821_tight_tw', 'scale': 50, 'seed': 20310821, 'source': 'nearest'}",,tight_tw,E_adaptive_portfolio,synthetic_evrptw_n50_seed20310821_tight_tw,20310821,nearest
9,relocate,0.6339867998775294,717.7696453064091,713.8549547164431,0.005453965092512135,True,1,True,0.013520749998860992,0.07763912501104642,"{'instance': 'synthetic_evrptw_n50_seed20310821_tight_tw', 'scale': 50, 'seed': 20310821, 'source': 'nearest'}",,tight_tw,E_adaptive_portfolio,synthetic_evrptw_n50_seed20310821_tight_tw,20310821,nearest
10,swap,0.6257762511478316,713.8549547164431,710.9795132731341,0.004028047188453263,True,1,True,0.006599917000130517,0.08423904201117693,"{'instance': 'synthetic_evrptw_n50_seed20310821_tight_tw', 'scale': 50, 'seed': 20310821, 'source': 'nearest'}",,tight_tw,E_adaptive_portfolio,synthetic_evrptw_n50_seed20310821_tight_tw,20310821,nearest
11,two_opt,0.626296344197198,710.9795132731341,709.6081542986229,0.0019288305062375802,True,1,True,0.002226208001957275,0.08646525001313421,"{'instance': 'synthetic_evrptw_n50_seed20310821_tight_tw', 'scale': 50, 'seed': 20310821, 'source': 'nearest'}",budget,tight_tw,E_adaptive_portfolio,synthetic_evrptw_n50_seed20310821_tight_tw,20310821,nearest
0,two_opt,,822.6365170279335,822.6365170279335,0.0,False,0,True,0.0024673749976500403,0.0024673749976500403,"{'instance': 'synthetic_evrptw_n50_seed20310821_tight_tw', 'scale': 50, 'seed': 20310821, 'source': 'composite'}",,tight_tw,E_adaptive_portfolio,synthetic_evrptw_n50_seed20310821_tight_tw,20310821,composite
1,relocate,,822.6365170279335,764.7001382477928,0.07042767684257005,True,9,True,0.013522875000489876,0.015990249998139916,"{'instance': 'synthetic_evrptw_n50_seed20310821_tight_tw', 'scale': 50, 'seed': 20310821, 'source': 'composite'}",,tight_tw,E_adaptive_portfolio,synthetic_evrptw_n50_seed20310821_tight_tw,20310821,composite
2,swap,,764.7001382477928,750.530903048314,0.018529139058279288,True,2,True,0.005918708000535844,0.02190895799867576,"{'instance': 'synthetic_evrptw_n50_seed20310821_tight_tw', 'scale': 50, 'seed': 20310821, 'source': 'composite'}",,tight_tw,E_adaptive_portfolio,synthetic_evrptw_n50_seed20310821_tight_tw,20310821,composite
3,relocate,0.8041306286203135,750.530903048314,706.3701838074543,0.058839308363585106,True,6,True,0.01261066699953517,0.03451962499821093,"{'instance': 'synthetic_evrptw_n50_seed20310821_tight_tw', 'scale': 50, 'seed': 20310821, 'source': 'composite'}",,tight_tw,E_adaptive_portfolio,synthetic_evrptw_n50_seed20310821_tight_tw,20310821,composite
4,swap,0.8427161548191114,706.3701838074543,703.0042480101077,0.004765115904529799,True,1,True,0.006142583002656465,0.040662208000867395,"{'instance': 'synthetic_evrptw_n50_seed20310821_tight_tw', 'scale': 50, 'seed': 20310821, 'source': 'composite'}",,tight_tw,E_adaptive_portfolio,synthetic_evrptw_n50_seed20310821_tight_tw,20310821,composite
5,two_opt,0.8880453688256637,703.0042480101077,703.0042480101077,0.0,False,0,True,0.0017764999975042883,0.04243870799837168,"{'instance': 'synthetic_evrptw_n50_seed20310821_tight_tw', 'scale': 50, 'seed': 20310821, 'source': 'composite'}",,tight_tw,E_adaptive_portfolio,synthetic_evrptw_n50_seed20310821_tight_tw,20310821,composite
6,relocate,0.7271899580917734,703.0042480101077,676.1481391126106,0.03820191552684761,True,2,True,0.013431250001303852,0.055869957999675535,"{'instance': 'synthetic_evrptw_n50_seed20310821_tight_tw', 'scale': 50, 'seed': 20310821, 'source': 'composite'}",,tight_tw,E_adaptive_portfolio,synthetic_evrptw_n50_seed20310821_tight_tw,20310821,composite
7,swap,0.7021165232684674,676.1481391126106,676.1481391126106,0.0,False,0,True,0.006340541996905813,0.06221049999658135,"{'instance': 'synthetic_evrptw_n50_seed20310821_tight_tw', 'scale': 50, 'seed': 20310821, 'source': 'composite'}",,tight_tw,E_adaptive_portfolio,synthetic_evrptw_n50_seed20310821_tight_tw,20310821,composite
8,two_opt,0.7137668931181662,676.1481391126106,676.1481391126106,0.0,False,0,True,0.0022489590010081884,0.06445945899758954,"{'instance': 'synthetic_evrptw_n50_seed20310821_tight_tw', 'scale': 50, 'seed': 20310821, 'source': 'composite'}",,tight_tw,E_adaptive_portfolio,synthetic_evrptw_n50_seed20310821_tight_tw,20310821,composite
9,relocate,0.6548889184541087,676.1481391126106,660.4521268057815,0.02321386601378331,True,2,True,0.013424541997665074,0.07788400099525461,"{'instance': 'synthetic_evrptw_n50_seed20310821_tight_tw', 'scale': 50, 'seed': 20310821, 'source': 'composite'}",,tight_tw,E_adaptive_portfolio,synthetic_evrptw_n50_seed20310821_tight_tw,20310821,composite
10,swap,0.6210256247925785,660.4521268057815,660.4521268057815,0.0,False,0,True,0.006334542002150556,0.08421854299740517,"{'instance': 'synthetic_evrptw_n50_seed20310821_tight_tw', 'scale': 50, 'seed': 20310821, 'source': 'composite'}",,tight_tw,E_adaptive_portfolio,synthetic_evrptw_n50_seed20310821_tight_tw,20310821,composite
11,two_opt,0.625824438553178,660.4521268057815,660.4521268057815,0.0,False,0,True,0.001985416001843987,0.08620395899924915,"{'instance': 'synthetic_evrptw_n50_seed20310821_tight_tw', 'scale': 50, 'seed': 20310821, 'source': 'composite'}",budget,tight_tw,E_adaptive_portfolio,synthetic_evrptw_n50_seed20310821_tight_tw,20310821,composite
0,two_opt,,655.6263115465553,655.6263115465553,0.0,False,0,True,0.0031081670022103935,0.0031081670022103935,"{'instance': 'synthetic_evrptw_n50_seed20310822_tight_tw', 'scale': 50, 'seed': 20310822, 'source': 'nearest'}",,tight_tw,E_adaptive_portfolio,synthetic_evrptw_n50_seed20310822_tight_tw,20310822,nearest
1,relocate,,655.6263115465553,630.2942969160457,0.03863788591820533,True,7,True,0.0130483329994604,0.016156500001670793,"{'instance': 'synthetic_evrptw_n50_seed20310822_tight_tw', 'scale': 50, 'seed': 20310822, 'source': 'nearest'}",,tight_tw,E_adaptive_portfolio,synthetic_evrptw_n50_seed20310822_tight_tw,20310822,nearest
2,swap,,630.2942969160457,630.2942969160457,0.0,False,0,True,0.0067279159993631765,0.02288441600103397,"{'instance': 'synthetic_evrptw_n50_seed20310822_tight_tw', 'scale': 50, 'seed': 20310822, 'source': 'nearest'}",,tight_tw,E_adaptive_portfolio,synthetic_evrptw_n50_seed20310822_tight_tw,20310822,nearest
3,relocate,0.7723408376959489,630.2942969160457,605.9637674409788,0.03860185566347856,True,5,True,0.014345957999466918,0.03723037400050089,"{'instance': 'synthetic_evrptw_n50_seed20310822_tight_tw', 'scale': 50, 'seed': 20310822, 'source': 'nearest'}",,tight_tw,E_adaptive_portfolio,synthetic_evrptw_n50_seed20310822_tight_tw,20310822,nearest
4,two_opt,0.8241870157608322,605.9637674409788,605.9637674409788,0.0,False,0,True,0.0025435419993300457,0.03977391599983093,"{'instance': 'synthetic_evrptw_n50_seed20310822_tight_tw', 'scale': 50, 'seed': 20310822, 'source': 'nearest'}",,tight_tw,E_adaptive_portfolio,synthetic_evrptw_n50_seed20310822_tight_tw,20310822,nearest
5,swap,0.8880453688256637,605.9637674409788,605.9637674409788,0.0,False,0,True,0.007231125000544125,0.04700504100037506,"{'instance': 'synthetic_evrptw_n50_seed20310822_tight_tw', 'scale': 50, 'seed': 20310822, 'source': 'nearest'}",,tight_tw,E_adaptive_portfolio,synthetic_evrptw_n50_seed20310822_tight_tw,20310822,nearest
6,relocate,0.7011763362795378,605.9637674409788,603.5226397875631,0.00402850431755144,True,2,True,0.01367545799803338,0.06068049899840844,"{'instance': 'synthetic_evrptw_n50_seed20310822_tight_tw', 'scale': 50, 'seed': 20310822, 'source': 'nearest'}",,tight_tw,E_adaptive_portfolio,synthetic_evrptw_n50_seed20310822_tight_tw,20310822,nearest
7,two_opt,0.6904693957870629,603.5226397875631,603.5226397875631,0.0,False,0,True,0.0025898339990817476,0.06327033299749019,"{'instance': 'synthetic_evrptw_n50_seed20310822_tight_tw', 'scale': 50, 'seed': 20310822, 'source': 'nearest'}",,tight_tw,E_adaptive_portfolio,synthetic_evrptw_n50_seed20310822_tight_tw,20310822,nearest
8,swap,0.7137668931181662,603.5226397875631,603.5226397875631,0.0,False,0,True,0.007091208997735521,0.07036154199522571,"{'instance': 'synthetic_evrptw_n50_seed20310822_tight_tw', 'scale': 50, 'seed': 20310822, 'source': 'nearest'}",,tight_tw,E_adaptive_portfolio,synthetic_evrptw_n50_seed20310822_tight_tw,20310822,nearest
9,relocate,0.6261553668428528,603.5226397875631,603.5226397875631,0.0,False,0,True,0.013488666998455301,0.08385020899368101,"{'instance': 'synthetic_evrptw_n50_seed20310822_tight_tw', 'scale': 50, 'seed': 20310822, 'source': 'nearest'}",,tight_tw,E_adaptive_portfolio,synthetic_evrptw_n50_seed20310822_tight_tw,20310822,nearest
10,two_opt,0.6132608731383088,603.5226397875631,603.5226397875631,0.0,False,0,True,0.0023046250025799964,0.086154833996261,"{'instance': 'synthetic_evrptw_n50_seed20310822_tight_tw', 'scale': 50, 'seed': 20310822, 'source': 'nearest'}",patience,tight_tw,E_adaptive_portfolio,synthetic_evrptw_n50_seed20310822_tight_tw,20310822,nearest
0,two_opt,,739.9476774547485,739.9476774547485,0.0,False,0,True,0.002144458998373011,0.002144458998373011,"{'instance': 'synthetic_evrptw_n50_seed20310822_tight_tw', 'scale': 50, 'seed': 20310822, 'source': 'composite'}",,tight_tw,E_adaptive_portfolio,synthetic_evrptw_n50_seed20310822_tight_tw,20310822,composite
1,relocate,,739.9476774547485,724.2739916848851,0.02118215415416571,True,10,True,0.012550208000902785,0.014694666999275796,"{'instance': 'synthetic_evrptw_n50_seed20310822_tight_tw', 'scale': 50, 'seed': 20310822, 'source': 'composite'}",,tight_tw,E_adaptive_portfolio,synthetic_evrptw_n50_seed20310822_tight_tw,20310822,composite
2,swap,,724.2739916848851,712.0494826651411,0.01687829351887401,True,2,True,0.005768332997831749,0.020462999997107545,"{'instance': 'synthetic_evrptw_n50_seed20310822_tight_tw', 'scale': 50, 'seed': 20310822, 'source': 'composite'}",,tight_tw,E_adaptive_portfolio,synthetic_evrptw_n50_seed20310822_tight_tw,20310822,composite
3,relocate,0.7548851059319092,712.0494826651411,705.4431281959558,0.009277942937980005,True,2,True,0.0128888340004778,0.033351833997585345,"{'instance': 'synthetic_evrptw_n50_seed20310822_tight_tw', 'scale': 50, 'seed': 20310822, 'source': 'composite'}",,tight_tw,E_adaptive_portfolio,synthetic_evrptw_n50_seed20310822_tight_tw,20310822,composite
4,swap,0.8410653092797062,705.4431281959558,698.1107519509362,0.010394000525273764,True,1,True,0.005724834001739509,0.039076667999324854,"{'instance': 'synthetic_evrptw_n50_seed20310822_tight_tw', 'scale': 50, 'seed': 20310822, 'source': 'composite'}",,tight_tw,E_adaptive_portfolio,synthetic_evrptw_n50_seed20310822_tight_tw,20310822,composite
5,two_opt,0.8880453688256637,698.1107519509362,693.6134703573036,0.006442074672341748,True,3,True,0.0032847919974301476,0.042361459996755,"{'instance': 'synthetic_evrptw_n50_seed20310822_tight_tw', 'scale': 50, 'seed': 20310822, 'source': 'composite'}",,tight_tw,E_adaptive_portfolio,synthetic_evrptw_n50_seed20310822_tight_tw,20310822,composite
6,relocate,0.6777865140347688,693.6134703573036,675.9994200736,0.02539461967863744,True,3,True,0.01252033300261246,0.05488179299936746,"{'instance': 'synthetic_evrptw_n50_seed20310822_tight_tw', 'scale': 50, 'seed': 20310822, 'source': 'composite'}",,tight_tw,E_adaptive_portfolio,synthetic_evrptw_n50_seed20310822_tight_tw,20310822,composite
7,swap,0.7041055428091367,675.9994200736,675.2507114266848,0.001107558120144143,True,1,True,0.0061956249992363155,0.06107741799860378,"{'instance': 'synthetic_evrptw_n50_seed20310822_tight_tw', 'scale': 50, 'seed': 20310822, 'source': 'composite'}",,tight_tw,E_adaptive_portfolio,synthetic_evrptw_n50_seed20310822_tight_tw,20310822,composite
8,two_opt,0.7169879304543371,675.2507114266848,675.2507114266848,0.0,False,0,True,0.002175916997657623,0.0632533349962614,"{'instance': 'synthetic_evrptw_n50_seed20310822_tight_tw', 'scale': 50, 'seed': 20310822, 'source': 'composite'}",,tight_tw,E_adaptive_portfolio,synthetic_evrptw_n50_seed20310822_tight_tw,20310822,composite
9,relocate,0.6176841904667021,675.2507114266848,664.4935984102967,0.0159305467352418,True,2,True,0.013155542001186404,0.0764088769974478,"{'instance': 'synthetic_evrptw_n50_seed20310822_tight_tw', 'scale': 50, 'seed': 20310822, 'source': 'composite'}",,tight_tw,E_adaptive_portfolio,synthetic_evrptw_n50_seed20310822_tight_tw,20310822,composite
10,swap,0.6227208238597395,664.4935984102967,663.2654234284755,0.001848287153946163,True,1,True,0.006145542000012938,0.08255441899746074,"{'instance': 'synthetic_evrptw_n50_seed20310822_tight_tw', 'scale': 50, 'seed': 20310822, 'source': 'composite'}",,tight_tw,E_adaptive_portfolio,synthetic_evrptw_n50_seed20310822_tight_tw,20310822,composite
11,two_opt,0.627971796777292,663.2654234284755,663.2654234284755,0.0,False,0,True,0.002003958998102462,0.0845583779955632,"{'instance': 'synthetic_evrptw_n50_seed20310822_tight_tw', 'scale': 50, 'seed': 20310822, 'source': 'composite'}",budget,tight_tw,E_adaptive_portfolio,synthetic_evrptw_n50_seed20310822_tight_tw,20310822,composite
0,two_opt,,693.7283643898458,693.7283643898458,0.0,False,0,True,0.0028197920000820886,0.0028197920000820886,"{'instance': 'synthetic_evrptw_n50_seed20310823_tight_tw', 'scale': 50, 'seed': 20310823, 'source': 'nearest'}",,tight_tw,E_adaptive_portfolio,synthetic_evrptw_n50_seed20310823_tight_tw,20310823,nearest
1,relocate,,693.7283643898458,685.6382753495966,0.011661753296428382,True,2,True,0.012371959001029609,0.015191751001111697,"{'instance': 'synthetic_evrptw_n50_seed20310823_tight_tw', 'scale': 50, 'seed': 20310823, 'source': 'nearest'}",,tight_tw,E_adaptive_portfolio,synthetic_evrptw_n50_seed20310823_tight_tw,20310823,nearest
2,swap,,685.6382753495966,685.6382753495966,0.0,False,0,True,0.005519916998309782,0.02071166799942148,"{'instance': 'synthetic_evrptw_n50_seed20310823_tight_tw', 'scale': 50, 'seed': 20310823, 'source': 'nearest'}",,tight_tw,E_adaptive_portfolio,synthetic_evrptw_n50_seed20310823_tight_tw,20310823,nearest
3,relocate,0.7453647050741719,685.6382753495966,683.7952835774973,0.0026879942943085254,True,1,True,0.012749749999784399,0.03346141799920588,"{'instance': 'synthetic_evrptw_n50_seed20310823_tight_tw', 'scale': 50, 'seed': 20310823, 'source': 'nearest'}",,tight_tw,E_adaptive_portfolio,synthetic_evrptw_n50_seed20310823_tight_tw,20310823,nearest
4,two_opt,0.8241870157608322,683.7952835774973,683.7952835774973,0.0,False,0,True,0.002672832997632213,0.03613425099683809,"{'instance': 'synthetic_evrptw_n50_seed20310823_tight_tw', 'scale': 50, 'seed': 20310823, 'source': 'nearest'}",,tight_tw,E_adaptive_portfolio,synthetic_evrptw_n50_seed20310823_tight_tw,20310823,nearest
5,swap,0.8880453688256637,683.7952835774973,683.7952835774973,0.0,False,0,True,0.005723625003156485,0.041857875999994576,"{'instance': 'synthetic_evrptw_n50_seed20310823_tight_tw', 'scale': 50, 'seed': 20310823, 'source': 'nearest'}",,tight_tw,E_adaptive_portfolio,synthetic_evrptw_n50_seed20310823_tight_tw,20310823,nearest
6,relocate,0.6697313392840643,683.7952835774973,683.7952835774973,0.0,False,0,True,0.013136041998222936,0.05499391799821751,"{'instance': 'synthetic_evrptw_n50_seed20310823_tight_tw', 'scale': 50, 'seed': 20310823, 'source': 'nearest'}",,tight_tw,E_adaptive_portfolio,synthetic_evrptw_n50_seed20310823_tight_tw,20310823,nearest
7,two_opt,0.6904693957870629,683.7952835774973,683.7952835774973,0.0,False,0,True,0.0027137920005770866,0.0577077099987946,"{'instance': 'synthetic_evrptw_n50_seed20310823_tight_tw', 'scale': 50, 'seed': 20310823, 'source': 'nearest'}",patience,tight_tw,E_adaptive_portfolio,synthetic_evrptw_n50_seed20310823_tight_tw,20310823,nearest
0,two_opt,,688.0816834806787,688.0816834806787,0.0,False,0,True,0.002733499997702893,0.002733499997702893,"{'instance': 'synthetic_evrptw_n50_seed20310823_tight_tw', 'scale': 50, 'seed': 20310823, 'source': 'composite'}",,tight_tw,E_adaptive_portfolio,synthetic_evrptw_n50_seed20310823_tight_tw,20310823,composite
1,relocate,,688.0816834806787,660.991268159543,0.03937092931190699,True,6,True,0.012050166998960776,0.014783666996663669,"{'instance': 'synthetic_evrptw_n50_seed20310823_tight_tw', 'scale': 50, 'seed': 20310823, 'source': 'composite'}",,tight_tw,E_adaptive_portfolio,synthetic_evrptw_n50_seed20310823_tight_tw,20310823,composite
2,swap,,660.991268159543,659.956263108562,0.001565837705939529,True,1,True,0.005880707998585422,0.02066437499524909,"{'instance': 'synthetic_evrptw_n50_seed20310823_tight_tw', 'scale': 50, 'seed': 20310823, 'source': 'composite'}",,tight_tw,E_adaptive_portfolio,synthetic_evrptw_n50_seed20310823_tight_tw,20310823,composite
3,relocate,0.7730738810896505,659.956263108562,648.2512817399868,0.017735995584679753,True,4,True,0.012419916998624103,0.033084291993873194,"{'instance': 'synthetic_evrptw_n50_seed20310823_tight_tw', 'scale': 50, 'seed': 20310823, 'source': 'composite'}",,tight_tw,E_adaptive_portfolio,synthetic_evrptw_n50_seed20310823_tight_tw,20310823,composite
4,swap,0.8257528534667717,648.2512817399868,648.2512817399868,0.0,False,0,True,0.006207792001077905,0.0392920839949511,"{'instance': 'synthetic_evrptw_n50_seed20310823_tight_tw', 'scale': 50, 'seed': 20310823, 'source': 'composite'}",,tight_tw,E_adaptive_portfolio,synthetic_evrptw_n50_seed20310823_tight_tw,20310823,composite
5,two_opt,0.8880453688256637,648.2512817399868,642.4176996626124,0.008998951859711366,True,2,True,0.004258375000063097,0.043550458995014196,"{'instance': 'synthetic_evrptw_n50_seed20310823_tight_tw', 'scale': 50, 'seed': 20310823, 'source': 'composite'}",,tight_tw,E_adaptive_portfolio,synthetic_evrptw_n50_seed20310823_tight_tw,20310823,composite
6,relocate,0.6911099279369892,642.4176996626124,623.3108507521699,0.02974209602331495,True,4,True,0.01321391599776689,0.056764374992781086,"{'instance': 'synthetic_evrptw_n50_seed20310823_tight_tw', 'scale': 50, 'seed': 20310823, 'source': 'composite'}",,tight_tw,E_adaptive_portfolio,synthetic_evrptw_n50_seed20310823_tight_tw,20310823,composite
7,two_opt,0.6949688717169186,623.3108507521699,623.3108507521699,0.0,False,0,True,0.0024348340011783876,0.05919920899395947,"{'instance': 'synthetic_evrptw_n50_seed20310823_tight_tw', 'scale': 50, 'seed': 20310823, 'source': 'composite'}",,tight_tw,E_adaptive_portfolio,synthetic_evrptw_n50_seed20310823_tight_tw,20310823,composite
8,swap,0.714549811971136,623.3108507521699,623.3108507521699,0.0,False,0,True,0.006519749997096369,0.06571895899105584,"{'instance': 'synthetic_evrptw_n50_seed20310823_tight_tw', 'scale': 50, 'seed': 20310823, 'source': 'composite'}",,tight_tw,E_adaptive_portfolio,synthetic_evrptw_n50_seed20310823_tight_tw,20310823,composite
9,relocate,0.628015625183075,623.3108507521699,622.4024328294684,0.001457407522435003,True,1,True,0.012974042001587804,0.07869300099264365,"{'instance': 'synthetic_evrptw_n50_seed20310823_tight_tw', 'scale': 50, 'seed': 20310823, 'source': 'composite'}",,tight_tw,E_adaptive_portfolio,synthetic_evrptw_n50_seed20310823_tight_tw,20310823,composite
10,two_opt,0.6162605237582126,622.4024328294684,622.4024328294684,0.0,False,0,True,0.002327250000234926,0.08102025099287857,"{'instance': 'synthetic_evrptw_n50_seed20310823_tight_tw', 'scale': 50, 'seed': 20310823, 'source': 'composite'}",,tight_tw,E_adaptive_portfolio,synthetic_evrptw_n50_seed20310823_tight_tw,20310823,composite
11,swap,0.6263463844551579,622.4024328294684,622.4024328294684,0.0,False,0,True,0.0065226250007981434,0.08754287599367672,"{'instance': 'synthetic_evrptw_n50_seed20310823_tight_tw', 'scale': 50, 'seed': 20310823, 'source': 'composite'}",budget,tight_tw,E_adaptive_portfolio,synthetic_evrptw_n50_seed20310823_tight_tw,20310823,composite
0,two_opt,,645.633116640582,645.633116640582,0.0,False,0,True,0.002744707999227103,0.002744707999227103,"{'instance': 'synthetic_evrptw_n50_seed20310824_tight_tw', 'scale': 50, 'seed': 20310824, 'source': 'nearest'}",,tight_tw,E_adaptive_portfolio,synthetic_evrptw_n50_seed20310824_tight_tw,20310824,nearest
1,relocate,,645.633116640582,614.5913707095057,0.04807954414202854,True,6,True,0.011579458998312475,0.014324166997539578,"{'instance': 'synthetic_evrptw_n50_seed20310824_tight_tw', 'scale': 50, 'seed': 20310824, 'source': 'nearest'}",,tight_tw,E_adaptive_portfolio,synthetic_evrptw_n50_seed20310824_tight_tw,20310824,nearest
2,swap,,614.5913707095057,605.0059430633503,0.015596424068059448,True,2,True,0.005578624997724546,0.019902791995264124,"{'instance': 'synthetic_evrptw_n50_seed20310824_tight_tw', 'scale': 50, 'seed': 20310824, 'source': 'nearest'}",,tight_tw,E_adaptive_portfolio,synthetic_evrptw_n50_seed20310824_tight_tw,20310824,nearest
3,relocate,0.781782495919772,605.0059430633503,603.1242663288415,0.0031101789264767112,True,2,True,0.011991707997367484,0.03189449999263161,"{'instance': 'synthetic_evrptw_n50_seed20310824_tight_tw', 'scale': 50, 'seed': 20310824, 'source': 'nearest'}",,tight_tw,E_adaptive_portfolio,synthetic_evrptw_n50_seed20310824_tight_tw,20310824,nearest
4,swap,0.8397834398288917,603.1242663288415,600.1594750774346,0.004915722044236806,True,1,True,0.005725957998947706,0.037620457991579315,"{'instance': 'synthetic_evrptw_n50_seed20310824_tight_tw', 'scale': 50, 'seed': 20310824, 'source': 'nearest'}",,tight_tw,E_adaptive_portfolio,synthetic_evrptw_n50_seed20310824_tight_tw,20310824,nearest
5,two_opt,0.8880453688256637,600.1594750774346,594.0453872397669,0.010187438658498024,True,2,True,0.0029170409979997203,0.040537498989579035,"{'instance': 'synthetic_evrptw_n50_seed20310824_tight_tw', 'scale': 50, 'seed': 20310824, 'source': 'nearest'}",,tight_tw,E_adaptive_portfolio,synthetic_evrptw_n50_seed20310824_tight_tw,20310824,nearest
6,relocate,0.6881513270229485,594.0453872397669,594.0453872397669,0.0,False,0,True,0.012745875003020046,0.05328337399259908,"{'instance': 'synthetic_evrptw_n50_seed20310824_tight_tw', 'scale': 50, 'seed': 20310824, 'source': 'nearest'}",,tight_tw,E_adaptive_portfolio,synthetic_evrptw_n50_seed20310824_tight_tw,20310824,nearest
7,swap,0.7007254688432111,594.0453872397669,594.0453872397669,0.0,False,0,True,0.006080957999074599,0.05936433199167368,"{'instance': 'synthetic_evrptw_n50_seed20310824_tight_tw', 'scale': 50, 'seed': 20310824, 'source': 'nearest'}",,tight_tw,E_adaptive_portfolio,synthetic_evrptw_n50_seed20310824_tight_tw,20310824,nearest
8,two_opt,0.7188606124474152,594.0453872397669,594.0453872397669,0.0,False,0,True,0.0024416669984930195,0.0618059989901667,"{'instance': 'synthetic_evrptw_n50_seed20310824_tight_tw', 'scale': 50, 'seed': 20310824, 'source': 'nearest'}",,tight_tw,E_adaptive_portfolio,synthetic_evrptw_n50_seed20310824_tight_tw,20310824,nearest
9,relocate,0.6161291925659428,594.0453872397669,594.0453872397669,0.0,False,0,True,0.012691457999608247,0.07449745698977495,"{'instance': 'synthetic_evrptw_n50_seed20310824_tight_tw', 'scale': 50, 'seed': 20310824, 'source': 'nearest'}",patience,tight_tw,E_adaptive_portfolio,synthetic_evrptw_n50_seed20310824_tight_tw,20310824,nearest
0,two_opt,,703.0606472122955,703.0606472122955,0.0,False,0,True,0.002800250000291271,0.002800250000291271,"{'instance': 'synthetic_evrptw_n50_seed20310824_tight_tw', 'scale': 50, 'seed': 20310824, 'source': 'composite'}",,tight_tw,E_adaptive_portfolio,synthetic_evrptw_n50_seed20310824_tight_tw,20310824,composite
1,relocate,,703.0606472122955,672.8118625353404,0.04302443152933463,True,7,True,0.013275792000058573,0.016076042000349844,"{'instance': 'synthetic_evrptw_n50_seed20310824_tight_tw', 'scale': 50, 'seed': 20310824, 'source': 'composite'}",,tight_tw,E_adaptive_portfolio,synthetic_evrptw_n50_seed20310824_tight_tw,20310824,composite
2,swap,,672.8118625353404,661.4008839682809,0.016960132843169228,True,3,True,0.007624792000569869,0.023700834000919713,"{'instance': 'synthetic_evrptw_n50_seed20310824_tight_tw', 'scale': 50, 'seed': 20310824, 'source': 'composite'}",,tight_tw,E_adaptive_portfolio,synthetic_evrptw_n50_seed20310824_tight_tw,20310824,composite
3,relocate,0.7767273833070781,661.4008839682809,649.6644731270858,0.01774477646715392,True,4,True,0.013018416000704747,0.03671925000162446,"{'instance': 'synthetic_evrptw_n50_seed20310824_tight_tw', 'scale': 50, 'seed': 20310824, 'source': 'composite'}",,tight_tw,E_adaptive_portfolio,synthetic_evrptw_n50_seed20310824_tight_tw,20310824,composite
4,swap,0.8411471486040014,649.6644731270858,639.8085748169776,0.015170751546052562,True,2,True,0.006801250001444714,0.043520500003069174,"{'instance': 'synthetic_evrptw_n50_seed20310824_tight_tw', 'scale': 50, 'seed': 20310824, 'source': 'composite'}",,tight_tw,E_adaptive_portfolio,synthetic_evrptw_n50_seed20310824_tight_tw,20310824,composite
5,two_opt,0.8880453688256637,639.8085748169776,636.8566675451614,0.00461373508890635,True,1,True,0.002842582998709986,0.04636308300177916,"{'instance': 'synthetic_evrptw_n50_seed20310824_tight_tw', 'scale': 50, 'seed': 20310824, 'source': 'composite'}",,tight_tw,E_adaptive_portfolio,synthetic_evrptw_n50_seed20310824_tight_tw,20310824,composite
6,relocate,0.6929410694869401,636.8566675451614,625.4421942121428,0.01792314332990656,True,5,True,0.012970375002623769,0.05933345800440293,"{'instance': 'synthetic_evrptw_n50_seed20310824_tight_tw', 'scale': 50, 'seed': 20310824, 'source': 'composite'}",,tight_tw,E_adaptive_portfolio,synthetic_evrptw_n50_seed20310824_tight_tw,20310824,composite
7,swap,0.7065348379816738,625.4421942121428,620.241658813383,0.008314973704821494,True,2,True,0.00680208300036611,0.06613554100476904,"{'instance': 'synthetic_evrptw_n50_seed20310824_tight_tw', 'scale': 50, 'seed': 20310824, 'source': 'composite'}",,tight_tw,E_adaptive_portfolio,synthetic_evrptw_n50_seed20310824_tight_tw,20310824,composite
8,two_opt,0.7160737606626194,620.241658813383,620.241658813383,0.0,False,0,True,0.002083874998788815,0.06821941600355785,"{'instance': 'synthetic_evrptw_n50_seed20310824_tight_tw', 'scale': 50, 'seed': 20310824, 'source': 'composite'}",,tight_tw,E_adaptive_portfolio,synthetic_evrptw_n50_seed20310824_tight_tw,20310824,composite
9,relocate,0.6252967353185728,620.241658813383,619.8746926624806,0.0005916502796739704,True,1,True,0.013148334001016337,0.08136775000457419,"{'instance': 'synthetic_evrptw_n50_seed20310824_tight_tw', 'scale': 50, 'seed': 20310824, 'source': 'composite'}",,tight_tw,E_adaptive_portfolio,synthetic_evrptw_n50_seed20310824_tight_tw,20310824,composite
10,swap,0.6267428258363232,619.8746926624806,619.8746926624806,0.0,False,0,True,0.006723208000039449,0.08809095800461364,"{'instance': 'synthetic_evrptw_n50_seed20310824_tight_tw', 'scale': 50, 'seed': 20310824, 'source': 'composite'}",,tight_tw,E_adaptive_portfolio,synthetic_evrptw_n50_seed20310824_tight_tw,20310824,composite
11,two_opt,0.6273623502494802,619.8746926624806,619.8746926624806,0.0,False,0,True,0.002155666999897221,0.09024662500451086,"{'instance': 'synthetic_evrptw_n50_seed20310824_tight_tw', 'scale': 50, 'seed': 20310824, 'source': 'composite'}",budget,tight_tw,E_adaptive_portfolio,synthetic_evrptw_n50_seed20310824_tight_tw,20310824,composite
0,two_opt,,1116.8142229646637,1116.8142229646637,0.0,False,0,True,0.008727417000045534,0.008727417000045534,"{'instance': 'synthetic_evrptw_n100_seed20360813_tight_tw', 'scale': 100, 'seed': 20360813, 'source': 'nearest'}",,tight_tw,E_adaptive_portfolio,synthetic_evrptw_n100_seed20360813_tight_tw,20360813,nearest
1,relocate,,1116.8142229646637,1076.099945381873,0.03645572983008009,True,17,True,0.08093041600295692,0.08965783300300245,"{'instance': 'synthetic_evrptw_n100_seed20360813_tight_tw', 'scale': 100, 'seed': 20360813, 'source': 'nearest'}",,tight_tw,E_adaptive_portfolio,synthetic_evrptw_n100_seed20360813_tight_tw,20360813,nearest
2,swap,,1076.099945381873,1042.956709291235,0.0307994031900788,True,6,True,0.044171041998197325,0.13382887500119978,"{'instance': 'synthetic_evrptw_n100_seed20360813_tight_tw', 'scale': 100, 'seed': 20360813, 'source': 'nearest'}",,tight_tw,E_adaptive_portfolio,synthetic_evrptw_n100_seed20360813_tight_tw,20360813,nearest
3,relocate,0.7701586816078235,1042.956709291235,1016.754689515209,0.025122825849437466,True,10,True,0.08518187499794294,0.21901074999914272,"{'instance': 'synthetic_evrptw_n100_seed20360813_tight_tw', 'scale': 100, 'seed': 20360813, 'source': 'nearest'}",,tight_tw,E_adaptive_portfolio,synthetic_evrptw_n100_seed20360813_tight_tw,20360813,nearest
4,swap,0.854986418950911,1016.754689515209,1000.1941216467785,0.016287672964976987,True,5,True,0.04541820799931884,0.26442895799846156,"{'instance': 'synthetic_evrptw_n100_seed20360813_tight_tw', 'scale': 100, 'seed': 20360813, 'source': 'nearest'}",,tight_tw,E_adaptive_portfolio,synthetic_evrptw_n100_seed20360813_tight_tw,20360813,nearest
5,two_opt,0.8880453688256637,1000.1941216467785,996.0257046232434,0.00416760800060688,True,4,True,0.010278417001245543,0.2747073749997071,"{'instance': 'synthetic_evrptw_n100_seed20360813_tight_tw', 'scale': 100, 'seed': 20360813, 'source': 'nearest'}",,tight_tw,E_adaptive_portfolio,synthetic_evrptw_n100_seed20360813_tight_tw,20360813,nearest
6,relocate,0.6933457433284547,996.0257046232434,989.8135251704564,0.006236967001907706,True,5,True,0.0842594999994617,0.3589668749991688,"{'instance': 'synthetic_evrptw_n100_seed20360813_tight_tw', 'scale': 100, 'seed': 20360813, 'source': 'nearest'}",,tight_tw,E_adaptive_portfolio,synthetic_evrptw_n100_seed20360813_tight_tw,20360813,nearest
7,swap,0.7140129338645907,989.8135251704564,989.7942290477004,1.9494705078624548e-05,True,1,True,0.045250499999383464,0.40421737499855226,"{'instance': 'synthetic_evrptw_n100_seed20360813_tight_tw', 'scale': 100, 'seed': 20360813, 'source': 'nearest'}",,tight_tw,E_adaptive_portfolio,synthetic_evrptw_n100_seed20360813_tight_tw,20360813,nearest
8,two_opt,0.7158506971184696,989.7942290477004,986.7917826003722,0.0030334046807050205,True,1,True,0.007972583996888716,0.412189958995441,"{'instance': 'synthetic_evrptw_n100_seed20360813_tight_tw', 'scale': 100, 'seed': 20360813, 'source': 'nearest'}",,tight_tw,E_adaptive_portfolio,synthetic_evrptw_n100_seed20360813_tight_tw,20360813,nearest
9,relocate,0.6216711257702494,986.7917826003722,965.8863825426017,0.021185219036462855,True,2,True,0.08535862499775249,0.49754858399319346,"{'instance': 'synthetic_evrptw_n100_seed20360813_tight_tw', 'scale': 100, 'seed': 20360813, 'source': 'nearest'}",,tight_tw,E_adaptive_portfolio,synthetic_evrptw_n100_seed20360813_tight_tw,20360813,nearest
10,swap,0.6289630634250203,965.8863825426017,965.8863825426017,0.0,False,0,True,0.046060833999945316,0.5436094179931388,"{'instance': 'synthetic_evrptw_n100_seed20360813_tight_tw', 'scale': 100, 'seed': 20360813, 'source': 'nearest'}",,tight_tw,E_adaptive_portfolio,synthetic_evrptw_n100_seed20360813_tight_tw,20360813,nearest
11,two_opt,0.6282247761136154,965.8863825426017,963.6976974085995,0.0022659861175811226,True,1,True,0.00813462500082096,0.5517440429939597,"{'instance': 'synthetic_evrptw_n100_seed20360813_tight_tw', 'scale': 100, 'seed': 20360813, 'source': 'nearest'}",budget,tight_tw,E_adaptive_portfolio,synthetic_evrptw_n100_seed20360813_tight_tw,20360813,nearest
0,two_opt,,1286.248962724216,1286.248962724216,0.0,False,0,True,0.008621041000878904,0.008621041000878904,"{'instance': 'synthetic_evrptw_n100_seed20360813_tight_tw', 'scale': 100, 'seed': 20360813, 'source': 'composite'}",,tight_tw,E_adaptive_portfolio,synthetic_evrptw_n100_seed20360813_tight_tw,20360813,composite
1,relocate,,1286.248962724216,1200.1534714405043,0.0669353241703421,True,24,True,0.07469512500028941,0.08331616600116831,"{'instance': 'synthetic_evrptw_n100_seed20360813_tight_tw', 'scale': 100, 'seed': 20360813, 'source': 'composite'}",,tight_tw,E_adaptive_portfolio,synthetic_evrptw_n100_seed20360813_tight_tw,20360813,composite
2,swap,,1200.1534714405043,1144.0035549869708,0.04678561349836251,True,14,True,0.04232833300193306,0.12564449900310137,"{'instance': 'synthetic_evrptw_n100_seed20360813_tight_tw', 'scale': 100, 'seed': 20360813, 'source': 'composite'}",,tight_tw,E_adaptive_portfolio,synthetic_evrptw_n100_seed20360813_tight_tw,20360813,composite
3,relocate,0.8006382759480856,1144.0035549869708,1107.2351808377132,0.03214008731788983,True,15,True,0.07606008299990208,0.20170458200300345,"{'instance': 'synthetic_evrptw_n100_seed20360813_tight_tw', 'scale': 100, 'seed': 20360813, 'source': 'composite'}",,tight_tw,E_adaptive_portfolio,synthetic_evrptw_n100_seed20360813_tight_tw,20360813,composite
4,swap,0.8709726292591947,1107.2351808377132,1104.697390574362,0.002292006528758465,True,2,True,0.04664233299990883,0.24834691500291228,"{'instance': 'synthetic_evrptw_n100_seed20360813_tight_tw', 'scale': 100, 'seed': 20360813, 'source': 'composite'}",,tight_tw,E_adaptive_portfolio,synthetic_evrptw_n100_seed20360813_tight_tw,20360813,composite
5,two_opt,0.8880453688256637,1104.697390574362,1076.5357619318786,0.02549261805338519,True,7,True,0.012683165998168988,0.26103008100108127,"{'instance': 'synthetic_evrptw_n100_seed20360813_tight_tw', 'scale': 100, 'seed': 20360813, 'source': 'composite'}",,tight_tw,E_adaptive_portfolio,synthetic_evrptw_n100_seed20360813_tight_tw,20360813,composite
6,relocate,0.7120941712328118,1076.5357619318786,1044.2601779169033,0.02998096780087981,True,10,True,0.08126204200016218,0.34229212300124345,"{'instance': 'synthetic_evrptw_n100_seed20360813_tight_tw', 'scale': 100, 'seed': 20360813, 'source': 'composite'}",,tight_tw,E_adaptive_portfolio,synthetic_evrptw_n100_seed20360813_tight_tw,20360813,composite
7,swap,0.7150082058006234,1044.2601779169033,1033.9298642457866,0.009892471138489385,True,3,True,0.04575220799961244,0.3880443310008559,"{'instance': 'synthetic_evrptw_n100_seed20360813_tight_tw', 'scale': 100, 'seed': 20360813, 'source': 'composite'}",,tight_tw,E_adaptive_portfolio,synthetic_evrptw_n100_seed20360813_tight_tw,20360813,composite
8,two_opt,0.7265132021448588,1033.9298642457866,1033.9298642457866,0.0,False,0,True,0.007245499997225124,0.395289830998081,"{'instance': 'synthetic_evrptw_n100_seed20360813_tight_tw', 'scale': 100, 'seed': 20360813, 'source': 'composite'}",,tight_tw,E_adaptive_portfolio,synthetic_evrptw_n100_seed20360813_tight_tw,20360813,composite
9,relocate,0.6420847446394783,1033.9298642457866,1023.0842359419137,0.010489713740674646,True,4,True,0.08465533400158165,0.47994516499966267,"{'instance': 'synthetic_evrptw_n100_seed20360813_tight_tw', 'scale': 100, 'seed': 20360813, 'source': 'composite'}",,tight_tw,E_adaptive_portfolio,synthetic_evrptw_n100_seed20360813_tight_tw,20360813,composite
10,swap,0.6329175701935122,1023.0842359419137,1018.3842190333852,0.004593968652250184,True,1,True,0.04618079099964234,0.526125955999305,"{'instance': 'synthetic_evrptw_n100_seed20360813_tight_tw', 'scale': 100, 'seed': 20360813, 'source': 'composite'}",,tight_tw,E_adaptive_portfolio,synthetic_evrptw_n100_seed20360813_tight_tw,20360813,composite
11,two_opt,0.6343219779043064,1018.3842190333852,1018.3842190333852,0.0,False,0,True,0.007154667000577319,0.5332806229998823,"{'instance': 'synthetic_evrptw_n100_seed20360813_tight_tw', 'scale': 100, 'seed': 20360813, 'source': 'composite'}",budget,tight_tw,E_adaptive_portfolio,synthetic_evrptw_n100_seed20360813_tight_tw,20360813,composite
0,two_opt,,1053.597033594938,1053.597033594938,0.0,False,0,True,0.009553624997352017,0.009553624997352017,"{'instance': 'synthetic_evrptw_n100_seed20360814_tight_tw', 'scale': 100, 'seed': 20360814, 'source': 'nearest'}",,tight_tw,E_adaptive_portfolio,synthetic_evrptw_n100_seed20360814_tight_tw,20360814,nearest
1,relocate,,1053.597033594938,999.5066041189958,0.05133882096400966,True,15,True,0.085014542000863,0.09456816699821502,"{'instance': 'synthetic_evrptw_n100_seed20360814_tight_tw', 'scale': 100, 'seed': 20360814, 'source': 'nearest'}",,tight_tw,E_adaptive_portfolio,synthetic_evrptw_n100_seed20360814_tight_tw,20360814,nearest
2,swap,,999.5066041189958,995.9607093409709,0.003547645171539847,True,3,True,0.04586299999937182,0.14043116699758684,"{'instance': 'synthetic_evrptw_n100_seed20360814_tight_tw', 'scale': 100, 'seed': 20360814, 'source': 'nearest'}",,tight_tw,E_adaptive_portfolio,synthetic_evrptw_n100_seed20360814_tight_tw,20360814,nearest
3,relocate,0.7850417727417531,995.9607093409709,981.0496495299582,0.014971534189214535,True,9,True,0.082864875002997,0.22329604200058384,"{'instance': 'synthetic_evrptw_n100_seed20360814_tight_tw', 'scale': 100, 'seed': 20360814, 'source': 'nearest'}",,tight_tw,E_adaptive_portfolio,synthetic_evrptw_n100_seed20360814_tight_tw,20360814,nearest
4,swap,0.827734660932372,981.0496495299582,977.9736307804855,0.0031354363675136212,True,3,True,0.048199834000115516,0.27149587600069935,"{'instance': 'synthetic_evrptw_n100_seed20360814_tight_tw', 'scale': 100, 'seed': 20360814, 'source': 'nearest'}",,tight_tw,E_adaptive_portfolio,synthetic_evrptw_n100_seed20360814_tight_tw,20360814,nearest
5,two_opt,0.8880453688256637,977.9736307804855,973.0192357132141,0.00506598021801201,True,3,True,0.011701457999151899,0.28319733399985125,"{'instance': 'synthetic_evrptw_n100_seed20360814_tight_tw', 'scale': 100, 'seed': 20360814, 'source': 'nearest'}",,tight_tw,E_adaptive_portfolio,synthetic_evrptw_n100_seed20360814_tight_tw,20360814,nearest
6,relocate,0.695711643065308,973.0192357132141,968.5310864287521,0.004612600778824506,True,5,True,0.08463499999925261,0.36783233399910387,"{'instance': 'synthetic_evrptw_n100_seed20360814_tight_tw', 'scale': 100, 'seed': 20360814, 'source': 'nearest'}",,tight_tw,E_adaptive_portfolio,synthetic_evrptw_n100_seed20360814_tight_tw,20360814,nearest
7,swap,0.6938109365565897,968.5310864287521,968.5310864287521,0.0,False,0,True,0.0480005829995207,0.41583291699862457,"{'instance': 'synthetic_evrptw_n100_seed20360814_tight_tw', 'scale': 100, 'seed': 20360814, 'source': 'nearest'}",,tight_tw,E_adaptive_portfolio,synthetic_evrptw_n100_seed20360814_tight_tw,20360814,nearest
8,two_opt,0.7162998832271722,968.5310864287521,965.134931894249,0.0035065002890363665,True,1,True,0.008895500002836343,0.4247284170014609,"{'instance': 'synthetic_evrptw_n100_seed20360814_tight_tw', 'scale': 100, 'seed': 20360814, 'source': 'nearest'}",,tight_tw,E_adaptive_portfolio,synthetic_evrptw_n100_seed20360814_tight_tw,20360814,nearest
9,relocate,0.6227069368537906,965.134931894249,963.5578253310766,0.0016340788329741898,True,4,True,0.08745216699753655,0.5121805839989975,"{'instance': 'synthetic_evrptw_n100_seed20360814_tight_tw', 'scale': 100, 'seed': 20360814, 'source': 'nearest'}",,tight_tw,E_adaptive_portfolio,synthetic_evrptw_n100_seed20360814_tight_tw,20360814,nearest
10,two_opt,0.6161183666406582,963.5578253310766,961.8368706591965,0.0017860419236269554,True,2,True,0.008629832998849452,0.5208104169978469,"{'instance': 'synthetic_evrptw_n100_seed20360814_tight_tw', 'scale': 100, 'seed': 20360814, 'source': 'nearest'}",,tight_tw,E_adaptive_portfolio,synthetic_evrptw_n100_seed20360814_tight_tw,20360814,nearest
11,swap,0.6280521323995292,961.8368706591965,957.6090165152207,0.004395604153829397,True,1,True,0.048931083001662046,0.569741499999509,"{'instance': 'synthetic_evrptw_n100_seed20360814_tight_tw', 'scale': 100, 'seed': 20360814, 'source': 'nearest'}",budget,tight_tw,E_adaptive_portfolio,synthetic_evrptw_n100_seed20360814_tight_tw,20360814,nearest
0,two_opt,,1183.8103393847305,1183.8103393847305,0.0,False,0,True,0.00917808300073375,0.00917808300073375,"{'instance': 'synthetic_evrptw_n100_seed20360814_tight_tw', 'scale': 100, 'seed': 20360814, 'source': 'composite'}",,tight_tw,E_adaptive_portfolio,synthetic_evrptw_n100_seed20360814_tight_tw,20360814,composite
1,relocate,,1183.8103393847305,1120.556628774995,0.05343230119328971,True,20,True,0.07761783399837441,0.08679591699910816,"{'instance': 'synthetic_evrptw_n100_seed20360814_tight_tw', 'scale': 100, 'seed': 20360814, 'source': 'composite'}",,tight_tw,E_adaptive_portfolio,synthetic_evrptw_n100_seed20360814_tight_tw,20360814,composite
2,swap,,1120.556628774995,1112.087215344103,0.00755821991803384,True,5,True,0.04409583400047268,0.13089175099958084,"{'instance': 'synthetic_evrptw_n100_seed20360814_tight_tw', 'scale': 100, 'seed': 20360814, 'source': 'composite'}",,tight_tw,E_adaptive_portfolio,synthetic_evrptw_n100_seed20360814_tight_tw,20360814,composite
3,relocate,0.7871352529710332,1112.087215344103,1074.3095337666325,0.03397007092270304,True,13,True,0.07968858300228021,0.21058033400186105,"{'instance': 'synthetic_evrptw_n100_seed20360814_tight_tw', 'scale': 100, 'seed': 20360814, 'source': 'composite'}",,tight_tw,E_adaptive_portfolio,synthetic_evrptw_n100_seed20360814_tight_tw,20360814,composite
4,swap,0.831745235678866,1074.3095337666325,1056.5063994054938,0.016571699125408713,True,8,True,0.04653249999682885,0.2571128339986899,"{'instance': 'synthetic_evrptw_n100_seed20360814_tight_tw', 'scale': 100, 'seed': 20360814, 'source': 'composite'}",,tight_tw,E_adaptive_portfolio,synthetic_evrptw_n100_seed20360814_tight_tw,20360814,composite
5,two_opt,0.8880453688256637,1056.5063994054938,1048.0146910176782,0.008037536159358781,True,3,True,0.009155458999885013,0.2662682929985749,"{'instance': 'synthetic_evrptw_n100_seed20360814_tight_tw', 'scale': 100, 'seed': 20360814, 'source': 'composite'}",,tight_tw,E_adaptive_portfolio,synthetic_evrptw_n100_seed20360814_tight_tw,20360814,composite
6,relocate,0.7062576515466922,1048.0146910176782,1036.04338792717,0.011422839005132074,True,6,True,0.08355099999971571,0.3498192929982906,"{'instance': 'synthetic_evrptw_n100_seed20360814_tight_tw', 'scale': 100, 'seed': 20360814, 'source': 'composite'}",,tight_tw,E_adaptive_portfolio,synthetic_evrptw_n100_seed20360814_tight_tw,20360814,composite
7,swap,0.7025343553087842,1036.04338792717,1026.7731373117435,0.008947743621021123,True,5,True,0.04857829100001254,0.39839758399830316,"{'instance': 'synthetic_evrptw_n100_seed20360814_tight_tw', 'scale': 100, 'seed': 20360814, 'source': 'composite'}",,tight_tw,E_adaptive_portfolio,synthetic_evrptw_n100_seed20360814_tight_tw,20360814,composite
8,two_opt,0.7177856611978456,1026.7731373117435,1021.3893404678316,0.00524341419566892,True,3,True,0.010962083000777056,0.4093596669990802,"{'instance': 'synthetic_evrptw_n100_seed20360814_tight_tw', 'scale': 100, 'seed': 20360814, 'source': 'composite'}",,tight_tw,E_adaptive_portfolio,synthetic_evrptw_n100_seed20360814_tight_tw,20360814,composite
9,relocate,0.6320076885834827,1021.3893404678316,1014.9835507646658,0.006271643387458673,True,4,True,0.08398312500139582,0.49334279200047604,"{'instance': 'synthetic_evrptw_n100_seed20360814_tight_tw', 'scale': 100, 'seed': 20360814, 'source': 'composite'}",,tight_tw,E_adaptive_portfolio,synthetic_evrptw_n100_seed20360814_tight_tw,20360814,composite
10,swap,0.62428676069313,1014.9835507646658,1014.5730414082471,0.00040444927024616364,True,1,True,0.046553249998396495,0.5398960419988725,"{'instance': 'synthetic_evrptw_n100_seed20360814_tight_tw', 'scale': 100, 'seed': 20360814, 'source': 'composite'}",,tight_tw,E_adaptive_portfolio,synthetic_evrptw_n100_seed20360814_tight_tw,20360814,composite
11,two_opt,0.630251422004854,1014.5730414082471,1011.0906134745846,0.003432407319663086,True,2,True,0.007722250000369968,0.5476182919992425,"{'instance': 'synthetic_evrptw_n100_seed20360814_tight_tw', 'scale': 100, 'seed': 20360814, 'source': 'composite'}",budget,tight_tw,E_adaptive_portfolio,synthetic_evrptw_n100_seed20360814_tight_tw,20360814,composite
0,two_opt,,1064.855454306515,1064.855454306515,0.0,False,0,True,0.00947495800210163,0.00947495800210163,"{'instance': 'synthetic_evrptw_n100_seed20360815_tight_tw', 'scale': 100, 'seed': 20360815, 'source': 'nearest'}",,tight_tw,E_adaptive_portfolio,synthetic_evrptw_n100_seed20360815_tight_tw,20360815,nearest
1,relocate,,1064.855454306515,1008.2919980664153,0.053118435944845194,True,17,True,0.07616883399896324,0.08564379200106487,"{'instance': 'synthetic_evrptw_n100_seed20360815_tight_tw', 'scale': 100, 'seed': 20360815, 'source': 'nearest'}",,tight_tw,E_adaptive_portfolio,synthetic_evrptw_n100_seed20360815_tight_tw,20360815,nearest
2,swap,,1008.2919980664153,968.0986577386045,0.039862798083183146,True,4,True,0.040840416000719415,0.12648420800178428,"{'instance': 'synthetic_evrptw_n100_seed20360815_tight_tw', 'scale': 100, 'seed': 20360815, 'source': 'nearest'}",,tight_tw,E_adaptive_portfolio,synthetic_evrptw_n100_seed20360815_tight_tw,20360815,nearest
3,relocate,0.7868213877225887,968.0986577386045,950.7186801766446,0.017952692551560838,True,5,True,0.0818046670028707,0.20828887500465498,"{'instance': 'synthetic_evrptw_n100_seed20360815_tight_tw', 'scale': 100, 'seed': 20360815, 'source': 'nearest'}",,tight_tw,E_adaptive_portfolio,synthetic_evrptw_n100_seed20360815_tight_tw,20360815,nearest
4,swap,0.8640498138440154,950.7186801766446,921.424205578082,0.03081297886470439,True,5,True,0.04356675000235555,0.25185562500701053,"{'instance': 'synthetic_evrptw_n100_seed20360815_tight_tw', 'scale': 100, 'seed': 20360815, 'source': 'nearest'}",,tight_tw,E_adaptive_portfolio,synthetic_evrptw_n100_seed20360815_tight_tw,20360815,nearest
5,two_opt,0.8880453688256637,921.424205578082,909.4350179411655,0.013011583117023476,True,4,True,0.010130624999874271,0.2619862500068848,"{'instance': 'synthetic_evrptw_n100_seed20360815_tight_tw', 'scale': 100, 'seed': 20360815, 'source': 'nearest'}",,tight_tw,E_adaptive_portfolio,synthetic_evrptw_n100_seed20360815_tight_tw,20360815,nearest
6,relocate,0.6980920297368989,909.4350179411655,899.7252360105381,0.010676718774925775,True,3,True,0.08296362499822862,0.3449498750051134,"{'instance': 'synthetic_evrptw_n100_seed20360815_tight_tw', 'scale': 100, 'seed': 20360815, 'source': 'nearest'}",,tight_tw,E_adaptive_portfolio,synthetic_evrptw_n100_seed20360815_tight_tw,20360815,nearest
7,swap,0.7258072842610067,899.7252360105381,893.7604725709971,0.006629538886770916,True,1,True,0.04420400000162772,0.38915387500674115,"{'instance': 'synthetic_evrptw_n100_seed20360815_tight_tw', 'scale': 100, 'seed': 20360815, 'source': 'nearest'}",,tight_tw,E_adaptive_portfolio,synthetic_evrptw_n100_seed20360815_tight_tw,20360815,nearest
8,two_opt,0.7202726846766779,893.7604725709971,888.6841979998406,0.005679681219906703,True,2,True,0.01461883400043007,0.4037727090071712,"{'instance': 'synthetic_evrptw_n100_seed20360815_tight_tw', 'scale': 100, 'seed': 20360815, 'source': 'nearest'}",,tight_tw,E_adaptive_portfolio,synthetic_evrptw_n100_seed20360815_tight_tw,20360815,nearest
9,relocate,0.6263152339668849,888.6841979998406,868.8305886281006,0.022340455041762325,True,2,True,0.08459416599725955,0.48836687500443077,"{'instance': 'synthetic_evrptw_n100_seed20360815_tight_tw', 'scale': 100, 'seed': 20360815, 'source': 'nearest'}",,tight_tw,E_adaptive_portfolio,synthetic_evrptw_n100_seed20360815_tight_tw,20360815,nearest
10,swap,0.6390293117498617,868.8305886281006,868.8305886281006,0.0,False,0,True,0.04634241700114217,0.5347092920055729,"{'instance': 'synthetic_evrptw_n100_seed20360815_tight_tw', 'scale': 100, 'seed': 20360815, 'source': 'nearest'}",,tight_tw,E_adaptive_portfolio,synthetic_evrptw_n100_seed20360815_tight_tw,20360815,nearest
11,two_opt,0.6320548599988214,868.8305886281006,868.8305886281006,0.0,False,0,True,0.009696042001451133,0.5444053340070241,"{'instance': 'synthetic_evrptw_n100_seed20360815_tight_tw', 'scale': 100, 'seed': 20360815, 'source': 'nearest'}",budget,tight_tw,E_adaptive_portfolio,synthetic_evrptw_n100_seed20360815_tight_tw,20360815,nearest
0,two_opt,,1319.7031455847543,1319.7031455847543,0.0,False,0,True,0.008728374999918742,0.008728374999918742,"{'instance': 'synthetic_evrptw_n100_seed20360815_tight_tw', 'scale': 100, 'seed': 20360815, 'source': 'composite'}",,tight_tw,E_adaptive_portfolio,synthetic_evrptw_n100_seed20360815_tight_tw,20360815,composite
1,relocate,,1319.7031455847543,1266.6155918987533,0.04022689031515353,True,26,True,0.079001166002854,0.08772954100277275,"{'instance': 'synthetic_evrptw_n100_seed20360815_tight_tw', 'scale': 100, 'seed': 20360815, 'source': 'composite'}",,tight_tw,E_adaptive_portfolio,synthetic_evrptw_n100_seed20360815_tight_tw,20360815,composite
2,swap,,1266.6155918987533,1224.0123857345543,0.03363546638513551,True,12,True,0.04564604199913447,0.13337558300190722,"{'instance': 'synthetic_evrptw_n100_seed20360815_tight_tw', 'scale': 100, 'seed': 20360815, 'source': 'composite'}",,tight_tw,E_adaptive_portfolio,synthetic_evrptw_n100_seed20360815_tight_tw,20360815,composite
3,relocate,0.7739298420928971,1224.0123857345543,1191.208581088896,0.026800222798376468,True,23,True,0.0758872500009602,0.2092628330028674,"{'instance': 'synthetic_evrptw_n100_seed20360815_tight_tw', 'scale': 100, 'seed': 20360815, 'source': 'composite'}",,tight_tw,E_adaptive_portfolio,synthetic_evrptw_n100_seed20360815_tight_tw,20360815,composite
4,swap,0.8578224821459677,1191.208581088896,1168.421606570389,0.0191292901010477,True,9,True,0.04695541599721764,0.25621824900008505,"{'instance': 'synthetic_evrptw_n100_seed20360815_tight_tw', 'scale': 100, 'seed': 20360815, 'source': 'composite'}",,tight_tw,E_adaptive_portfolio,synthetic_evrptw_n100_seed20360815_tight_tw,20360815,composite
5,two_opt,0.8880453688256637,1168.421606570389,1166.0212393320958,0.002054367383139154,True,3,True,0.007795541001542006,0.26401379000162706,"{'instance': 'synthetic_evrptw_n100_seed20360815_tight_tw', 'scale': 100, 'seed': 20360815, 'source': 'composite'}",,tight_tw,E_adaptive_portfolio,synthetic_evrptw_n100_seed20360815_tight_tw,20360815,composite
6,relocate,0.6960700220454609,1166.0212393320958,1148.2533444124197,0.015238054265506921,True,14,True,0.07883883300019079,0.34285262300181785,"{'instance': 'synthetic_evrptw_n100_seed20360815_tight_tw', 'scale': 100, 'seed': 20360815, 'source': 'composite'}",,tight_tw,E_adaptive_portfolio,synthetic_evrptw_n100_seed20360815_tight_tw,20360815,composite
7,swap,0.7168517740301545,1148.2533444124197,1133.6538489549473,0.012714524654786147,True,4,True,0.04393474999960745,0.3867873730014253,"{'instance': 'synthetic_evrptw_n100_seed20360815_tight_tw', 'scale': 100, 'seed': 20360815, 'source': 'composite'}",,tight_tw,E_adaptive_portfolio,synthetic_evrptw_n100_seed20360815_tight_tw,20360815,composite
8,two_opt,0.7147940768097358,1133.6538489549473,1131.0619479292857,0.002286324902483203,True,4,True,0.009891249999782303,0.3966786230012076,"{'instance': 'synthetic_evrptw_n100_seed20360815_tight_tw', 'scale': 100, 'seed': 20360815, 'source': 'composite'}",,tight_tw,E_adaptive_portfolio,synthetic_evrptw_n100_seed20360815_tight_tw,20360815,composite
9,relocate,0.6264876740027867,1131.0619479292857,1095.375654937302,0.03155113922567821,True,9,True,0.08136641699820757,0.47804503999941517,"{'instance': 'synthetic_evrptw_n100_seed20360815_tight_tw', 'scale': 100, 'seed': 20360815, 'source': 'composite'}",,tight_tw,E_adaptive_portfolio,synthetic_evrptw_n100_seed20360815_tight_tw,20360815,composite
10,swap,0.6350873001852986,1095.375654937302,1084.9027292354806,0.009561035663533031,True,5,True,0.044349208001221996,0.5223942480006372,"{'instance': 'synthetic_evrptw_n100_seed20360815_tight_tw', 'scale': 100, 'seed': 20360815, 'source': 'composite'}",,tight_tw,E_adaptive_portfolio,synthetic_evrptw_n100_seed20360815_tight_tw,20360815,composite
11,two_opt,0.6272713359817188,1084.9027292354806,1053.7809654215432,0.028686225018411147,True,8,True,0.010544708002271364,0.5329389560029085,"{'instance': 'synthetic_evrptw_n100_seed20360815_tight_tw', 'scale': 100, 'seed': 20360815, 'source': 'composite'}",budget,tight_tw,E_adaptive_portfolio,synthetic_evrptw_n100_seed20360815_tight_tw,20360815,composite
0,two_opt,,990.2623673110377,990.2623673110377,0.0,False,0,True,0.009176625000691274,0.009176625000691274,"{'instance': 'synthetic_evrptw_n100_seed20360816_tight_tw', 'scale': 100, 'seed': 20360816, 'source': 'nearest'}",,tight_tw,E_adaptive_portfolio,synthetic_evrptw_n100_seed20360816_tight_tw,20360816,nearest
1,relocate,,990.2623673110377,954.6632523676031,0.03594917480313879,True,10,True,0.0861570830020355,0.09533370800272678,"{'instance': 'synthetic_evrptw_n100_seed20360816_tight_tw', 'scale': 100, 'seed': 20360816, 'source': 'nearest'}",,tight_tw,E_adaptive_portfolio,synthetic_evrptw_n100_seed20360816_tight_tw,20360816,nearest
2,swap,,954.6632523676031,951.5987980073827,0.0032099846229761988,True,2,True,0.04577833400253439,0.14111204200526117,"{'instance': 'synthetic_evrptw_n100_seed20360816_tight_tw', 'scale': 100, 'seed': 20360816, 'source': 'nearest'}",,tight_tw,E_adaptive_portfolio,synthetic_evrptw_n100_seed20360816_tight_tw,20360816,nearest
3,relocate,0.7696521265808822,951.5987980073827,937.8593957640027,0.0144382299264668,True,7,True,0.08652833399901283,0.227640376004274,"{'instance': 'synthetic_evrptw_n100_seed20360816_tight_tw', 'scale': 100, 'seed': 20360816, 'source': 'nearest'}",,tight_tw,E_adaptive_portfolio,synthetic_evrptw_n100_seed20360816_tight_tw,20360816,nearest
4,swap,0.8273970003838084,937.8593957640027,935.0042453079959,0.0030443267603891522,True,1,True,0.044958917002077214,0.2725992930063512,"{'instance': 'synthetic_evrptw_n100_seed20360816_tight_tw', 'scale': 100, 'seed': 20360816, 'source': 'nearest'}",,tight_tw,E_adaptive_portfolio,synthetic_evrptw_n100_seed20360816_tight_tw,20360816,nearest
5,two_opt,0.8880453688256637,935.0042453079959,931.6022069471873,0.0036385271808985304,True,2,True,0.011760707999201259,0.2843600010055525,"{'instance': 'synthetic_evrptw_n100_seed20360816_tight_tw', 'scale': 100, 'seed': 20360816, 'source': 'nearest'}",,tight_tw,E_adaptive_portfolio,synthetic_evrptw_n100_seed20360816_tight_tw,20360816,nearest
6,relocate,0.6877501678534986,931.6022069471873,930.8961637216512,0.0007578805849437941,True,1,True,0.08975270800146973,0.3741127090070222,"{'instance': 'synthetic_evrptw_n100_seed20360816_tight_tw', 'scale': 100, 'seed': 20360816, 'source': 'nearest'}",,tight_tw,E_adaptive_portfolio,synthetic_evrptw_n100_seed20360816_tight_tw,20360816,nearest
7,swap,0.6935965514787455,930.8961637216512,930.8961637216512,0.0,False,0,True,0.04579274999923655,0.41990545900625875,"{'instance': 'synthetic_evrptw_n100_seed20360816_tight_tw', 'scale': 100, 'seed': 20360816, 'source': 'nearest'}",,tight_tw,E_adaptive_portfolio,synthetic_evrptw_n100_seed20360816_tight_tw,20360816,nearest
8,two_opt,0.7155861567086155,930.8961637216512,929.9651236059105,0.0010001546381053032,True,1,True,0.009721750000608154,0.4296272090068669,"{'instance': 'synthetic_evrptw_n100_seed20360816_tight_tw', 'scale': 100, 'seed': 20360816, 'source': 'nearest'}",,tight_tw,E_adaptive_portfolio,synthetic_evrptw_n100_seed20360816_tight_tw,20360816,nearest
9,relocate,0.6161143799812908,929.9651236059105,929.9328806593113,3.4671135272491695e-05,True,1,True,0.09054920799826505,0.520176417005132,"{'instance': 'synthetic_evrptw_n100_seed20360816_tight_tw', 'scale': 100, 'seed': 20360816, 'source': 'nearest'}",,tight_tw,E_adaptive_portfolio,synthetic_evrptw_n100_seed20360816_tight_tw,20360816,nearest
10,swap,0.6153456435994306,929.9328806593113,929.9328806593113,0.0,False,0,True,0.047648332998505794,0.5678247500036377,"{'instance': 'synthetic_evrptw_n100_seed20360816_tight_tw', 'scale': 100, 'seed': 20360816, 'source': 'nearest'}",,tight_tw,E_adaptive_portfolio,synthetic_evrptw_n100_seed20360816_tight_tw,20360816,nearest
11,two_opt,0.6273706658261793,929.9328806593113,929.9328806593113,0.0,False,0,True,0.00913629099886748,0.5769610410025052,"{'instance': 'synthetic_evrptw_n100_seed20360816_tight_tw', 'scale': 100, 'seed': 20360816, 'source': 'nearest'}",budget,tight_tw,E_adaptive_portfolio,synthetic_evrptw_n100_seed20360816_tight_tw,20360816,nearest
0,two_opt,,1062.2527720824119,1062.2527720824119,0.0,False,0,True,0.00999216600030195,0.00999216600030195,"{'instance': 'synthetic_evrptw_n100_seed20360816_tight_tw', 'scale': 100, 'seed': 20360816, 'source': 'composite'}",,tight_tw,E_adaptive_portfolio,synthetic_evrptw_n100_seed20360816_tight_tw,20360816,composite
1,relocate,,1062.2527720824119,1029.5344534018507,0.03080087860483629,True,17,True,0.08345391699913307,0.09344608299943502,"{'instance': 'synthetic_evrptw_n100_seed20360816_tight_tw', 'scale': 100, 'seed': 20360816, 'source': 'composite'}",,tight_tw,E_adaptive_portfolio,synthetic_evrptw_n100_seed20360816_tight_tw,20360816,composite
2,swap,,1029.5344534018507,1012.9448949852049,0.01611365055518983,True,3,True,0.047326332998636644,0.14077241599807166,"{'instance': 'synthetic_evrptw_n100_seed20360816_tight_tw', 'scale': 100, 'seed': 20360816, 'source': 'composite'}",,tight_tw,E_adaptive_portfolio,synthetic_evrptw_n100_seed20360816_tight_tw,20360816,composite
3,relocate,0.7645038303825797,1012.9448949852049,999.6263837158016,0.01314830780562632,True,7,True,0.0858762919997389,0.22664870799781056,"{'instance': 'synthetic_evrptw_n100_seed20360816_tight_tw', 'scale': 100, 'seed': 20360816, 'source': 'composite'}",,tight_tw,E_adaptive_portfolio,synthetic_evrptw_n100_seed20360816_tight_tw,20360816,composite
4,swap,0.8403006663160221,999.6263837158016,992.8794484027608,0.006749457020093012,True,3,True,0.04558995800107368,0.27223866599888424,"{'instance': 'synthetic_evrptw_n100_seed20360816_tight_tw', 'scale': 100, 'seed': 20360816, 'source': 'composite'}",,tight_tw,E_adaptive_portfolio,synthetic_evrptw_n100_seed20360816_tight_tw,20360816,composite
5,two_opt,0.8880453688256637,992.8794484027608,984.9579351334239,0.00797832333228384,True,5,True,0.01745945799848414,0.2896981239973684,"{'instance': 'synthetic_evrptw_n100_seed20360816_tight_tw', 'scale': 100, 'seed': 20360816, 'source': 'composite'}",,tight_tw,E_adaptive_portfolio,synthetic_evrptw_n100_seed20360816_tight_tw,20360816,composite
6,relocate,0.6845310586939272,984.9579351334239,966.5041511917158,0.018735606144650595,True,6,True,0.1007316670002183,0.3904297909975867,"{'instance': 'synthetic_evrptw_n100_seed20360816_tight_tw', 'scale': 100, 'seed': 20360816, 'source': 'composite'}",,tight_tw,E_adaptive_portfolio,synthetic_evrptw_n100_seed20360816_tight_tw,20360816,composite
7,swap,0.7019009495747043,966.5041511917158,957.3169927645534,0.009505555062370307,True,3,True,0.04597404200103483,0.4364038329986215,"{'instance': 'synthetic_evrptw_n100_seed20360816_tight_tw', 'scale': 100, 'seed': 20360816, 'source': 'composite'}",,tight_tw,E_adaptive_portfolio,synthetic_evrptw_n100_seed20360816_tight_tw,20360816,composite
8,two_opt,0.7177560547843082,957.3169927645534,957.3169927645534,0.0,False,0,True,0.009399457998370053,0.44580329099699156,"{'instance': 'synthetic_evrptw_n100_seed20360816_tight_tw', 'scale': 100, 'seed': 20360816, 'source': 'composite'}",,tight_tw,E_adaptive_portfolio,synthetic_evrptw_n100_seed20360816_tight_tw,20360816,composite
9,relocate,0.6199608823948121,957.3169927645534,952.2316014491687,0.005312128953962355,True,5,True,0.08922779099884792,0.5350310819958395,"{'instance': 'synthetic_evrptw_n100_seed20360816_tight_tw', 'scale': 100, 'seed': 20360816, 'source': 'composite'}",,tight_tw,E_adaptive_portfolio,synthetic_evrptw_n100_seed20360816_tight_tw,20360816,composite
10,swap,0.6240504273508598,952.2316014491687,939.0743507819593,0.01381728000539555,True,2,True,0.046320792000187794,0.5813518739960273,"{'instance': 'synthetic_evrptw_n100_seed20360816_tight_tw', 'scale': 100, 'seed': 20360816, 'source': 'composite'}",,tight_tw,E_adaptive_portfolio,synthetic_evrptw_n100_seed20360816_tight_tw,20360816,composite
11,two_opt,0.6284838796639394,939.0743507819593,936.5913600895265,0.0026440831765507005,True,1,True,0.010443333998409798,0.5917952079944371,"{'instance': 'synthetic_evrptw_n100_seed20360816_tight_tw', 'scale': 100, 'seed': 20360816, 'source': 'composite'}",budget,tight_tw,E_adaptive_portfolio,synthetic_evrptw_n100_seed20360816_tight_tw,20360816,composite
0,two_opt,,1054.872679371231,1054.872679371231,0.0,False,0,True,0.01070770799924503,0.01070770799924503,"{'instance': 'synthetic_evrptw_n100_seed20360817_tight_tw', 'scale': 100, 'seed': 20360817, 'source': 'nearest'}",,tight_tw,E_adaptive_portfolio,synthetic_evrptw_n100_seed20360817_tight_tw,20360817,nearest
1,relocate,,1054.872679371231,1005.3532476872068,0.046943515224549016,True,11,True,0.0852617909986293,0.09596949899787433,"{'instance': 'synthetic_evrptw_n100_seed20360817_tight_tw', 'scale': 100, 'seed': 20360817, 'source': 'nearest'}",,tight_tw,E_adaptive_portfolio,synthetic_evrptw_n100_seed20360817_tight_tw,20360817,nearest
2,swap,,1005.3532476872068,1004.5621701477281,0.0007868652548729007,True,1,True,0.0396218330024567,0.13559133200033102,"{'instance': 'synthetic_evrptw_n100_seed20360817_tight_tw', 'scale': 100, 'seed': 20360817, 'source': 'nearest'}",,tight_tw,E_adaptive_portfolio,synthetic_evrptw_n100_seed20360817_tight_tw,20360817,nearest
3,relocate,0.7806464670022925,1004.5621701477281,993.3400827306426,0.011171122853884908,True,8,True,0.0845662909996463,0.22015762299997732,"{'instance': 'synthetic_evrptw_n100_seed20360817_tight_tw', 'scale': 100, 'seed': 20360817, 'source': 'nearest'}",,tight_tw,E_adaptive_portfolio,synthetic_evrptw_n100_seed20360817_tight_tw,20360817,nearest
4,swap,0.8249738810157051,993.3400827306426,982.7529428373738,0.010658122104733072,True,4,True,0.040504708002117695,0.260662331002095,"{'instance': 'synthetic_evrptw_n100_seed20360817_tight_tw', 'scale': 100, 'seed': 20360817, 'source': 'nearest'}",,tight_tw,E_adaptive_portfolio,synthetic_evrptw_n100_seed20360817_tight_tw,20360817,nearest
5,two_opt,0.8880453688256637,982.7529428373738,976.623644376429,0.006236866046158564,True,3,True,0.01315683299981174,0.27381916400190676,"{'instance': 'synthetic_evrptw_n100_seed20360817_tight_tw', 'scale': 100, 'seed': 20360817, 'source': 'nearest'}",,tight_tw,E_adaptive_portfolio,synthetic_evrptw_n100_seed20360817_tight_tw,20360817,nearest
6,relocate,0.6916137845279128,976.623644376429,971.8041294806433,0.004934874271719002,True,4,True,0.08578729100190685,0.3596064550038136,"{'instance': 'synthetic_evrptw_n100_seed20360817_tight_tw', 'scale': 100, 'seed': 20360817, 'source': 'nearest'}",,tight_tw,E_adaptive_portfolio,synthetic_evrptw_n100_seed20360817_tight_tw,20360817,nearest
7,swap,0.6961918894668658,971.8041294806433,971.8041294806433,0.0,False,0,True,0.04161841699897195,0.40122487200278556,"{'instance': 'synthetic_evrptw_n100_seed20360817_tight_tw', 'scale': 100, 'seed': 20360817, 'source': 'nearest'}",,tight_tw,E_adaptive_portfolio,synthetic_evrptw_n100_seed20360817_tight_tw,20360817,nearest
8,two_opt,0.7168853261412454,971.8041294806433,971.8041294806433,0.0,False,0,True,0.009146874999714782,0.41037174700250034,"{'instance': 'synthetic_evrptw_n100_seed20360817_tight_tw', 'scale': 100, 'seed': 20360817, 'source': 'nearest'}",,tight_tw,E_adaptive_portfolio,synthetic_evrptw_n100_seed20360817_tight_tw,20360817,nearest
9,relocate,0.6200824556598253,971.8041294806433,962.4147820372767,0.009661769443585768,True,2,True,0.08905037500153412,0.49942212200403446,"{'instance': 'synthetic_evrptw_n100_seed20360817_tight_tw', 'scale': 100, 'seed': 20360817, 'source': 'nearest'}",,tight_tw,E_adaptive_portfolio,synthetic_evrptw_n100_seed20360817_tight_tw,20360817,nearest
10,swap,0.6170758689248441,962.4147820372767,962.4147820372767,0.0,False,0,True,0.04226770800232771,0.5416898300063622,"{'instance': 'synthetic_evrptw_n100_seed20360817_tight_tw', 'scale': 100, 'seed': 20360817, 'source': 'nearest'}",,tight_tw,E_adaptive_portfolio,synthetic_evrptw_n100_seed20360817_tight_tw,20360817,nearest
11,two_opt,0.6279033939018975,962.4147820372767,962.4147820372767,0.0,False,0,True,0.00915145899853087,0.550841289004893,"{'instance': 'synthetic_evrptw_n100_seed20360817_tight_tw', 'scale': 100, 'seed': 20360817, 'source': 'nearest'}",budget,tight_tw,E_adaptive_portfolio,synthetic_evrptw_n100_seed20360817_tight_tw,20360817,nearest
0,two_opt,,1207.336109716085,1207.336109716085,0.0,False,0,True,0.008810374998574844,0.008810374998574844,"{'instance': 'synthetic_evrptw_n100_seed20360817_tight_tw', 'scale': 100, 'seed': 20360817, 'source': 'composite'}",,tight_tw,E_adaptive_portfolio,synthetic_evrptw_n100_seed20360817_tight_tw,20360817,composite
1,relocate,,1207.336109716085,1124.000982375018,0.0690239666240612,True,16,True,0.08175095900151064,0.09056133400008548,"{'instance': 'synthetic_evrptw_n100_seed20360817_tight_tw', 'scale': 100, 'seed': 20360817, 'source': 'composite'}",,tight_tw,E_adaptive_portfolio,synthetic_evrptw_n100_seed20360817_tight_tw,20360817,composite
2,swap,,1124.000982375018,1113.885926935076,0.00899915177882583,True,2,True,0.040912499996920815,0.1314738339970063,"{'instance': 'synthetic_evrptw_n100_seed20360817_tight_tw', 'scale': 100, 'seed': 20360817, 'source': 'composite'}",,tight_tw,E_adaptive_portfolio,synthetic_evrptw_n100_seed20360817_tight_tw,20360817,composite
3,relocate,0.8027269184018047,1113.885926935076,1088.7594348679188,0.022557509220261215,True,10,True,0.08174562500062166,0.21321945899762795,"{'instance': 'synthetic_evrptw_n100_seed20360817_tight_tw', 'scale': 100, 'seed': 20360817, 'source': 'composite'}",,tight_tw,E_adaptive_portfolio,synthetic_evrptw_n100_seed20360817_tight_tw,20360817,composite
4,swap,0.833186167539658,1088.7594348679188,1076.405070990863,0.011347193403246745,True,4,True,0.04867779200139921,0.26189725099902716,"{'instance': 'synthetic_evrptw_n100_seed20360817_tight_tw', 'scale': 100, 'seed': 20360817, 'source': 'composite'}",,tight_tw,E_adaptive_portfolio,synthetic_evrptw_n100_seed20360817_tight_tw,20360817,composite
5,two_opt,0.8880453688256637,1076.405070990863,1064.4715902967555,0.01108642184593415,True,5,True,0.013755250001850072,0.27565250100087724,"{'instance': 'synthetic_evrptw_n100_seed20360817_tight_tw', 'scale': 100, 'seed': 20360817, 'source': 'composite'}",,tight_tw,E_adaptive_portfolio,synthetic_evrptw_n100_seed20360817_tight_tw,20360817,composite
6,relocate,0.7083472034108571,1064.4715902967555,1042.8534788661132,0.020308772566316767,True,5,True,0.08776550000038696,0.3634180010012642,"{'instance': 'synthetic_evrptw_n100_seed20360817_tight_tw', 'scale': 100, 'seed': 20360817, 'source': 'composite'}",,tight_tw,E_adaptive_portfolio,synthetic_evrptw_n100_seed20360817_tight_tw,20360817,composite
7,swap,0.7006425683780992,1042.8534788661132,1040.0555143398803,0.002682989109146017,True,1,True,0.04755283299891744,0.41097083400018164,"{'instance': 'synthetic_evrptw_n100_seed20360817_tight_tw', 'scale': 100, 'seed': 20360817, 'source': 'composite'}",,tight_tw,E_adaptive_portfolio,synthetic_evrptw_n100_seed20360817_tight_tw,20360817,composite
8,two_opt,0.7193101040411333,1040.0555143398803,1040.0555143398803,0.0,False,0,True,0.008813458000076935,0.4197842920002586,"{'instance': 'synthetic_evrptw_n100_seed20360817_tight_tw', 'scale': 100, 'seed': 20360817, 'source': 'composite'}",,tight_tw,E_adaptive_portfolio,synthetic_evrptw_n100_seed20360817_tight_tw,20360817,composite
9,relocate,0.6363627010133208,1040.0555143398803,1023.7851732260538,0.015643723714260885,True,2,True,0.0912047089987027,0.5109890009989613,"{'instance': 'synthetic_evrptw_n100_seed20360817_tight_tw', 'scale': 100, 'seed': 20360817, 'source': 'composite'}",,tight_tw,E_adaptive_portfolio,synthetic_evrptw_n100_seed20360817_tight_tw,20360817,composite
10,swap,0.6209373179020483,1023.7851732260538,1023.7851732260538,0.0,False,0,True,0.0454388750004,0.5564278759993613,"{'instance': 'synthetic_evrptw_n100_seed20360817_tight_tw', 'scale': 100, 'seed': 20360817, 'source': 'composite'}",,tight_tw,E_adaptive_portfolio,synthetic_evrptw_n100_seed20360817_tight_tw,20360817,composite
11,two_opt,0.6295199125018227,1023.7851732260538,1023.7851732260538,0.0,False,0,True,0.009107707999646664,0.5655355839990079,"{'instance': 'synthetic_evrptw_n100_seed20360817_tight_tw', 'scale': 100, 'seed': 20360817, 'source': 'composite'}",budget,tight_tw,E_adaptive_portfolio,synthetic_evrptw_n100_seed20360817_tight_tw,20360817,composite
0,two_opt,,954.9672488025467,954.9672488025467,0.0,False,0,True,0.010153541999898152,0.010153541999898152,"{'instance': 'synthetic_evrptw_n100_seed20360818_tight_tw', 'scale': 100, 'seed': 20360818, 'source': 'nearest'}",,tight_tw,E_adaptive_portfolio,synthetic_evrptw_n100_seed20360818_tight_tw,20360818,nearest
1,relocate,,954.9672488025467,928.0627288593525,0.02817323837747345,True,14,True,0.08478466700034915,0.0949382090002473,"{'instance': 'synthetic_evrptw_n100_seed20360818_tight_tw', 'scale': 100, 'seed': 20360818, 'source': 'nearest'}",,tight_tw,E_adaptive_portfolio,synthetic_evrptw_n100_seed20360818_tight_tw,20360818,nearest
2,swap,,928.0627288593525,923.6447088282109,0.004760475659411134,True,4,True,0.04322145800324506,0.13815966700349236,"{'instance': 'synthetic_evrptw_n100_seed20360818_tight_tw', 'scale': 100, 'seed': 20360818, 'source': 'nearest'}",,tight_tw,E_adaptive_portfolio,synthetic_evrptw_n100_seed20360818_tight_tw,20360818,nearest
3,relocate,0.7618761901552169,923.6447088282109,921.6070330783766,0.002206125072073893,True,4,True,0.09034579199942527,0.22850545900291763,"{'instance': 'synthetic_evrptw_n100_seed20360818_tight_tw', 'scale': 100, 'seed': 20360818, 'source': 'nearest'}",,tight_tw,E_adaptive_portfolio,synthetic_evrptw_n100_seed20360818_tight_tw,20360818,nearest
4,swap,0.8289474914202434,921.6070330783766,921.6070330783766,0.0,False,0,True,0.043425374999060296,0.27193083400197793,"{'instance': 'synthetic_evrptw_n100_seed20360818_tight_tw', 'scale': 100, 'seed': 20360818, 'source': 'nearest'}",,tight_tw,E_adaptive_portfolio,synthetic_evrptw_n100_seed20360818_tight_tw,20360818,nearest
5,two_opt,0.8880453688256637,921.6070330783766,909.0094615203077,0.013669135657515735,True,3,True,0.013603957999293925,0.28553479200127185,"{'instance': 'synthetic_evrptw_n100_seed20360818_tight_tw', 'scale': 100, 'seed': 20360818, 'source': 'nearest'}",,tight_tw,E_adaptive_portfolio,synthetic_evrptw_n100_seed20360818_tight_tw,20360818,nearest
6,relocate,0.6777461472134695,909.0094615203077,909.0094615203077,0.0,False,0,True,0.09080529200218734,0.3763400840034592,"{'instance': 'synthetic_evrptw_n100_seed20360818_tight_tw', 'scale': 100, 'seed': 20360818, 'source': 'nearest'}",,tight_tw,E_adaptive_portfolio,synthetic_evrptw_n100_seed20360818_tight_tw,20360818,nearest
7,two_opt,0.6973039636158208,909.0094615203077,909.0094615203077,0.0,False,0,True,0.009068250001291744,0.38540833400475094,"{'instance': 'synthetic_evrptw_n100_seed20360818_tight_tw', 'scale': 100, 'seed': 20360818, 'source': 'nearest'}",,tight_tw,E_adaptive_portfolio,synthetic_evrptw_n100_seed20360818_tight_tw,20360818,nearest
8,swap,0.7161471309478717,909.0094615203077,909.0094615203077,0.0,False,0,True,0.042689124999014894,0.42809745900376583,"{'instance': 'synthetic_evrptw_n100_seed20360818_tight_tw', 'scale': 100, 'seed': 20360818, 'source': 'nearest'}",,tight_tw,E_adaptive_portfolio,synthetic_evrptw_n100_seed20360818_tight_tw,20360818,nearest
9,relocate,0.6091924060262902,909.0094615203077,909.0094615203077,0.0,False,0,True,0.09057791699888185,0.5186753760026477,"{'instance': 'synthetic_evrptw_n100_seed20360818_tight_tw', 'scale': 100, 'seed': 20360818, 'source': 'nearest'}",patience,tight_tw,E_adaptive_portfolio,synthetic_evrptw_n100_seed20360818_tight_tw,20360818,nearest
0,two_opt,,1233.3641351054068,1233.3641351054068,0.0,False,0,True,0.009700875001726672,0.009700875001726672,"{'instance': 'synthetic_evrptw_n100_seed20360818_tight_tw', 'scale': 100, 'seed': 20360818, 'source': 'composite'}",,tight_tw,E_adaptive_portfolio,synthetic_evrptw_n100_seed20360818_tight_tw,20360818,composite
1,relocate,,1233.3641351054068,1133.570557029823,0.0809116912314425,True,27,True,0.08044325000082608,0.09014412500255276,"{'instance': 'synthetic_evrptw_n100_seed20360818_tight_tw', 'scale': 100, 'seed': 20360818, 'source': 'composite'}",,tight_tw,E_adaptive_portfolio,synthetic_evrptw_n100_seed20360818_tight_tw,20360818,composite
2,swap,,1133.570557029823,1108.3396005453315,0.022257949739451263,True,7,True,0.04828350000025239,0.13842762500280514,"{'instance': 'synthetic_evrptw_n100_seed20360818_tight_tw', 'scale': 100, 'seed': 20360818, 'source': 'composite'}",,tight_tw,E_adaptive_portfolio,synthetic_evrptw_n100_seed20360818_tight_tw,20360818,composite
3,relocate,0.814614643009186,1108.3396005453315,1079.2689542566013,0.02622900623096624,True,21,True,0.07857304199933424,0.21700066700213938,"{'instance': 'synthetic_evrptw_n100_seed20360818_tight_tw', 'scale': 100, 'seed': 20360818, 'source': 'composite'}",,tight_tw,E_adaptive_portfolio,synthetic_evrptw_n100_seed20360818_tight_tw,20360818,composite
4,swap,0.8464449655002835,1079.2689542566013,1065.8735196952925,0.012411581476959586,True,5,True,0.052944458002457395,0.2699451250045968,"{'instance': 'synthetic_evrptw_n100_seed20360818_tight_tw', 'scale': 100, 'seed': 20360818, 'source': 'composite'}",,tight_tw,E_adaptive_portfolio,synthetic_evrptw_n100_seed20360818_tight_tw,20360818,composite
5,two_opt,0.8880453688256637,1065.8735196952925,1061.17449106072,0.004408617483916835,True,5,True,0.011423624997405568,0.28136875000200234,"{'instance': 'synthetic_evrptw_n100_seed20360818_tight_tw', 'scale': 100, 'seed': 20360818, 'source': 'composite'}",,tight_tw,E_adaptive_portfolio,synthetic_evrptw_n100_seed20360818_tight_tw,20360818,composite
6,relocate,0.7161268142199002,1061.17449106072,1036.747748534842,0.023018591882529724,True,15,True,0.07998629199937568,0.361355042001378,"{'instance': 'synthetic_evrptw_n100_seed20360818_tight_tw', 'scale': 100, 'seed': 20360818, 'source': 'composite'}",,tight_tw,E_adaptive_portfolio,synthetic_evrptw_n100_seed20360818_tight_tw,20360818,composite
7,swap,0.7078041613952684,1036.747748534842,1025.0690923317788,0.011264703704028031,True,5,True,0.05318858299870044,0.41454362500007846,"{'instance': 'synthetic_evrptw_n100_seed20360818_tight_tw', 'scale': 100, 'seed': 20360818, 'source': 'composite'}",,tight_tw,E_adaptive_portfolio,synthetic_evrptw_n100_seed20360818_tight_tw,20360818,composite
8,two_opt,0.7159712018601246,1025.0690923317788,1022.8004917497884,0.002213119680381662,True,4,True,0.01061775000198395,0.4251613750020624,"{'instance': 'synthetic_evrptw_n100_seed20360818_tight_tw', 'scale': 100, 'seed': 20360818, 'source': 'composite'}",,tight_tw,E_adaptive_portfolio,synthetic_evrptw_n100_seed20360818_tight_tw,20360818,composite
9,relocate,0.6424523813247539,1022.8004917497884,1012.8706485506931,0.009708484967686646,True,4,True,0.08756899999934831,0.5127303750014107,"{'instance': 'synthetic_evrptw_n100_seed20360818_tight_tw', 'scale': 100, 'seed': 20360818, 'source': 'composite'}",,tight_tw,E_adaptive_portfolio,synthetic_evrptw_n100_seed20360818_tight_tw,20360818,composite
10,swap,0.6285722847784551,1012.8706485506931,1003.8785257709558,0.008877858976962218,True,2,True,0.05431029099781881,0.5670406659992295,"{'instance': 'synthetic_evrptw_n100_seed20360818_tight_tw', 'scale': 100, 'seed': 20360818, 'source': 'composite'}",,tight_tw,E_adaptive_portfolio,synthetic_evrptw_n100_seed20360818_tight_tw,20360818,composite
11,two_opt,0.6280316842746109,1003.8785257709558,1003.8785257709558,0.0,False,0,True,0.0076056249999965075,0.574646290999226,"{'instance': 'synthetic_evrptw_n100_seed20360818_tight_tw', 'scale': 100, 'seed': 20360818, 'source': 'composite'}",budget,tight_tw,E_adaptive_portfolio,synthetic_evrptw_n100_seed20360818_tight_tw,20360818,composite
0,two_opt,,1017.8279265490725,1017.8279265490725,0.0,False,0,True,0.008639499999844702,0.008639499999844702,"{'instance': 'synthetic_evrptw_n100_seed20360819_tight_tw', 'scale': 100, 'seed': 20360819, 'source': 'nearest'}",,tight_tw,E_adaptive_portfolio,synthetic_evrptw_n100_seed20360819_tight_tw,20360819,nearest
1,relocate,,1017.8279265490725,995.9665498654114,0.02147846027155268,True,12,True,0.08581387500089477,0.09445337500073947,"{'instance': 'synthetic_evrptw_n100_seed20360819_tight_tw', 'scale': 100, 'seed': 20360819, 'source': 'nearest'}",,tight_tw,E_adaptive_portfolio,synthetic_evrptw_n100_seed20360819_tight_tw,20360819,nearest
2,swap,,995.9665498654114,984.3902002073917,0.011623231382202594,True,3,True,0.046780541000771336,0.1412339160015108,"{'instance': 'synthetic_evrptw_n100_seed20360819_tight_tw', 'scale': 100, 'seed': 20360819, 'source': 'nearest'}",,tight_tw,E_adaptive_portfolio,synthetic_evrptw_n100_seed20360819_tight_tw,20360819,nearest
3,relocate,0.7551814120492961,984.3902002073917,982.0954811946216,0.0023311071283385752,True,4,True,0.08352154200110817,0.22475545800261898,"{'instance': 'synthetic_evrptw_n100_seed20360819_tight_tw', 'scale': 100, 'seed': 20360819, 'source': 'nearest'}",,tight_tw,E_adaptive_portfolio,synthetic_evrptw_n100_seed20360819_tight_tw,20360819,nearest
4,swap,0.8358102471430348,982.0954811946216,980.2098431987126,0.0019200149394998332,True,2,True,0.04510866700002225,0.26986412500264123,"{'instance': 'synthetic_evrptw_n100_seed20360819_tight_tw', 'scale': 100, 'seed': 20360819, 'source': 'nearest'}",,tight_tw,E_adaptive_portfolio,synthetic_evrptw_n100_seed20360819_tight_tw,20360819,nearest
5,two_opt,0.8880453688256637,980.2098431987126,980.2098431987126,0.0,False,0,True,0.007518957998399856,0.2773830830010411,"{'instance': 'synthetic_evrptw_n100_seed20360819_tight_tw', 'scale': 100, 'seed': 20360819, 'source': 'nearest'}",,tight_tw,E_adaptive_portfolio,synthetic_evrptw_n100_seed20360819_tight_tw,20360819,nearest
6,relocate,0.6744612491886415,980.2098431987126,978.9797361773068,0.0012549425308683315,True,3,True,0.13808329200037406,0.41546637500141514,"{'instance': 'synthetic_evrptw_n100_seed20360819_tight_tw', 'scale': 100, 'seed': 20360819, 'source': 'nearest'}",,tight_tw,E_adaptive_portfolio,synthetic_evrptw_n100_seed20360819_tight_tw,20360819,nearest
7,swap,0.6972410189479141,978.9797361773068,978.9797361773068,0.0,False,0,True,0.06418429100085632,0.47965066600227146,"{'instance': 'synthetic_evrptw_n100_seed20360819_tight_tw', 'scale': 100, 'seed': 20360819, 'source': 'nearest'}",,tight_tw,E_adaptive_portfolio,synthetic_evrptw_n100_seed20360819_tight_tw,20360819,nearest
8,two_opt,0.7137668931181662,978.9797361773068,978.9797361773068,0.0,False,0,True,0.011245332996622892,0.49089599899889436,"{'instance': 'synthetic_evrptw_n100_seed20360819_tight_tw', 'scale': 100, 'seed': 20360819, 'source': 'nearest'}",,tight_tw,E_adaptive_portfolio,synthetic_evrptw_n100_seed20360819_tight_tw,20360819,nearest
9,relocate,0.6074207881866942,978.9797361773068,977.5560550018046,0.0014542498918939586,True,3,True,0.10332162499980768,0.594217623998702,"{'instance': 'synthetic_evrptw_n100_seed20360819_tight_tw', 'scale': 100, 'seed': 20360819, 'source': 'nearest'}",,tight_tw,E_adaptive_portfolio,synthetic_evrptw_n100_seed20360819_tight_tw,20360819,nearest
10,swap,0.6177752885788763,977.5560550018046,977.5560550018046,0.0,False,0,True,0.06728883300093003,0.6615064569996321,"{'instance': 'synthetic_evrptw_n100_seed20360819_tight_tw', 'scale': 100, 'seed': 20360819, 'source': 'nearest'}",,tight_tw,E_adaptive_portfolio,synthetic_evrptw_n100_seed20360819_tight_tw,20360819,nearest
11,two_opt,0.625824438553178,977.5560550018046,977.5560550018046,0.0,False,0,True,0.009137332999671344,0.6706437899993034,"{'instance': 'synthetic_evrptw_n100_seed20360819_tight_tw', 'scale': 100, 'seed': 20360819, 'source': 'nearest'}",budget,tight_tw,E_adaptive_portfolio,synthetic_evrptw_n100_seed20360819_tight_tw,20360819,nearest
0,two_opt,,1144.7004414255687,1144.7004414255687,0.0,False,0,True,0.00839612499839859,0.00839612499839859,"{'instance': 'synthetic_evrptw_n100_seed20360819_tight_tw', 'scale': 100, 'seed': 20360819, 'source': 'composite'}",,tight_tw,E_adaptive_portfolio,synthetic_evrptw_n100_seed20360819_tight_tw,20360819,composite
1,relocate,,1144.7004414255687,1094.7782063608402,0.04361161510740501,True,25,True,0.07230941700254334,0.08070554200094193,"{'instance': 'synthetic_evrptw_n100_seed20360819_tight_tw', 'scale': 100, 'seed': 20360819, 'source': 'composite'}",,tight_tw,E_adaptive_portfolio,synthetic_evrptw_n100_seed20360819_tight_tw,20360819,composite
2,swap,,1094.7782063608402,1051.7692038034577,0.03928558525141727,True,11,True,0.04255195799851208,0.12325749999945401,"{'instance': 'synthetic_evrptw_n100_seed20360819_tight_tw', 'scale': 100, 'seed': 20360819, 'source': 'composite'}",,tight_tw,E_adaptive_portfolio,synthetic_evrptw_n100_seed20360819_tight_tw,20360819,composite
3,relocate,0.7773145668851484,1051.7692038034577,1028.8253897793966,0.021814494987199284,True,13,True,0.0788890830008313,0.20214658300028532,"{'instance': 'synthetic_evrptw_n100_seed20360819_tight_tw', 'scale': 100, 'seed': 20360819, 'source': 'composite'}",,tight_tw,E_adaptive_portfolio,synthetic_evrptw_n100_seed20360819_tight_tw,20360819,composite
4,swap,0.8634726010122494,1028.8253897793966,1020.546879038148,0.008046565358407148,True,4,True,0.046695958997588605,0.24884254199787392,"{'instance': 'synthetic_evrptw_n100_seed20360819_tight_tw', 'scale': 100, 'seed': 20360819, 'source': 'composite'}",,tight_tw,E_adaptive_portfolio,synthetic_evrptw_n100_seed20360819_tight_tw,20360819,composite
5,two_opt,0.8880453688256637,1020.546879038148,1013.3542592977747,0.007047809256104176,True,5,True,0.011123042000690475,0.2599655839985644,"{'instance': 'synthetic_evrptw_n100_seed20360819_tight_tw', 'scale': 100, 'seed': 20360819, 'source': 'composite'}",,tight_tw,E_adaptive_portfolio,synthetic_evrptw_n100_seed20360819_tight_tw,20360819,composite
6,relocate,0.695269520535998,1013.3542592977747,991.9904403142575,0.021082280739927673,True,13,True,0.077809458001866,0.3377750420004304,"{'instance': 'synthetic_evrptw_n100_seed20360819_tight_tw', 'scale': 100, 'seed': 20360819, 'source': 'composite'}",,tight_tw,E_adaptive_portfolio,synthetic_evrptw_n100_seed20360819_tight_tw,20360819,composite
7,swap,0.7141354710919751,991.9904403142575,990.4444351309851,0.0015584879858143198,True,1,True,0.044867375003377674,0.3826424170038081,"{'instance': 'synthetic_evrptw_n100_seed20360819_tight_tw', 'scale': 100, 'seed': 20360819, 'source': 'composite'}",,tight_tw,E_adaptive_portfolio,synthetic_evrptw_n100_seed20360819_tight_tw,20360819,composite
8,two_opt,0.7172907977462183,990.4444351309851,990.4136552138659,3.107687420656892e-05,True,1,True,0.008108624999294989,0.39075104200310307,"{'instance': 'synthetic_evrptw_n100_seed20360819_tight_tw', 'scale': 100, 'seed': 20360819, 'source': 'composite'}",,tight_tw,E_adaptive_portfolio,synthetic_evrptw_n100_seed20360819_tight_tw,20360819,composite
9,relocate,0.627902081821285,990.4136552138659,988.2382964129415,0.002196414386526886,True,7,True,0.08360966699910932,0.4743607090022124,"{'instance': 'synthetic_evrptw_n100_seed20360819_tight_tw', 'scale': 100, 'seed': 20360819, 'source': 'composite'}",,tight_tw,E_adaptive_portfolio,synthetic_evrptw_n100_seed20360819_tight_tw,20360819,composite
10,swap,0.6295577526701883,988.2382964129415,988.2382964129415,0.0,False,0,True,0.04767583300053957,0.522036542002752,"{'instance': 'synthetic_evrptw_n100_seed20360819_tight_tw', 'scale': 100, 'seed': 20360819, 'source': 'composite'}",,tight_tw,E_adaptive_portfolio,synthetic_evrptw_n100_seed20360819_tight_tw,20360819,composite
11,two_opt,0.6281840672632816,988.2382964129415,987.2302129264871,0.0010200813812959184,True,1,True,0.008761459001107141,0.5307980010038591,"{'instance': 'synthetic_evrptw_n100_seed20360819_tight_tw', 'scale': 100, 'seed': 20360819, 'source': 'composite'}",budget,tight_tw,E_adaptive_portfolio,synthetic_evrptw_n100_seed20360819_tight_tw,20360819,composite
0,two_opt,,1026.5507278929977,1026.5507278929977,0.0,False,0,True,0.009246500001609093,0.009246500001609093,"{'instance': 'synthetic_evrptw_n100_seed20360820_tight_tw', 'scale': 100, 'seed': 20360820, 'source': 'nearest'}",,tight_tw,E_adaptive_portfolio,synthetic_evrptw_n100_seed20360820_tight_tw,20360820,nearest
1,relocate,,1026.5507278929977,1002.518718380184,0.02341044515368419,True,15,True,0.08791924999968614,0.09716575000129524,"{'instance': 'synthetic_evrptw_n100_seed20360820_tight_tw', 'scale': 100, 'seed': 20360820, 'source': 'nearest'}",,tight_tw,E_adaptive_portfolio,synthetic_evrptw_n100_seed20360820_tight_tw,20360820,nearest
2,swap,,1002.518718380184,993.4325479012051,0.009063342471709545,True,4,True,0.06911362499886309,0.16627937500015832,"{'instance': 'synthetic_evrptw_n100_seed20360820_tight_tw', 'scale': 100, 'seed': 20360820, 'source': 'nearest'}",,tight_tw,E_adaptive_portfolio,synthetic_evrptw_n100_seed20360820_tight_tw,20360820,nearest
3,relocate,0.7571133969314277,993.4325479012051,978.7835965420302,0.014745793652647405,True,13,True,0.08666412500315346,0.2529435000033118,"{'instance': 'synthetic_evrptw_n100_seed20360820_tight_tw', 'scale': 100, 'seed': 20360820, 'source': 'nearest'}",,tight_tw,E_adaptive_portfolio,synthetic_evrptw_n100_seed20360820_tight_tw,20360820,nearest
4,swap,0.8332503582325418,978.7835965420302,961.2237477420598,0.017940481289232906,True,4,True,0.05336458300007507,0.30630808300338686,"{'instance': 'synthetic_evrptw_n100_seed20360820_tight_tw', 'scale': 100, 'seed': 20360820, 'source': 'nearest'}",,tight_tw,E_adaptive_portfolio,synthetic_evrptw_n100_seed20360820_tight_tw,20360820,nearest
5,two_opt,0.8880453688256637,961.2237477420598,959.5903620461338,0.0016992773012140631,True,2,True,0.011422208001022227,0.3177302910044091,"{'instance': 'synthetic_evrptw_n100_seed20360820_tight_tw', 'scale': 100, 'seed': 20360820, 'source': 'nearest'}",,tight_tw,E_adaptive_portfolio,synthetic_evrptw_n100_seed20360820_tight_tw,20360820,nearest
6,relocate,0.6816345848918617,959.5903620461338,944.457205627096,0.01577043394513616,True,9,True,0.08692716599762207,0.40465745700203115,"{'instance': 'synthetic_evrptw_n100_seed20360820_tight_tw', 'scale': 100, 'seed': 20360820, 'source': 'nearest'}",,tight_tw,E_adaptive_portfolio,synthetic_evrptw_n100_seed20360820_tight_tw,20360820,nearest
7,swap,0.7039713076675341,944.457205627096,933.624581681006,0.011469682142874167,True,6,True,0.05051704099969356,0.4551744980017247,"{'instance': 'synthetic_evrptw_n100_seed20360820_tight_tw', 'scale': 100, 'seed': 20360820, 'source': 'nearest'}",,tight_tw,E_adaptive_portfolio,synthetic_evrptw_n100_seed20360820_tight_tw,20360820,nearest
8,two_opt,0.7146165317687733,933.624581681006,933.1386106005062,0.000520520871060166,True,1,True,0.008510416999342851,0.46368491500106757,"{'instance': 'synthetic_evrptw_n100_seed20360820_tight_tw', 'scale': 100, 'seed': 20360820, 'source': 'nearest'}",,tight_tw,E_adaptive_portfolio,synthetic_evrptw_n100_seed20360820_tight_tw,20360820,nearest
9,relocate,0.6170415091269303,933.1386106005062,930.9350430981041,0.0023614578556385053,True,4,True,0.09174616699965554,0.5554310820007231,"{'instance': 'synthetic_evrptw_n100_seed20360820_tight_tw', 'scale': 100, 'seed': 20360820, 'source': 'nearest'}",,tight_tw,E_adaptive_portfolio,synthetic_evrptw_n100_seed20360820_tight_tw,20360820,nearest
10,swap,0.6260853751062476,930.9350430981041,930.9350430981041,0.0,False,0,True,0.049521166998601984,0.6049522489993251,"{'instance': 'synthetic_evrptw_n100_seed20360820_tight_tw', 'scale': 100, 'seed': 20360820, 'source': 'nearest'}",,tight_tw,E_adaptive_portfolio,synthetic_evrptw_n100_seed20360820_tight_tw,20360820,nearest
11,two_opt,0.6265643712772695,930.9350430981041,930.9350430981041,0.0,False,0,True,0.007302750000235392,0.6122549989995605,"{'instance': 'synthetic_evrptw_n100_seed20360820_tight_tw', 'scale': 100, 'seed': 20360820, 'source': 'nearest'}",budget,tight_tw,E_adaptive_portfolio,synthetic_evrptw_n100_seed20360820_tight_tw,20360820,nearest
0,two_opt,,1231.4644616481312,1231.4644616481312,0.0,False,0,True,0.008887416999641573,0.008887416999641573,"{'instance': 'synthetic_evrptw_n100_seed20360820_tight_tw', 'scale': 100, 'seed': 20360820, 'source': 'composite'}",,tight_tw,E_adaptive_portfolio,synthetic_evrptw_n100_seed20360820_tight_tw,20360820,composite
1,relocate,,1231.4644616481312,1174.1701767651116,0.0465253254700828,True,24,True,0.07617433299674303,0.0850617499963846,"{'instance': 'synthetic_evrptw_n100_seed20360820_tight_tw', 'scale': 100, 'seed': 20360820, 'source': 'composite'}",,tight_tw,E_adaptive_portfolio,synthetic_evrptw_n100_seed20360820_tight_tw,20360820,composite
2,swap,,1174.1701767651116,1146.4030291533709,0.023648316199139357,True,11,True,0.044597666998015484,0.1296594169944001,"{'instance': 'synthetic_evrptw_n100_seed20360820_tight_tw', 'scale': 100, 'seed': 20360820, 'source': 'composite'}",,tight_tw,E_adaptive_portfolio,synthetic_evrptw_n100_seed20360820_tight_tw,20360820,composite
3,relocate,0.7802282772478263,1146.4030291533709,1122.7503660195398,0.020632066151551248,True,11,True,0.08063591600148357,0.21029533299588365,"{'instance': 'synthetic_evrptw_n100_seed20360820_tight_tw', 'scale': 100, 'seed': 20360820, 'source': 'composite'}",,tight_tw,E_adaptive_portfolio,synthetic_evrptw_n100_seed20360820_tight_tw,20360820,composite
4,swap,0.8478353319599715,1122.7503660195398,1072.262340702666,0.044968166428542566,True,12,True,0.04851499999858788,0.25881033299447154,"{'instance': 'synthetic_evrptw_n100_seed20360820_tight_tw', 'scale': 100, 'seed': 20360820, 'source': 'composite'}",,tight_tw,E_adaptive_portfolio,synthetic_evrptw_n100_seed20360820_tight_tw,20360820,composite
5,two_opt,0.8880453688256637,1072.262340702666,1065.1291965419546,0.0066524244020703446,True,6,True,0.010045167000498623,0.26885549999497016,"{'instance': 'synthetic_evrptw_n100_seed20360820_tight_tw', 'scale': 100, 'seed': 20360820, 'source': 'composite'}",,tight_tw,E_adaptive_portfolio,synthetic_evrptw_n100_seed20360820_tight_tw,20360820,composite
6,swap,0.6968647068025368,1065.1291965419546,1064.880386405155,0.0002335962037351282,True,1,True,0.048078833999170456,0.3169343339941406,"{'instance': 'synthetic_evrptw_n100_seed20360820_tight_tw', 'scale': 100, 'seed': 20360820, 'source': 'composite'}",,tight_tw,E_adaptive_portfolio,synthetic_evrptw_n100_seed20360820_tight_tw,20360820,composite
7,relocate,0.72404809159788,1064.880386405155,1046.7082414994675,0.017064963481047243,True,8,True,0.08556450000105542,0.40249883399519604,"{'instance': 'synthetic_evrptw_n100_seed20360820_tight_tw', 'scale': 100, 'seed': 20360820, 'source': 'composite'}",,tight_tw,E_adaptive_portfolio,synthetic_evrptw_n100_seed20360820_tight_tw,20360820,composite
8,two_opt,0.7170931053192013,1046.7082414994675,1033.2779685054184,0.012830961352525046,True,7,True,0.010163000002648914,0.41266183399784495,"{'instance': 'synthetic_evrptw_n100_seed20360820_tight_tw', 'scale': 100, 'seed': 20360820, 'source': 'composite'}",,tight_tw,E_adaptive_portfolio,synthetic_evrptw_n100_seed20360820_tight_tw,20360820,composite
9,relocate,0.6271400699106682,1033.2779685054184,1019.7802563891336,0.013063001948844908,True,4,True,0.08207941699947696,0.4947412509973219,"{'instance': 'synthetic_evrptw_n100_seed20360820_tight_tw', 'scale': 100, 'seed': 20360820, 'source': 'composite'}",,tight_tw,E_adaptive_portfolio,synthetic_evrptw_n100_seed20360820_tight_tw,20360820,composite
10,swap,0.6362108994154478,1019.7802563891336,1018.810609341681,0.0009508392042084708,True,1,True,0.05044541700044647,0.5451866679977684,"{'instance': 'synthetic_evrptw_n100_seed20360820_tight_tw', 'scale': 100, 'seed': 20360820, 'source': 'composite'}",,tight_tw,E_adaptive_portfolio,synthetic_evrptw_n100_seed20360820_tight_tw,20360820,composite
11,two_opt,0.6323189004713765,1018.810609341681,1012.807956747082,0.005891823798809573,True,6,True,0.009145374999206979,0.5543320429969754,"{'instance': 'synthetic_evrptw_n100_seed20360820_tight_tw', 'scale': 100, 'seed': 20360820, 'source': 'composite'}",budget,tight_tw,E_adaptive_portfolio,synthetic_evrptw_n100_seed20360820_tight_tw,20360820,composite
0,two_opt,,1179.3075466889538,1179.3075466889538,0.0,False,0,True,0.008562082999560516,0.008562082999560516,"{'instance': 'synthetic_evrptw_n100_seed20360821_tight_tw', 'scale': 100, 'seed': 20360821, 'source': 'nearest'}",,tight_tw,E_adaptive_portfolio,synthetic_evrptw_n100_seed20360821_tight_tw,20360821,nearest
1,relocate,,1179.3075466889538,1117.6719007496822,0.05226426822445174,True,26,True,0.07520250000015949,0.08376458299972,"{'instance': 'synthetic_evrptw_n100_seed20360821_tight_tw', 'scale': 100, 'seed': 20360821, 'source': 'nearest'}",,tight_tw,E_adaptive_portfolio,synthetic_evrptw_n100_seed20360821_tight_tw,20360821,nearest
2,swap,,1117.6719007496822,1089.3986050819515,0.02529659701453202,True,7,True,0.044912749999639345,0.12867733299935935,"{'instance': 'synthetic_evrptw_n100_seed20360821_tight_tw', 'scale': 100, 'seed': 20360821, 'source': 'nearest'}",,tight_tw,E_adaptive_portfolio,synthetic_evrptw_n100_seed20360821_tight_tw,20360821,nearest
3,relocate,0.7859672200021952,1089.3986050819515,1065.2661844551876,0.02215205757946465,True,12,True,0.07833966600082931,0.20701699900018866,"{'instance': 'synthetic_evrptw_n100_seed20360821_tight_tw', 'scale': 100, 'seed': 20360821, 'source': 'nearest'}",,tight_tw,E_adaptive_portfolio,synthetic_evrptw_n100_seed20360821_tight_tw,20360821,nearest
4,swap,0.8494836127753642,1065.2661844551876,1048.143774698969,0.01607336270133788,True,6,True,0.047520000000076834,0.2545369990002655,"{'instance': 'synthetic_evrptw_n100_seed20360821_tight_tw', 'scale': 100, 'seed': 20360821, 'source': 'nearest'}",,tight_tw,E_adaptive_portfolio,synthetic_evrptw_n100_seed20360821_tight_tw,20360821,nearest
5,two_opt,0.8880453688256637,1048.143774698969,1041.4946858477304,0.006343680143640956,True,2,True,0.008603458001744002,0.2631404570020095,"{'instance': 'synthetic_evrptw_n100_seed20360821_tight_tw', 'scale': 100, 'seed': 20360821, 'source': 'nearest'}",,tight_tw,E_adaptive_portfolio,synthetic_evrptw_n100_seed20360821_tight_tw,20360821,nearest
6,relocate,0.699764628390654,1041.4946858477304,1035.2944412983227,0.00595321765310876,True,6,True,0.08751499999925727,0.35065545700126677,"{'instance': 'synthetic_evrptw_n100_seed20360821_tight_tw', 'scale': 100, 'seed': 20360821, 'source': 'nearest'}",,tight_tw,E_adaptive_portfolio,synthetic_evrptw_n100_seed20360821_tight_tw,20360821,nearest
7,swap,0.7111543756449978,1035.2944412983227,1034.5433446576712,0.0007254908465552261,True,1,True,0.04795508399911341,0.3986105410003802,"{'instance': 'synthetic_evrptw_n100_seed20360821_tight_tw', 'scale': 100, 'seed': 20360821, 'source': 'nearest'}",,tight_tw,E_adaptive_portfolio,synthetic_evrptw_n100_seed20360821_tight_tw,20360821,nearest
8,two_opt,0.7169387331899867,1034.5433446576712,1034.5433446576712,0.0,False,0,True,0.006979916997806868,0.40559045799818705,"{'instance': 'synthetic_evrptw_n100_seed20360821_tight_tw', 'scale': 100, 'seed': 20360821, 'source': 'nearest'}",,tight_tw,E_adaptive_portfolio,synthetic_evrptw_n100_seed20360821_tight_tw,20360821,nearest
9,relocate,0.6258557993621161,1034.5433446576712,1030.5277278532644,0.0038815355829634954,True,1,True,0.08595758299998124,0.4915480409981683,"{'instance': 'synthetic_evrptw_n100_seed20360821_tight_tw', 'scale': 100, 'seed': 20360821, 'source': 'nearest'}",,tight_tw,E_adaptive_portfolio,synthetic_evrptw_n100_seed20360821_tight_tw,20360821,nearest
10,swap,0.6272926899924505,1030.5277278532644,1030.5277278532644,0.0,False,0,True,0.04688279100082582,0.5384308319989941,"{'instance': 'synthetic_evrptw_n100_seed20360821_tight_tw', 'scale': 100, 'seed': 20360821, 'source': 'nearest'}",,tight_tw,E_adaptive_portfolio,synthetic_evrptw_n100_seed20360821_tight_tw,20360821,nearest
11,two_opt,0.6279389986010584,1030.5277278532644,1030.5277278532644,0.0,False,0,True,0.0068793329992331564,0.5453101649982273,"{'instance': 'synthetic_evrptw_n100_seed20360821_tight_tw', 'scale': 100, 'seed': 20360821, 'source': 'nearest'}",budget,tight_tw,E_adaptive_portfolio,synthetic_evrptw_n100_seed20360821_tight_tw,20360821,nearest
0,two_opt,,1285.4655834503878,1285.4655834503878,0.0,False,0,True,0.007804500000929693,0.007804500000929693,"{'instance': 'synthetic_evrptw_n100_seed20360821_tight_tw', 'scale': 100, 'seed': 20360821, 'source': 'composite'}",,tight_tw,E_adaptive_portfolio,synthetic_evrptw_n100_seed20360821_tight_tw,20360821,composite
1,relocate,,1285.4655834503878,1210.307352413105,0.058467711625189156,True,26,True,0.07543258399891783,0.08323708399984753,"{'instance': 'synthetic_evrptw_n100_seed20360821_tight_tw', 'scale': 100, 'seed': 20360821, 'source': 'composite'}",,tight_tw,E_adaptive_portfolio,synthetic_evrptw_n100_seed20360821_tight_tw,20360821,composite
2,swap,,1210.307352413105,1203.099119149158,0.005955704763401859,True,4,True,0.04130458399959025,0.12454166799943778,"{'instance': 'synthetic_evrptw_n100_seed20360821_tight_tw', 'scale': 100, 'seed': 20360821, 'source': 'composite'}",,tight_tw,E_adaptive_portfolio,synthetic_evrptw_n100_seed20360821_tight_tw,20360821,composite
3,relocate,0.7921706634029326,1203.099119149158,1153.0902804424572,0.04156668217167963,True,18,True,0.07587833299839986,0.20042000099783763,"{'instance': 'synthetic_evrptw_n100_seed20360821_tight_tw', 'scale': 100, 'seed': 20360821, 'source': 'composite'}",,tight_tw,E_adaptive_portfolio,synthetic_evrptw_n100_seed20360821_tight_tw,20360821,composite
4,swap,0.8301427205242341,1153.0902804424572,1150.711101837549,0.002063306442922511,True,2,True,0.04577341699769022,0.24619341799552785,"{'instance': 'synthetic_evrptw_n100_seed20360821_tight_tw', 'scale': 100, 'seed': 20360821, 'source': 'composite'}",,tight_tw,E_adaptive_portfolio,synthetic_evrptw_n100_seed20360821_tight_tw,20360821,composite
5,two_opt,0.8880453688256637,1150.711101837549,1131.2073613753594,0.016949293728933758,True,4,True,0.010569874997599982,0.25676329299312783,"{'instance': 'synthetic_evrptw_n100_seed20360821_tight_tw', 'scale': 100, 'seed': 20360821, 'source': 'composite'}",,tight_tw,E_adaptive_portfolio,synthetic_evrptw_n100_seed20360821_tight_tw,20360821,composite
6,relocate,0.7125736623871303,1131.2073613753594,1102.442557534004,0.025428409346967284,True,7,True,0.08329075000074226,0.3400540429938701,"{'instance': 'synthetic_evrptw_n100_seed20360821_tight_tw', 'scale': 100, 'seed': 20360821, 'source': 'composite'}",,tight_tw,E_adaptive_portfolio,synthetic_evrptw_n100_seed20360821_tight_tw,20360821,composite
7,two_opt,0.6989440426515298,1102.442557534004,1102.261839142023,0.0001639254496716429,True,1,True,0.007555249998404179,0.3476092929922743,"{'instance': 'synthetic_evrptw_n100_seed20360821_tight_tw', 'scale': 100, 'seed': 20360821, 'source': 'composite'}",,tight_tw,E_adaptive_portfolio,synthetic_evrptw_n100_seed20360821_tight_tw,20360821,composite
8,swap,0.7177763987213284,1102.261839142023,1100.3581104848,0.0017271110997591794,True,2,True,0.042944666998664616,0.3905539599909389,"{'instance': 'synthetic_evrptw_n100_seed20360821_tight_tw', 'scale': 100, 'seed': 20360821, 'source': 'composite'}",,tight_tw,E_adaptive_portfolio,synthetic_evrptw_n100_seed20360821_tight_tw,20360821,composite
9,relocate,0.6408868859243864,1100.3581104848,1091.102927208858,0.008411064714072162,True,6,True,0.08406824999838136,0.47462220998932025,"{'instance': 'synthetic_evrptw_n100_seed20360821_tight_tw', 'scale': 100, 'seed': 20360821, 'source': 'composite'}",,tight_tw,E_adaptive_portfolio,synthetic_evrptw_n100_seed20360821_tight_tw,20360821,composite
10,two_opt,0.6189652795311773,1091.102927208858,1091.102927208858,0.0,False,0,True,0.006844250001449836,0.4814664599907701,"{'instance': 'synthetic_evrptw_n100_seed20360821_tight_tw', 'scale': 100, 'seed': 20360821, 'source': 'composite'}",,tight_tw,E_adaptive_portfolio,synthetic_evrptw_n100_seed20360821_tight_tw,20360821,composite
11,swap,0.6290731459885393,1091.102927208858,1091.0123814866438,8.298550022766931e-05,True,1,True,0.04324579199965228,0.5247122519904224,"{'instance': 'synthetic_evrptw_n100_seed20360821_tight_tw', 'scale': 100, 'seed': 20360821, 'source': 'composite'}",budget,tight_tw,E_adaptive_portfolio,synthetic_evrptw_n100_seed20360821_tight_tw,20360821,composite
0,two_opt,,1145.968535189138,1145.968535189138,0.0,False,0,True,0.009535874996799976,0.009535874996799976,"{'instance': 'synthetic_evrptw_n100_seed20360822_tight_tw', 'scale': 100, 'seed': 20360822, 'source': 'nearest'}",,tight_tw,E_adaptive_portfolio,synthetic_evrptw_n100_seed20360822_tight_tw,20360822,nearest
1,relocate,,1145.968535189138,1065.7060644965381,0.07003898294585624,True,22,True,0.07784370799708995,0.08737958299388993,"{'instance': 'synthetic_evrptw_n100_seed20360822_tight_tw', 'scale': 100, 'seed': 20360822, 'source': 'nearest'}",,tight_tw,E_adaptive_portfolio,synthetic_evrptw_n100_seed20360822_tight_tw,20360822,nearest
2,swap,,1065.7060644965381,1037.268917802969,0.02668385555918118,True,12,True,0.04850716600049054,0.13588674899438047,"{'instance': 'synthetic_evrptw_n100_seed20360822_tight_tw', 'scale': 100, 'seed': 20360822, 'source': 'nearest'}",,tight_tw,E_adaptive_portfolio,synthetic_evrptw_n100_seed20360822_tight_tw,20360822,nearest
3,relocate,0.8037419347235997,1037.268917802969,1008.2750964614858,0.02795207765686734,True,19,True,0.08118470800036448,0.21707145699474495,"{'instance': 'synthetic_evrptw_n100_seed20360822_tight_tw', 'scale': 100, 'seed': 20360822, 'source': 'nearest'}",,tight_tw,E_adaptive_portfolio,synthetic_evrptw_n100_seed20360822_tight_tw,20360822,nearest
4,swap,0.8508708713200134,1008.2750964614858,991.1384079247294,0.016996044627995928,True,4,True,0.05368858300062129,0.27076003999536624,"{'instance': 'synthetic_evrptw_n100_seed20360822_tight_tw', 'scale': 100, 'seed': 20360822, 'source': 'nearest'}",,tight_tw,E_adaptive_portfolio,synthetic_evrptw_n100_seed20360822_tight_tw,20360822,nearest
5,two_opt,0.8880453688256637,991.1384079247294,976.6932798424659,0.014574279401107153,True,4,True,0.010846417000720976,0.2816064569960872,"{'instance': 'synthetic_evrptw_n100_seed20360822_tight_tw', 'scale': 100, 'seed': 20360822, 'source': 'nearest'}",,tight_tw,E_adaptive_portfolio,synthetic_evrptw_n100_seed20360822_tight_tw,20360822,nearest
6,relocate,0.7115519957900577,976.6932798424659,965.0012132603682,0.011971073031221798,True,11,True,0.07965929100100766,0.3612657479970949,"{'instance': 'synthetic_evrptw_n100_seed20360822_tight_tw', 'scale': 100, 'seed': 20360822, 'source': 'nearest'}",,tight_tw,E_adaptive_portfolio,synthetic_evrptw_n100_seed20360822_tight_tw,20360822,nearest
7,swap,0.7123093458806514,965.0012132603682,961.2708029355831,0.003865705320909897,True,3,True,0.0561476250004489,0.4174133729975438,"{'instance': 'synthetic_evrptw_n100_seed20360822_tight_tw', 'scale': 100, 'seed': 20360822, 'source': 'nearest'}",,tight_tw,E_adaptive_portfolio,synthetic_evrptw_n100_seed20360822_tight_tw,20360822,nearest
8,two_opt,0.7210540328187198,961.2708029355831,957.8498719592275,0.0035587588491282607,True,2,True,0.011212875000637723,0.4286262479981815,"{'instance': 'synthetic_evrptw_n100_seed20360822_tight_tw', 'scale': 100, 'seed': 20360822, 'source': 'nearest'}",,tight_tw,E_adaptive_portfolio,synthetic_evrptw_n100_seed20360822_tight_tw,20360822,nearest
9,relocate,0.6357199960877562,957.8498719592275,941.1797854343575,0.017403652715192428,True,4,True,0.09100616700015962,0.5196324149983411,"{'instance': 'synthetic_evrptw_n100_seed20360822_tight_tw', 'scale': 100, 'seed': 20360822, 'source': 'nearest'}",,tight_tw,E_adaptive_portfolio,synthetic_evrptw_n100_seed20360822_tight_tw,20360822,nearest
10,swap,0.6291094083076711,941.1797854343575,941.0020220540592,0.00018887292635196525,True,1,True,0.054896790999919176,0.5745292059982603,"{'instance': 'synthetic_evrptw_n100_seed20360822_tight_tw', 'scale': 100, 'seed': 20360822, 'source': 'nearest'}",,tight_tw,E_adaptive_portfolio,synthetic_evrptw_n100_seed20360822_tight_tw,20360822,nearest
11,two_opt,0.6318687846365898,941.0020220540592,940.9120498325383,9.561320742388736e-05,True,1,True,0.009415791999344947,0.5839449979976052,"{'instance': 'synthetic_evrptw_n100_seed20360822_tight_tw', 'scale': 100, 'seed': 20360822, 'source': 'nearest'}",budget,tight_tw,E_adaptive_portfolio,synthetic_evrptw_n100_seed20360822_tight_tw,20360822,nearest
0,two_opt,,1150.694211756744,1150.694211756744,0.0,False,0,True,0.009137790999375284,0.009137790999375284,"{'instance': 'synthetic_evrptw_n100_seed20360822_tight_tw', 'scale': 100, 'seed': 20360822, 'source': 'composite'}",,tight_tw,E_adaptive_portfolio,synthetic_evrptw_n100_seed20360822_tight_tw,20360822,composite
1,relocate,,1150.694211756744,1124.0354230608004,0.023167569996936022,True,18,True,0.08050383400041028,0.08964162499978556,"{'instance': 'synthetic_evrptw_n100_seed20360822_tight_tw', 'scale': 100, 'seed': 20360822, 'source': 'composite'}",,tight_tw,E_adaptive_portfolio,synthetic_evrptw_n100_seed20360822_tight_tw,20360822,composite
2,swap,,1124.0354230608004,1090.4341734997054,0.02989340804722801,True,8,True,0.03977433299951372,0.12941595799929928,"{'instance': 'synthetic_evrptw_n100_seed20360822_tight_tw', 'scale': 100, 'seed': 20360822, 'source': 'composite'}",,tight_tw,E_adaptive_portfolio,synthetic_evrptw_n100_seed20360822_tight_tw,20360822,composite
3,swap,0.7635963598249715,1090.4341734997054,1090.1234860580334,0.0002849208592525833,True,1,True,0.04223458300111815,0.17165054100041743,"{'instance': 'synthetic_evrptw_n100_seed20360822_tight_tw', 'scale': 100, 'seed': 20360822, 'source': 'composite'}",,tight_tw,E_adaptive_portfolio,synthetic_evrptw_n100_seed20360822_tight_tw,20360822,composite
4,relocate,0.8473545857577682,1090.1234860580334,1043.6982288084132,0.04258715443100614,True,15,True,0.08189245799803757,0.253542998998455,"{'instance': 'synthetic_evrptw_n100_seed20360822_tight_tw', 'scale': 100, 'seed': 20360822, 'source': 'composite'}",,tight_tw,E_adaptive_portfolio,synthetic_evrptw_n100_seed20360822_tight_tw,20360822,composite
5,two_opt,0.8880453688256637,1043.6982288084132,1035.8236094671702,0.007544919713271392,True,7,True,0.012069208998582326,0.26561220799703733,"{'instance': 'synthetic_evrptw_n100_seed20360822_tight_tw', 'scale': 100, 'seed': 20360822, 'source': 'composite'}",,tight_tw,E_adaptive_portfolio,synthetic_evrptw_n100_seed20360822_tight_tw,20360822,composite
6,relocate,0.6954338277026669,1035.8236094671702,1027.5671509166848,0.007970911721864031,True,7,True,0.08454016699761269,0.35015237499465,"{'instance': 'synthetic_evrptw_n100_seed20360822_tight_tw', 'scale': 100, 'seed': 20360822, 'source': 'composite'}",,tight_tw,E_adaptive_portfolio,synthetic_evrptw_n100_seed20360822_tight_tw,20360822,composite
7,swap,0.7055585602403032,1027.5671509166848,1015.7901665447126,0.011461036255845668,True,7,True,0.04762983399996301,0.39778220899461303,"{'instance': 'synthetic_evrptw_n100_seed20360822_tight_tw', 'scale': 100, 'seed': 20360822, 'source': 'composite'}",,tight_tw,E_adaptive_portfolio,synthetic_evrptw_n100_seed20360822_tight_tw,20360822,composite
8,two_opt,0.7175393529748019,1015.7901665447126,1015.7901665447126,0.0,False,0,True,0.007560582998848986,0.405342791993462,"{'instance': 'synthetic_evrptw_n100_seed20360822_tight_tw', 'scale': 100, 'seed': 20360822, 'source': 'composite'}",,tight_tw,E_adaptive_portfolio,synthetic_evrptw_n100_seed20360822_tight_tw,20360822,composite
9,relocate,0.6236411635930431,1015.7901665447126,1010.1833190608503,0.005519690649235616,True,5,True,0.09187520799969207,0.4972179999931541,"{'instance': 'synthetic_evrptw_n100_seed20360822_tight_tw', 'scale': 100, 'seed': 20360822, 'source': 'composite'}",,tight_tw,E_adaptive_portfolio,synthetic_evrptw_n100_seed20360822_tight_tw,20360822,composite
10,swap,0.6271406615257509,1010.1833190608503,1009.7996143496811,0.0003798367127324509,True,2,True,0.05118958299863152,0.5484075829917856,"{'instance': 'synthetic_evrptw_n100_seed20360822_tight_tw', 'scale': 100, 'seed': 20360822, 'source': 'composite'}",,tight_tw,E_adaptive_portfolio,synthetic_evrptw_n100_seed20360822_tight_tw,20360822,composite
11,two_opt,0.6283394117909352,1009.7996143496811,1009.7996143496811,0.0,False,0,True,0.007897709001554176,0.5563052919933398,"{'instance': 'synthetic_evrptw_n100_seed20360822_tight_tw', 'scale': 100, 'seed': 20360822, 'source': 'composite'}",budget,tight_tw,E_adaptive_portfolio,synthetic_evrptw_n100_seed20360822_tight_tw,20360822,composite
0,two_opt,,1172.1231141864048,1172.1231141864048,0.0,False,0,True,0.008520292001776397,0.008520292001776397,"{'instance': 'synthetic_evrptw_n100_seed20360823_tight_tw', 'scale': 100, 'seed': 20360823, 'source': 'nearest'}",,tight_tw,E_adaptive_portfolio,synthetic_evrptw_n100_seed20360823_tight_tw,20360823,nearest
1,relocate,,1172.1231141864048,1113.511902120828,0.05000431384399422,True,16,True,0.08036791700214962,0.08888820900392602,"{'instance': 'synthetic_evrptw_n100_seed20360823_tight_tw', 'scale': 100, 'seed': 20360823, 'source': 'nearest'}",,tight_tw,E_adaptive_portfolio,synthetic_evrptw_n100_seed20360823_tight_tw,20360823,nearest
2,swap,,1113.511902120828,1065.484942222739,0.04313107009149647,True,8,True,0.04512437500306987,0.1340125840069959,"{'instance': 'synthetic_evrptw_n100_seed20360823_tight_tw', 'scale': 100, 'seed': 20360823, 'source': 'nearest'}",,tight_tw,E_adaptive_portfolio,synthetic_evrptw_n100_seed20360823_tight_tw,20360823,nearest
3,relocate,0.7837072656217376,1065.484942222739,1045.0710937230906,0.01915920881721934,True,10,True,0.08553983299862011,0.219552417005616,"{'instance': 'synthetic_evrptw_n100_seed20360823_tight_tw', 'scale': 100, 'seed': 20360823, 'source': 'nearest'}",,tight_tw,E_adaptive_portfolio,synthetic_evrptw_n100_seed20360823_tight_tw,20360823,nearest
4,swap,0.8673180858523286,1045.0710937230906,1011.5194860466152,0.03210461745425093,True,7,True,0.04167595800026902,0.261228375005885,"{'instance': 'synthetic_evrptw_n100_seed20360823_tight_tw', 'scale': 100, 'seed': 20360823, 'source': 'nearest'}",,tight_tw,E_adaptive_portfolio,synthetic_evrptw_n100_seed20360823_tight_tw,20360823,nearest
5,two_opt,0.8880453688256637,1011.5194860466152,1008.4033649049472,0.0030806338233253907,True,4,True,0.011332833000778919,0.27256120800666395,"{'instance': 'synthetic_evrptw_n100_seed20360823_tight_tw', 'scale': 100, 'seed': 20360823, 'source': 'nearest'}",,tight_tw,E_adaptive_portfolio,synthetic_evrptw_n100_seed20360823_tight_tw,20360823,nearest
6,swap,0.7001743092615695,1008.4033649049472,1001.4066954991649,0.00693836380290324,True,2,True,0.04092700000182958,0.31348820800849353,"{'instance': 'synthetic_evrptw_n100_seed20360823_tight_tw', 'scale': 100, 'seed': 20360823, 'source': 'nearest'}",,tight_tw,E_adaptive_portfolio,synthetic_evrptw_n100_seed20360823_tight_tw,20360823,nearest
7,relocate,0.7250511571176697,1001.4066954991649,987.3175899153912,0.014069314342611655,True,6,True,0.07931554099923233,0.39280374900772586,"{'instance': 'synthetic_evrptw_n100_seed20360823_tight_tw', 'scale': 100, 'seed': 20360823, 'source': 'nearest'}",,tight_tw,E_adaptive_portfolio,synthetic_evrptw_n100_seed20360823_tight_tw,20360823,nearest
8,two_opt,0.7153072100298289,987.3175899153912,986.9737572775236,0.0003482492780230934,True,1,True,0.00912895800138358,0.40193270700910944,"{'instance': 'synthetic_evrptw_n100_seed20360823_tight_tw', 'scale': 100, 'seed': 20360823, 'source': 'nearest'}",,tight_tw,E_adaptive_portfolio,synthetic_evrptw_n100_seed20360823_tight_tw,20360823,nearest
9,relocate,0.6268102305443828,986.9737572775236,966.7651705174447,0.020475303027126506,True,4,True,0.0906774579998455,0.49261016500895494,"{'instance': 'synthetic_evrptw_n100_seed20360823_tight_tw', 'scale': 100, 'seed': 20360823, 'source': 'nearest'}",,tight_tw,E_adaptive_portfolio,synthetic_evrptw_n100_seed20360823_tight_tw,20360823,nearest
10,swap,0.640652223587859,966.7651705174447,966.356230735365,0.0004229980501478737,True,1,True,0.04696195799988345,0.5395721230088384,"{'instance': 'synthetic_evrptw_n100_seed20360823_tight_tw', 'scale': 100, 'seed': 20360823, 'source': 'nearest'}",,tight_tw,E_adaptive_portfolio,synthetic_evrptw_n100_seed20360823_tight_tw,20360823,nearest
11,two_opt,0.6269673995869609,966.356230735365,965.9713251633694,0.0003983060901906179,True,1,True,0.011046166000596713,0.5506182890094351,"{'instance': 'synthetic_evrptw_n100_seed20360823_tight_tw', 'scale': 100, 'seed': 20360823, 'source': 'nearest'}",budget,tight_tw,E_adaptive_portfolio,synthetic_evrptw_n100_seed20360823_tight_tw,20360823,nearest
0,two_opt,,1246.6219340723624,1246.6219340723624,0.0,False,0,True,0.009289666999393376,0.009289666999393376,"{'instance': 'synthetic_evrptw_n100_seed20360823_tight_tw', 'scale': 100, 'seed': 20360823, 'source': 'composite'}",,tight_tw,E_adaptive_portfolio,synthetic_evrptw_n100_seed20360823_tight_tw,20360823,composite
1,relocate,,1246.6219340723624,1174.3828096884013,0.057947900971047614,True,26,True,0.0713008329985314,0.08059049999792478,"{'instance': 'synthetic_evrptw_n100_seed20360823_tight_tw', 'scale': 100, 'seed': 20360823, 'source': 'composite'}",,tight_tw,E_adaptive_portfolio,synthetic_evrptw_n100_seed20360823_tight_tw,20360823,composite
2,swap,,1174.3828096884013,1097.382318252807,0.06556677328751503,True,14,True,0.044982625000557164,0.12557312499848194,"{'instance': 'synthetic_evrptw_n100_seed20360823_tight_tw', 'scale': 100, 'seed': 20360823, 'source': 'composite'}",,tight_tw,E_adaptive_portfolio,synthetic_evrptw_n100_seed20360823_tight_tw,20360823,composite
3,swap,0.7992697250652585,1097.382318252807,1088.1712026745467,0.008393716050506124,True,1,True,0.0439853750031034,0.16955850000158534,"{'instance': 'synthetic_evrptw_n100_seed20360823_tight_tw', 'scale': 100, 'seed': 20360823, 'source': 'composite'}",,tight_tw,E_adaptive_portfolio,synthetic_evrptw_n100_seed20360823_tight_tw,20360823,composite
4,relocate,0.8821349167318798,1088.1712026745467,1068.3908024199825,0.018177654587759048,True,9,True,0.08377524999741581,0.25333374999900116,"{'instance': 'synthetic_evrptw_n100_seed20360823_tight_tw', 'scale': 100, 'seed': 20360823, 'source': 'composite'}",,tight_tw,E_adaptive_portfolio,synthetic_evrptw_n100_seed20360823_tight_tw,20360823,composite
5,two_opt,0.8880453688256637,1068.3908024199825,1065.1207979591713,0.003060681965254993,True,3,True,0.009210792002704693,0.26254454200170585,"{'instance': 'synthetic_evrptw_n100_seed20360823_tight_tw', 'scale': 100, 'seed': 20360823, 'source': 'composite'}",,tight_tw,E_adaptive_portfolio,synthetic_evrptw_n100_seed20360823_tight_tw,20360823,composite
6,relocate,0.7006192432680992,1065.1207979591713,1048.0155431064702,0.01605945061393574,True,6,True,0.08025704199826578,0.3428015839999716,"{'instance': 'synthetic_evrptw_n100_seed20360823_tight_tw', 'scale': 100, 'seed': 20360823, 'source': 'composite'}",,tight_tw,E_adaptive_portfolio,synthetic_evrptw_n100_seed20360823_tight_tw,20360823,composite
7,swap,0.7274496404560735,1048.0155431064702,1048.0155431064702,0.0,False,0,True,0.0455992499992135,0.3884008339991851,"{'instance': 'synthetic_evrptw_n100_seed20360823_tight_tw', 'scale': 100, 'seed': 20360823, 'source': 'composite'}",,tight_tw,E_adaptive_portfolio,synthetic_evrptw_n100_seed20360823_tight_tw,20360823,composite
8,two_opt,0.7152972341007937,1048.0155431064702,1048.0155431064702,0.0,False,0,True,0.006916875001479639,0.39531770900066476,"{'instance': 'synthetic_evrptw_n100_seed20360823_tight_tw', 'scale': 100, 'seed': 20360823, 'source': 'composite'}",,tight_tw,E_adaptive_portfolio,synthetic_evrptw_n100_seed20360823_tight_tw,20360823,composite
9,relocate,0.6297942869340218,1048.0155431064702,1031.6808162991142,0.015586340216803933,True,5,True,0.0846983330011426,0.48001604200180736,"{'instance': 'synthetic_evrptw_n100_seed20360823_tight_tw', 'scale': 100, 'seed': 20360823, 'source': 'composite'}",,tight_tw,E_adaptive_portfolio,synthetic_evrptw_n100_seed20360823_tight_tw,20360823,composite
10,swap,0.6379143695843158,1031.6808162991142,1031.6808162991142,0.0,False,0,True,0.04537620799965225,0.5253922500014596,"{'instance': 'synthetic_evrptw_n100_seed20360823_tight_tw', 'scale': 100, 'seed': 20360823, 'source': 'composite'}",,tight_tw,E_adaptive_portfolio,synthetic_evrptw_n100_seed20360823_tight_tw,20360823,composite
11,two_opt,0.6268446658749297,1031.6808162991142,1031.6808162991142,0.0,False,0,True,0.007376416997431079,0.5327686669988907,"{'instance': 'synthetic_evrptw_n100_seed20360823_tight_tw', 'scale': 100, 'seed': 20360823, 'source': 'composite'}",budget,tight_tw,E_adaptive_portfolio,synthetic_evrptw_n100_seed20360823_tight_tw,20360823,composite
0,two_opt,,1247.1451385208547,1247.1451385208547,0.0,False,0,True,0.010350083997764159,0.010350083997764159,"{'instance': 'synthetic_evrptw_n100_seed20360824_tight_tw', 'scale': 100, 'seed': 20360824, 'source': 'nearest'}",,tight_tw,E_adaptive_portfolio,synthetic_evrptw_n100_seed20360824_tight_tw,20360824,nearest
1,relocate,,1247.1451385208547,1201.5078728554645,0.036593387774832044,True,19,True,0.0810649579980236,0.09141504199578776,"{'instance': 'synthetic_evrptw_n100_seed20360824_tight_tw', 'scale': 100, 'seed': 20360824, 'source': 'nearest'}",,tight_tw,E_adaptive_portfolio,synthetic_evrptw_n100_seed20360824_tight_tw,20360824,nearest
2,swap,,1201.5078728554645,1187.969599706375,0.01126773569690798,True,8,True,0.046301124999445165,0.13771616699523292,"{'instance': 'synthetic_evrptw_n100_seed20360824_tight_tw', 'scale': 100, 'seed': 20360824, 'source': 'nearest'}",,tight_tw,E_adaptive_portfolio,synthetic_evrptw_n100_seed20360824_tight_tw,20360824,nearest
3,relocate,0.7702963395525755,1187.969599706375,1165.4133894723561,0.01898719482349883,True,14,True,0.08251516699965578,0.2202313339948887,"{'instance': 'synthetic_evrptw_n100_seed20360824_tight_tw', 'scale': 100, 'seed': 20360824, 'source': 'nearest'}",,tight_tw,E_adaptive_portfolio,synthetic_evrptw_n100_seed20360824_tight_tw,20360824,nearest
4,swap,0.8354547514577402,1165.4133894723561,1135.3126683884022,0.025828363871451713,True,6,True,0.0456487500014191,0.2658800839963078,"{'instance': 'synthetic_evrptw_n100_seed20360824_tight_tw', 'scale': 100, 'seed': 20360824, 'source': 'nearest'}",,tight_tw,E_adaptive_portfolio,synthetic_evrptw_n100_seed20360824_tight_tw,20360824,nearest
5,two_opt,0.8880453688256637,1135.3126683884022,1120.758215575187,0.0128197748677248,True,7,True,0.010477999996510334,0.27635808399281814,"{'instance': 'synthetic_evrptw_n100_seed20360824_tight_tw', 'scale': 100, 'seed': 20360824, 'source': 'nearest'}",,tight_tw,E_adaptive_portfolio,synthetic_evrptw_n100_seed20360824_tight_tw,20360824,nearest
6,relocate,0.6903467567878613,1120.758215575187,1101.2967589451787,0.017364545144128593,True,12,True,0.08403295899915975,0.3603910429919779,"{'instance': 'synthetic_evrptw_n100_seed20360824_tight_tw', 'scale': 100, 'seed': 20360824, 'source': 'nearest'}",,tight_tw,E_adaptive_portfolio,synthetic_evrptw_n100_seed20360824_tight_tw,20360824,nearest
7,swap,0.7090174455712428,1101.2967589451787,1101.2967589451787,0.0,False,0,True,0.04618458299955819,0.40657562599153607,"{'instance': 'synthetic_evrptw_n100_seed20360824_tight_tw', 'scale': 100, 'seed': 20360824, 'source': 'nearest'}",,tight_tw,E_adaptive_portfolio,synthetic_evrptw_n100_seed20360824_tight_tw,20360824,nearest
8,two_opt,0.7201767805520286,1101.2967589451787,1101.2967589451787,0.0,False,0,True,0.00773437500174623,0.4143100009932823,"{'instance': 'synthetic_evrptw_n100_seed20360824_tight_tw', 'scale': 100, 'seed': 20360824, 'source': 'nearest'}",,tight_tw,E_adaptive_portfolio,synthetic_evrptw_n100_seed20360824_tight_tw,20360824,nearest
9,relocate,0.6233809941239276,1101.2967589451787,1081.065979842897,0.01836996153666954,True,9,True,0.08507637500224519,0.4993863759955275,"{'instance': 'synthetic_evrptw_n100_seed20360824_tight_tw', 'scale': 100, 'seed': 20360824, 'source': 'nearest'}",,tight_tw,E_adaptive_portfolio,synthetic_evrptw_n100_seed20360824_tight_tw,20360824,nearest
10,swap,0.6256262396610953,1081.065979842897,1074.105167846191,0.00643884103883965,True,3,True,0.05015750000166008,0.5495438759971876,"{'instance': 'synthetic_evrptw_n100_seed20360824_tight_tw', 'scale': 100, 'seed': 20360824, 'source': 'nearest'}",,tight_tw,E_adaptive_portfolio,synthetic_evrptw_n100_seed20360824_tight_tw,20360824,nearest
11,two_opt,0.6300976968424197,1074.105167846191,1072.7447445072976,0.0012665643734136713,True,1,True,0.008246207999036415,0.557790083996224,"{'instance': 'synthetic_evrptw_n100_seed20360824_tight_tw', 'scale': 100, 'seed': 20360824, 'source': 'nearest'}",budget,tight_tw,E_adaptive_portfolio,synthetic_evrptw_n100_seed20360824_tight_tw,20360824,nearest
0,two_opt,,1224.6161636956165,1224.6161636956165,0.0,False,0,True,0.009086833000765182,0.009086833000765182,"{'instance': 'synthetic_evrptw_n100_seed20360824_tight_tw', 'scale': 100, 'seed': 20360824, 'source': 'composite'}",,tight_tw,E_adaptive_portfolio,synthetic_evrptw_n100_seed20360824_tight_tw,20360824,composite
1,relocate,,1224.6161636956165,1178.0637281298614,0.038013899330930204,True,24,True,0.08257566600150312,0.0916624990022683,"{'instance': 'synthetic_evrptw_n100_seed20360824_tight_tw', 'scale': 100, 'seed': 20360824, 'source': 'composite'}",,tight_tw,E_adaptive_portfolio,synthetic_evrptw_n100_seed20360824_tight_tw,20360824,composite
2,swap,,1178.0637281298614,1143.948213300378,0.02895897226514277,True,8,True,0.043983333001961,0.1356458320042293,"{'instance': 'synthetic_evrptw_n100_seed20360824_tight_tw', 'scale': 100, 'seed': 20360824, 'source': 'composite'}",,tight_tw,E_adaptive_portfolio,synthetic_evrptw_n100_seed20360824_tight_tw,20360824,composite
3,relocate,0.7717168511086737,1143.948213300378,1113.5162787106628,0.02660254567111629,True,15,True,0.08602075000089826,0.22166658200512757,"{'instance': 'synthetic_evrptw_n100_seed20360824_tight_tw', 'scale': 100, 'seed': 20360824, 'source': 'composite'}",,tight_tw,E_adaptive_portfolio,synthetic_evrptw_n100_seed20360824_tight_tw,20360824,composite
4,swap,0.853145988025975,1113.5162787106628,1101.1885001649262,0.011071035764300626,True,3,True,0.04802641700007371,0.2696929990052013,"{'instance': 'synthetic_evrptw_n100_seed20360824_tight_tw', 'scale': 100, 'seed': 20360824, 'source': 'composite'}",,tight_tw,E_adaptive_portfolio,synthetic_evrptw_n100_seed20360824_tight_tw,20360824,composite
5,two_opt,0.8880453688256637,1101.1885001649262,1093.16586360119,0.0072854343852433575,True,3,True,0.011209459000383504,0.2809024580055848,"{'instance': 'synthetic_evrptw_n100_seed20360824_tight_tw', 'scale': 100, 'seed': 20360824, 'source': 'composite'}",,tight_tw,E_adaptive_portfolio,synthetic_evrptw_n100_seed20360824_tight_tw,20360824,composite
6,relocate,0.6948646879897191,1093.16586360119,1084.9856887828546,0.007483013411512587,True,5,True,0.09071645799849648,0.37161891600408126,"{'instance': 'synthetic_evrptw_n100_seed20360824_tight_tw', 'scale': 100, 'seed': 20360824, 'source': 'composite'}",,tight_tw,E_adaptive_portfolio,synthetic_evrptw_n100_seed20360824_tight_tw,20360824,composite
7,swap,0.7104843998017846,1084.9856887828546,1084.7221971846207,0.00024285260253481102,True,1,True,0.056050084000162315,0.42766900000424357,"{'instance': 'synthetic_evrptw_n100_seed20360824_tight_tw', 'scale': 100, 'seed': 20360824, 'source': 'composite'}",,tight_tw,E_adaptive_portfolio,synthetic_evrptw_n100_seed20360824_tight_tw,20360824,composite
8,two_opt,0.7174096103107879,1084.7221971846207,1084.5976611725866,0.00011480913026141165,True,1,True,0.00844354199944064,0.4361125420036842,"{'instance': 'synthetic_evrptw_n100_seed20360824_tight_tw', 'scale': 100, 'seed': 20360824, 'source': 'composite'}",,tight_tw,E_adaptive_portfolio,synthetic_evrptw_n100_seed20360824_tight_tw,20360824,composite
9,relocate,0.6230991043476274,1084.5976611725866,1080.36883864193,0.003898978102243604,True,5,True,0.09039887499966426,0.5265114170033485,"{'instance': 'synthetic_evrptw_n100_seed20360824_tight_tw', 'scale': 100, 'seed': 20360824, 'source': 'composite'}",,tight_tw,E_adaptive_portfolio,synthetic_evrptw_n100_seed20360824_tight_tw,20360824,composite
10,swap,0.6266851600156349,1080.36883864193,1078.2574696144575,0.001954303893221042,True,2,True,0.05185337500006426,0.5783647920034127,"{'instance': 'synthetic_evrptw_n100_seed20360824_tight_tw', 'scale': 100, 'seed': 20360824, 'source': 'composite'}",,tight_tw,E_adaptive_portfolio,synthetic_evrptw_n100_seed20360824_tight_tw,20360824,composite
11,two_opt,0.6282911863916796,1078.2574696144575,1068.7150036767646,0.00884989550882027,True,4,True,0.009975791999750072,0.5883405840031628,"{'instance': 'synthetic_evrptw_n100_seed20360824_tight_tw', 'scale': 100, 'seed': 20360824, 'source': 'composite'}",budget,tight_tw,E_adaptive_portfolio,synthetic_evrptw_n100_seed20360824_tight_tw,20360824,composite
0,two_opt,,466.1553672947314,466.1553672947314,0.0,False,0,True,0.00024862499776645564,0.00024862499776645564,"{'instance': 'synthetic_evrptw_n20_seed20280813_small_battery', 'scale': 20, 'seed': 20280813, 'source': 'nearest'}",,small_battery,E_adaptive_portfolio,synthetic_evrptw_n20_seed20280813_small_battery,20280813,nearest
1,relocate,,466.1553672947314,455.8903999599107,0.022020485132225293,True,4,True,0.0010221670017926954,0.001270791999559151,"{'instance': 'synthetic_evrptw_n20_seed20280813_small_battery', 'scale': 20, 'seed': 20280813, 'source': 'nearest'}",,small_battery,E_adaptive_portfolio,synthetic_evrptw_n20_seed20280813_small_battery,20280813,nearest
2,swap,,455.8903999599107,447.7895124631981,0.01776937504589917,True,2,True,0.0005327920007403009,0.0018035840002994519,"{'instance': 'synthetic_evrptw_n20_seed20280813_small_battery', 'scale': 20, 'seed': 20280813, 'source': 'nearest'}",,small_battery,E_adaptive_portfolio,synthetic_evrptw_n20_seed20280813_small_battery,20280813,nearest
3,relocate,0.7557234369099688,447.7895124631981,445.04407645097433,0.00613108600315734,True,2,True,0.001013417000649497,0.002817001000948949,"{'instance': 'synthetic_evrptw_n20_seed20280813_small_battery', 'scale': 20, 'seed': 20280813, 'source': 'nearest'}",,small_battery,E_adaptive_portfolio,synthetic_evrptw_n20_seed20280813_small_battery,20280813,nearest
4,swap,0.8419563908067313,445.04407645097433,445.04407645097433,0.0,False,0,True,0.0005050420004408807,0.0033220430013898294,"{'instance': 'synthetic_evrptw_n20_seed20280813_small_battery', 'scale': 20, 'seed': 20280813, 'source': 'nearest'}",,small_battery,E_adaptive_portfolio,synthetic_evrptw_n20_seed20280813_small_battery,20280813,nearest
5,two_opt,0.8880453688256637,445.04407645097433,397.0759345350066,0.10778290163637731,True,2,True,0.00039933299922267906,0.0037213760006125085,"{'instance': 'synthetic_evrptw_n20_seed20280813_small_battery', 'scale': 20, 'seed': 20280813, 'source': 'nearest'}",,small_battery,E_adaptive_portfolio,synthetic_evrptw_n20_seed20280813_small_battery,20280813,nearest
6,two_opt,0.7164479163068845,397.0759345350066,397.0759345350066,0.0,False,0,True,0.00024033399677136913,0.003961709997383878,"{'instance': 'synthetic_evrptw_n20_seed20280813_small_battery', 'scale': 20, 'seed': 20280813, 'source': 'nearest'}",,small_battery,E_adaptive_portfolio,synthetic_evrptw_n20_seed20280813_small_battery,20280813,nearest
7,relocate,0.7045451813547542,397.0759345350066,396.92867594158196,0.00037085751267467343,True,1,True,0.0010401670006103814,0.005001876997994259,"{'instance': 'synthetic_evrptw_n20_seed20280813_small_battery', 'scale': 20, 'seed': 20280813, 'source': 'nearest'}",,small_battery,E_adaptive_portfolio,synthetic_evrptw_n20_seed20280813_small_battery,20280813,nearest
8,swap,0.7226515806411158,396.92867594158196,396.92867594158196,0.0,False,0,True,0.00037870900268899277,0.005380586000683252,"{'instance': 'synthetic_evrptw_n20_seed20280813_small_battery', 'scale': 20, 'seed': 20280813, 'source': 'nearest'}",,small_battery,E_adaptive_portfolio,synthetic_evrptw_n20_seed20280813_small_battery,20280813,nearest
9,two_opt,0.6349935854219001,396.92867594158196,396.92867594158196,0.0,False,0,True,0.00022745800015400164,0.005608044000837253,"{'instance': 'synthetic_evrptw_n20_seed20280813_small_battery', 'scale': 20, 'seed': 20280813, 'source': 'nearest'}",,small_battery,E_adaptive_portfolio,synthetic_evrptw_n20_seed20280813_small_battery,20280813,nearest
10,relocate,0.6227683493543279,396.92867594158196,396.92867594158196,0.0,False,0,True,0.0010328749995096587,0.006640919000346912,"{'instance': 'synthetic_evrptw_n20_seed20280813_small_battery', 'scale': 20, 'seed': 20280813, 'source': 'nearest'}",,small_battery,E_adaptive_portfolio,synthetic_evrptw_n20_seed20280813_small_battery,20280813,nearest
11,swap,0.6317475635684777,396.92867594158196,396.92867594158196,0.0,False,0,True,0.0003812499999185093,0.007022169000265421,"{'instance': 'synthetic_evrptw_n20_seed20280813_small_battery', 'scale': 20, 'seed': 20280813, 'source': 'nearest'}",patience,small_battery,E_adaptive_portfolio,synthetic_evrptw_n20_seed20280813_small_battery,20280813,nearest
0,two_opt,,472.58125719382974,472.58125719382974,0.0,False,0,True,0.0002307920003659092,0.0002307920003659092,"{'instance': 'synthetic_evrptw_n20_seed20280813_small_battery', 'scale': 20, 'seed': 20280813, 'source': 'composite'}",,small_battery,E_adaptive_portfolio,synthetic_evrptw_n20_seed20280813_small_battery,20280813,composite
1,relocate,,472.58125719382974,450.15640107850675,0.047451852509938656,True,4,True,0.0010922500005108304,0.0013230420008767396,"{'instance': 'synthetic_evrptw_n20_seed20280813_small_battery', 'scale': 20, 'seed': 20280813, 'source': 'composite'}",,small_battery,E_adaptive_portfolio,synthetic_evrptw_n20_seed20280813_small_battery,20280813,composite
2,swap,,450.15640107850675,450.15640107850675,0.0,False,0,True,0.0004964999970979989,0.0018195419979747385,"{'instance': 'synthetic_evrptw_n20_seed20280813_small_battery', 'scale': 20, 'seed': 20280813, 'source': 'composite'}",,small_battery,E_adaptive_portfolio,synthetic_evrptw_n20_seed20280813_small_battery,20280813,composite
3,relocate,0.7811548042876821,450.15640107850675,431.5764830081053,0.04127436159052003,True,1,True,0.0011033749979105778,0.0029229169958853163,"{'instance': 'synthetic_evrptw_n20_seed20280813_small_battery', 'scale': 20, 'seed': 20280813, 'source': 'composite'}",,small_battery,E_adaptive_portfolio,synthetic_evrptw_n20_seed20280813_small_battery,20280813,composite
4,two_opt,0.8241870157608322,431.5764830081053,413.1455993935125,0.04270594979163092,True,5,True,0.0003908750004484318,0.003313791996333748,"{'instance': 'synthetic_evrptw_n20_seed20280813_small_battery', 'scale': 20, 'seed': 20280813, 'source': 'composite'}",,small_battery,E_adaptive_portfolio,synthetic_evrptw_n20_seed20280813_small_battery,20280813,composite
5,swap,0.8880453688256637,413.1455993935125,413.1455993935125,0.0,False,0,True,0.0006214999993972015,0.0039352919957309496,"{'instance': 'synthetic_evrptw_n20_seed20280813_small_battery', 'scale': 20, 'seed': 20280813, 'source': 'composite'}",,small_battery,E_adaptive_portfolio,synthetic_evrptw_n20_seed20280813_small_battery,20280813,composite
6,relocate,0.7069195725389252,413.1455993935125,413.1455993935125,0.0,False,0,True,0.0011437499997555278,0.005079041995486477,"{'instance': 'synthetic_evrptw_n20_seed20280813_small_battery', 'scale': 20, 'seed': 20280813, 'source': 'composite'}",,small_battery,E_adaptive_portfolio,synthetic_evrptw_n20_seed20280813_small_battery,20280813,composite
7,two_opt,0.7118223706828783,413.1455993935125,413.1455993935125,0.0,False,0,True,0.00022933400032343343,0.005308375995809911,"{'instance': 'synthetic_evrptw_n20_seed20280813_small_battery', 'scale': 20, 'seed': 20280813, 'source': 'composite'}",,small_battery,E_adaptive_portfolio,synthetic_evrptw_n20_seed20280813_small_battery,20280813,composite
8,swap,0.7137668931181662,413.1455993935125,413.1455993935125,0.0,False,0,True,0.0006046250018698629,0.005913000997679774,"{'instance': 'synthetic_evrptw_n20_seed20280813_small_battery', 'scale': 20, 'seed': 20280813, 'source': 'composite'}",patience,small_battery,E_adaptive_portfolio,synthetic_evrptw_n20_seed20280813_small_battery,20280813,composite
0,two_opt,,516.300295205907,516.300295205907,0.0,False,0,True,0.00021941700106253847,0.00021941700106253847,"{'instance': 'synthetic_evrptw_n20_seed20280814_small_battery', 'scale': 20, 'seed': 20280814, 'source': 'nearest'}",,small_battery,E_adaptive_portfolio,synthetic_evrptw_n20_seed20280814_small_battery,20280814,nearest
1,relocate,,516.300295205907,477.6048339118728,0.07494758700186675,True,3,True,0.0009409580015926622,0.0011603750026552007,"{'instance': 'synthetic_evrptw_n20_seed20280814_small_battery', 'scale': 20, 'seed': 20280814, 'source': 'nearest'}",,small_battery,E_adaptive_portfolio,synthetic_evrptw_n20_seed20280814_small_battery,20280814,nearest
2,swap,,477.6048339118728,460.066667413131,0.03672108247961733,True,1,True,0.000368334000086179,0.0015287090027413797,"{'instance': 'synthetic_evrptw_n20_seed20280814_small_battery', 'scale': 20, 'seed': 20280814, 'source': 'nearest'}",,small_battery,E_adaptive_portfolio,synthetic_evrptw_n20_seed20280814_small_battery,20280814,nearest
3,relocate,0.8086505387796102,460.066667413131,460.066667413131,0.0,False,0,True,0.0010081669970531948,0.0025368759997945745,"{'instance': 'synthetic_evrptw_n20_seed20280814_small_battery', 'scale': 20, 'seed': 20280814, 'source': 'nearest'}",,small_battery,E_adaptive_portfolio,synthetic_evrptw_n20_seed20280814_small_battery,20280814,nearest
4,swap,0.8609080982404496,460.066667413131,460.066667413131,0.0,False,0,True,0.0003862080011458602,0.0029230840009404346,"{'instance': 'synthetic_evrptw_n20_seed20280814_small_battery', 'scale': 20, 'seed': 20280814, 'source': 'nearest'}",,small_battery,E_adaptive_portfolio,synthetic_evrptw_n20_seed20280814_small_battery,20280814,nearest
5,two_opt,0.8880453688256637,460.066667413131,456.4882271326678,0.007778090728859053,True,1,True,0.0002880829997593537,0.0032111670006997883,"{'instance': 'synthetic_evrptw_n20_seed20280814_small_battery', 'scale': 20, 'seed': 20280814, 'source': 'nearest'}",,small_battery,E_adaptive_portfolio,synthetic_evrptw_n20_seed20280814_small_battery,20280814,nearest
6,relocate,0.7000302589896292,456.4882271326678,456.4882271326678,0.0,False,0,True,0.0010431250011606608,0.004254292001860449,"{'instance': 'synthetic_evrptw_n20_seed20280814_small_battery', 'scale': 20, 'seed': 20280814, 'source': 'nearest'}",,small_battery,E_adaptive_portfolio,synthetic_evrptw_n20_seed20280814_small_battery,20280814,nearest
7,swap,0.7088299370268716,456.4882271326678,456.4882271326678,0.0,False,0,True,0.0003757090016733855,0.004630001003533835,"{'instance': 'synthetic_evrptw_n20_seed20280814_small_battery', 'scale': 20, 'seed': 20280814, 'source': 'nearest'}",,small_battery,E_adaptive_portfolio,synthetic_evrptw_n20_seed20280814_small_battery,20280814,nearest
8,two_opt,0.7176559384825958,456.4882271326678,456.4882271326678,0.0,False,0,True,0.0002478749993315432,0.004877876002865378,"{'instance': 'synthetic_evrptw_n20_seed20280814_small_battery', 'scale': 20, 'seed': 20280814, 'source': 'nearest'}",,small_battery,E_adaptive_portfolio,synthetic_evrptw_n20_seed20280814_small_battery,20280814,nearest
9,relocate,0.62404848054373,456.4882271326678,456.4882271326678,0.0,False,0,True,0.0010096250007336494,0.005887501003599027,"{'instance': 'synthetic_evrptw_n20_seed20280814_small_battery', 'scale': 20, 'seed': 20280814, 'source': 'nearest'}",patience,small_battery,E_adaptive_portfolio,synthetic_evrptw_n20_seed20280814_small_battery,20280814,nearest
0,two_opt,,560.6852852754546,560.6852852754546,0.0,False,0,True,0.00020133299767621793,0.00020133299767621793,"{'instance': 'synthetic_evrptw_n20_seed20280814_small_battery', 'scale': 20, 'seed': 20280814, 'source': 'composite'}",,small_battery,E_adaptive_portfolio,synthetic_evrptw_n20_seed20280814_small_battery,20280814,composite
1,relocate,,560.6852852754546,551.34092339708,0.016665965959466643,True,1,True,0.0011852919997181743,0.0013866249973943923,"{'instance': 'synthetic_evrptw_n20_seed20280814_small_battery', 'scale': 20, 'seed': 20280814, 'source': 'composite'}",,small_battery,E_adaptive_portfolio,synthetic_evrptw_n20_seed20280814_small_battery,20280814,composite
2,swap,,551.34092339708,551.34092339708,0.0,False,0,True,0.000377333999495022,0.0017639589968894143,"{'instance': 'synthetic_evrptw_n20_seed20280814_small_battery', 'scale': 20, 'seed': 20280814, 'source': 'composite'}",,small_battery,E_adaptive_portfolio,synthetic_evrptw_n20_seed20280814_small_battery,20280814,composite
3,relocate,0.7503689177372102,551.34092339708,546.1511201988382,0.00941305638309044,True,1,True,0.0015112920009414665,0.003275250997830881,"{'instance': 'synthetic_evrptw_n20_seed20280814_small_battery', 'scale': 20, 'seed': 20280814, 'source': 'composite'}",,small_battery,E_adaptive_portfolio,synthetic_evrptw_n20_seed20280814_small_battery,20280814,composite
4,two_opt,0.8241870157608322,546.1511201988382,544.7874912956742,0.0024967977776325723,True,1,True,0.0002104580016748514,0.003485708999505732,"{'instance': 'synthetic_evrptw_n20_seed20280814_small_battery', 'scale': 20, 'seed': 20280814, 'source': 'composite'}",,small_battery,E_adaptive_portfolio,synthetic_evrptw_n20_seed20280814_small_battery,20280814,composite
5,swap,0.8880453688256637,544.7874912956742,544.7874912956742,0.0,False,0,True,0.00052920799862477,0.004014916998130502,"{'instance': 'synthetic_evrptw_n20_seed20280814_small_battery', 'scale': 20, 'seed': 20280814, 'source': 'composite'}",,small_battery,E_adaptive_portfolio,synthetic_evrptw_n20_seed20280814_small_battery,20280814,composite
6,relocate,0.6755959766599744,544.7874912956742,532.2824476924187,0.022953984449082265,True,3,True,0.0011366660000931006,0.005151582998223603,"{'instance': 'synthetic_evrptw_n20_seed20280814_small_battery', 'scale': 20, 'seed': 20280814, 'source': 'composite'}",,small_battery,E_adaptive_portfolio,synthetic_evrptw_n20_seed20280814_small_battery,20280814,composite
7,two_opt,0.6917177946758792,532.2824476924187,532.2824476924187,0.0,False,0,True,0.000176582998392405,0.005328165996616008,"{'instance': 'synthetic_evrptw_n20_seed20280814_small_battery', 'scale': 20, 'seed': 20280814, 'source': 'composite'}",,small_battery,E_adaptive_portfolio,synthetic_evrptw_n20_seed20280814_small_battery,20280814,composite
8,swap,0.7137668931181662,532.2824476924187,532.2824476924187,0.0,False,0,True,0.0004772909996972885,0.005805456996313296,"{'instance': 'synthetic_evrptw_n20_seed20280814_small_battery', 'scale': 20, 'seed': 20280814, 'source': 'composite'}",,small_battery,E_adaptive_portfolio,synthetic_evrptw_n20_seed20280814_small_battery,20280814,composite
9,relocate,0.6154102871403209,532.2824476924187,529.7126735962328,0.0048278392558811015,True,1,True,0.0011991659994237125,0.007004622995737009,"{'instance': 'synthetic_evrptw_n20_seed20280814_small_battery', 'scale': 20, 'seed': 20280814, 'source': 'composite'}",,small_battery,E_adaptive_portfolio,synthetic_evrptw_n20_seed20280814_small_battery,20280814,composite
10,two_opt,0.6140931390641863,529.7126735962328,529.7126735962328,0.0,False,0,True,0.00016079199849627912,0.007165414994233288,"{'instance': 'synthetic_evrptw_n20_seed20280814_small_battery', 'scale': 20, 'seed': 20280814, 'source': 'composite'}",,small_battery,E_adaptive_portfolio,synthetic_evrptw_n20_seed20280814_small_battery,20280814,composite
11,swap,0.625824438553178,529.7126735962328,529.7126735962328,0.0,False,0,True,0.0004964580002706498,0.007661872994503938,"{'instance': 'synthetic_evrptw_n20_seed20280814_small_battery', 'scale': 20, 'seed': 20280814, 'source': 'composite'}",budget,small_battery,E_adaptive_portfolio,synthetic_evrptw_n20_seed20280814_small_battery,20280814,composite
0,two_opt,,512.0280664151259,512.0280664151259,0.0,False,0,True,0.000267332998191705,0.000267332998191705,"{'instance': 'synthetic_evrptw_n20_seed20280815_small_battery', 'scale': 20, 'seed': 20280815, 'source': 'nearest'}",,small_battery,E_adaptive_portfolio,synthetic_evrptw_n20_seed20280815_small_battery,20280815,nearest
1,relocate,,512.0280664151259,463.32453905290413,0.09511886272799631,True,3,True,0.0010977919992001262,0.0013651249973918311,"{'instance': 'synthetic_evrptw_n20_seed20280815_small_battery', 'scale': 20, 'seed': 20280815, 'source': 'nearest'}",,small_battery,E_adaptive_portfolio,synthetic_evrptw_n20_seed20280815_small_battery,20280815,nearest
2,swap,,463.32453905290413,463.32453905290413,0.0,False,0,True,0.00042462499914108776,0.0017897499965329189,"{'instance': 'synthetic_evrptw_n20_seed20280815_small_battery', 'scale': 20, 'seed': 20280815, 'source': 'nearest'}",,small_battery,E_adaptive_portfolio,synthetic_evrptw_n20_seed20280815_small_battery,20280815,nearest
3,relocate,0.8288218145057398,463.32453905290413,447.9644813477844,0.033151832917198185,True,3,True,0.0010742919985204935,0.0028640419950534124,"{'instance': 'synthetic_evrptw_n20_seed20280815_small_battery', 'scale': 20, 'seed': 20280815, 'source': 'nearest'}",,small_battery,E_adaptive_portfolio,synthetic_evrptw_n20_seed20280815_small_battery,20280815,nearest
4,two_opt,0.8241870157608322,447.9644813477844,447.84935427897403,0.0002570004399991069,True,1,True,0.0002705000006244518,0.003134541995677864,"{'instance': 'synthetic_evrptw_n20_seed20280815_small_battery', 'scale': 20, 'seed': 20280815, 'source': 'nearest'}",,small_battery,E_adaptive_portfolio,synthetic_evrptw_n20_seed20280815_small_battery,20280815,nearest
5,swap,0.8880453688256637,447.84935427897403,447.84935427897403,0.0,False,0,True,0.00045612499889102764,0.003590666994568892,"{'instance': 'synthetic_evrptw_n20_seed20280815_small_battery', 'scale': 20, 'seed': 20280815, 'source': 'nearest'}",,small_battery,E_adaptive_portfolio,synthetic_evrptw_n20_seed20280815_small_battery,20280815,nearest
6,relocate,0.7266918133112931,447.84935427897403,447.84935427897403,0.0,False,0,True,0.0011169579993293155,0.004707624993898207,"{'instance': 'synthetic_evrptw_n20_seed20280815_small_battery', 'scale': 20, 'seed': 20280815, 'source': 'nearest'}",,small_battery,E_adaptive_portfolio,synthetic_evrptw_n20_seed20280815_small_battery,20280815,nearest
7,two_opt,0.6905978960070625,447.84935427897403,447.84935427897403,0.0,False,0,True,0.0002566660004958976,0.004964290994394105,"{'instance': 'synthetic_evrptw_n20_seed20280815_small_battery', 'scale': 20, 'seed': 20280815, 'source': 'nearest'}",,small_battery,E_adaptive_portfolio,synthetic_evrptw_n20_seed20280815_small_battery,20280815,nearest
8,swap,0.7137668931181662,447.84935427897403,447.84935427897403,0.0,False,0,True,0.00046416699842666276,0.005428457992820768,"{'instance': 'synthetic_evrptw_n20_seed20280815_small_battery', 'scale': 20, 'seed': 20280815, 'source': 'nearest'}",patience,small_battery,E_adaptive_portfolio,synthetic_evrptw_n20_seed20280815_small_battery,20280815,nearest
0,two_opt,,544.5370474121361,544.5370474121361,0.0,False,0,True,0.000235415998758981,0.000235415998758981,"{'instance': 'synthetic_evrptw_n20_seed20280815_small_battery', 'scale': 20, 'seed': 20280815, 'source': 'composite'}",,small_battery,E_adaptive_portfolio,synthetic_evrptw_n20_seed20280815_small_battery,20280815,composite
1,relocate,,544.5370474121361,532.4005887689627,0.022287663806991247,True,3,True,0.001074457999493461,0.001309873998252442,"{'instance': 'synthetic_evrptw_n20_seed20280815_small_battery', 'scale': 20, 'seed': 20280815, 'source': 'composite'}",,small_battery,E_adaptive_portfolio,synthetic_evrptw_n20_seed20280815_small_battery,20280815,composite
2,swap,,532.4005887689627,532.4005887689627,0.0,False,0,True,0.000414166999689769,0.001724040997942211,"{'instance': 'synthetic_evrptw_n20_seed20280815_small_battery', 'scale': 20, 'seed': 20280815, 'source': 'composite'}",,small_battery,E_adaptive_portfolio,synthetic_evrptw_n20_seed20280815_small_battery,20280815,composite
3,relocate,0.7559906155847347,532.4005887689627,523.2649949073624,0.017159248232095338,True,3,True,0.0012884579991805367,0.003012498997122748,"{'instance': 'synthetic_evrptw_n20_seed20280815_small_battery', 'scale': 20, 'seed': 20280815, 'source': 'composite'}",,small_battery,E_adaptive_portfolio,synthetic_evrptw_n20_seed20280815_small_battery,20280815,composite
4,two_opt,0.8241870157608322,523.2649949073624,523.2649949073624,0.0,False,0,True,0.00018658299813978374,0.0031990819952625316,"{'instance': 'synthetic_evrptw_n20_seed20280815_small_battery', 'scale': 20, 'seed': 20280815, 'source': 'composite'}",,small_battery,E_adaptive_portfolio,synthetic_evrptw_n20_seed20280815_small_battery,20280815,composite
5,swap,0.8880453688256637,523.2649949073624,523.2649949073624,0.0,False,0,True,0.00041437500112806447,0.003613456996390596,"{'instance': 'synthetic_evrptw_n20_seed20280815_small_battery', 'scale': 20, 'seed': 20280815, 'source': 'composite'}",,small_battery,E_adaptive_portfolio,synthetic_evrptw_n20_seed20280815_small_battery,20280815,composite
6,relocate,0.6822799215082391,523.2649949073624,512.4992800770773,0.02057411624141042,True,1,True,0.0011476250001578592,0.004761081996548455,"{'instance': 'synthetic_evrptw_n20_seed20280815_small_battery', 'scale': 20, 'seed': 20280815, 'source': 'composite'}",,small_battery,E_adaptive_portfolio,synthetic_evrptw_n20_seed20280815_small_battery,20280815,composite
7,two_opt,0.6904693957870629,512.4992800770773,507.8393374475983,0.009092583756953045,True,2,True,0.0003322080010548234,0.005093289997603279,"{'instance': 'synthetic_evrptw_n20_seed20280815_small_battery', 'scale': 20, 'seed': 20280815, 'source': 'composite'}",,small_battery,E_adaptive_portfolio,synthetic_evrptw_n20_seed20280815_small_battery,20280815,composite
8,swap,0.7137668931181662,507.8393374475983,507.8393374475983,0.0,False,0,True,0.00043441700108814985,0.0055277069986914285,"{'instance': 'synthetic_evrptw_n20_seed20280815_small_battery', 'scale': 20, 'seed': 20280815, 'source': 'composite'}",,small_battery,E_adaptive_portfolio,synthetic_evrptw_n20_seed20280815_small_battery,20280815,composite
9,relocate,0.61907296096994,507.8393374475983,507.8393374475983,0.0,False,0,True,0.0011633750000328291,0.006691081998724258,"{'instance': 'synthetic_evrptw_n20_seed20280815_small_battery', 'scale': 20, 'seed': 20280815, 'source': 'composite'}",,small_battery,E_adaptive_portfolio,synthetic_evrptw_n20_seed20280815_small_battery,20280815,composite
10,two_opt,0.6162917343906265,507.8393374475983,507.8393374475983,0.0,False,0,True,0.0001850830012699589,0.0068761649999942165,"{'instance': 'synthetic_evrptw_n20_seed20280815_small_battery', 'scale': 20, 'seed': 20280815, 'source': 'composite'}",,small_battery,E_adaptive_portfolio,synthetic_evrptw_n20_seed20280815_small_battery,20280815,composite
11,swap,0.625824438553178,507.8393374475983,507.8393374475983,0.0,False,0,True,0.0004470409985515289,0.007323205998545745,"{'instance': 'synthetic_evrptw_n20_seed20280815_small_battery', 'scale': 20, 'seed': 20280815, 'source': 'composite'}",patience,small_battery,E_adaptive_portfolio,synthetic_evrptw_n20_seed20280815_small_battery,20280815,composite
0,two_opt,,458.43166829853044,458.43166829853044,0.0,False,0,True,0.000278041999990819,0.000278041999990819,"{'instance': 'synthetic_evrptw_n20_seed20280816_small_battery', 'scale': 20, 'seed': 20280816, 'source': 'nearest'}",,small_battery,E_adaptive_portfolio,synthetic_evrptw_n20_seed20280816_small_battery,20280816,nearest
1,relocate,,458.43166829853044,458.33519709555804,0.00021043747551395935,True,1,True,0.0010373330005677417,0.0013153750005585607,"{'instance': 'synthetic_evrptw_n20_seed20280816_small_battery', 'scale': 20, 'seed': 20280816, 'source': 'nearest'}",,small_battery,E_adaptive_portfolio,synthetic_evrptw_n20_seed20280816_small_battery,20280816,nearest
2,swap,,458.33519709555804,458.33519709555804,0.0,False,0,True,0.0003542499980540015,0.0016696249986125622,"{'instance': 'synthetic_evrptw_n20_seed20280816_small_battery', 'scale': 20, 'seed': 20280816, 'source': 'nearest'}",,small_battery,E_adaptive_portfolio,synthetic_evrptw_n20_seed20280816_small_battery,20280816,nearest
3,relocate,0.7339133892532574,458.33519709555804,458.33519709555804,0.0,False,0,True,0.0010653749995981343,0.0027349999982106965,"{'instance': 'synthetic_evrptw_n20_seed20280816_small_battery', 'scale': 20, 'seed': 20280816, 'source': 'nearest'}",,small_battery,E_adaptive_portfolio,synthetic_evrptw_n20_seed20280816_small_battery,20280816,nearest
4,two_opt,0.8241870157608322,458.33519709555804,458.33519709555804,0.0,False,0,True,0.0003187500005878974,0.003053749998798594,"{'instance': 'synthetic_evrptw_n20_seed20280816_small_battery', 'scale': 20, 'seed': 20280816, 'source': 'nearest'}",,small_battery,E_adaptive_portfolio,synthetic_evrptw_n20_seed20280816_small_battery,20280816,nearest
5,swap,0.8880453688256637,458.33519709555804,458.33519709555804,0.0,False,0,True,0.00036508300036075525,0.003418832999159349,"{'instance': 'synthetic_evrptw_n20_seed20280816_small_battery', 'scale': 20, 'seed': 20280816, 'source': 'nearest'}",patience,small_battery,E_adaptive_portfolio,synthetic_evrptw_n20_seed20280816_small_battery,20280816,nearest
0,two_opt,,513.7404070247695,513.7404070247695,0.0,False,0,True,0.0002488329992047511,0.0002488329992047511,"{'instance': 'synthetic_evrptw_n20_seed20280816_small_battery', 'scale': 20, 'seed': 20280816, 'source': 'composite'}",,small_battery,E_adaptive_portfolio,synthetic_evrptw_n20_seed20280816_small_battery,20280816,composite
1,relocate,,513.7404070247695,489.6574360191534,0.046877704529974765,True,6,True,0.0010290829995938111,0.0012779159987985622,"{'instance': 'synthetic_evrptw_n20_seed20280816_small_battery', 'scale': 20, 'seed': 20280816, 'source': 'composite'}",,small_battery,E_adaptive_portfolio,synthetic_evrptw_n20_seed20280816_small_battery,20280816,composite
2,swap,,489.6574360191534,462.5579402559712,0.05534378479677007,True,5,True,0.0004351659990788903,0.0017130819978774525,"{'instance': 'synthetic_evrptw_n20_seed20280816_small_battery', 'scale': 20, 'seed': 20280816, 'source': 'composite'}",,small_battery,E_adaptive_portfolio,synthetic_evrptw_n20_seed20280816_small_battery,20280816,composite
3,swap,0.7890467365745135,462.5579402559712,462.5579402559712,0.0,False,0,True,0.0004255419989931397,0.0021386239968705922,"{'instance': 'synthetic_evrptw_n20_seed20280816_small_battery', 'scale': 20, 'seed': 20280816, 'source': 'composite'}",,small_battery,E_adaptive_portfolio,synthetic_evrptw_n20_seed20280816_small_battery,20280816,composite
4,relocate,0.871064720290807,462.5579402559712,457.68310350775823,0.01053886729414978,True,2,True,0.001156250000349246,0.003294873997219838,"{'instance': 'synthetic_evrptw_n20_seed20280816_small_battery', 'scale': 20, 'seed': 20280816, 'source': 'composite'}",,small_battery,E_adaptive_portfolio,synthetic_evrptw_n20_seed20280816_small_battery,20280816,composite
5,two_opt,0.8880453688256637,457.68310350775823,457.68310350775823,0.0,False,0,True,0.00017745899822330102,0.0034723329954431392,"{'instance': 'synthetic_evrptw_n20_seed20280816_small_battery', 'scale': 20, 'seed': 20280816, 'source': 'composite'}",,small_battery,E_adaptive_portfolio,synthetic_evrptw_n20_seed20280816_small_battery,20280816,composite
6,relocate,0.6912647514007582,457.68310350775823,457.68310350775823,0.0,False,0,True,0.0011432080027589109,0.00461554099820205,"{'instance': 'synthetic_evrptw_n20_seed20280816_small_battery', 'scale': 20, 'seed': 20280816, 'source': 'composite'}",,small_battery,E_adaptive_portfolio,synthetic_evrptw_n20_seed20280816_small_battery,20280816,composite
7,swap,0.718141288185448,457.68310350775823,457.68310350775823,0.0,False,0,True,0.0004379169986350462,0.005053457996837096,"{'instance': 'synthetic_evrptw_n20_seed20280816_small_battery', 'scale': 20, 'seed': 20280816, 'source': 'composite'}",,small_battery,E_adaptive_portfolio,synthetic_evrptw_n20_seed20280816_small_battery,20280816,composite
8,two_opt,0.7137668931181662,457.68310350775823,457.68310350775823,0.0,False,0,True,0.00017708399900584482,0.005230541995842941,"{'instance': 'synthetic_evrptw_n20_seed20280816_small_battery', 'scale': 20, 'seed': 20280816, 'source': 'composite'}",patience,small_battery,E_adaptive_portfolio,synthetic_evrptw_n20_seed20280816_small_battery,20280816,composite
0,two_opt,,498.0145472650913,498.0145472650913,0.0,False,0,True,0.0002835420018527657,0.0002835420018527657,"{'instance': 'synthetic_evrptw_n20_seed20280817_small_battery', 'scale': 20, 'seed': 20280817, 'source': 'nearest'}",,small_battery,E_adaptive_portfolio,synthetic_evrptw_n20_seed20280817_small_battery,20280817,nearest
1,relocate,,498.0145472650913,475.26066748551716,0.04568918700172498,True,4,True,0.0009534999990137294,0.001237042000866495,"{'instance': 'synthetic_evrptw_n20_seed20280817_small_battery', 'scale': 20, 'seed': 20280817, 'source': 'nearest'}",,small_battery,E_adaptive_portfolio,synthetic_evrptw_n20_seed20280817_small_battery,20280817,nearest
2,swap,,475.26066748551716,475.26066748551716,0.0,False,0,True,0.0004345419984019827,0.0016715839992684778,"{'instance': 'synthetic_evrptw_n20_seed20280817_small_battery', 'scale': 20, 'seed': 20280817, 'source': 'nearest'}",,small_battery,E_adaptive_portfolio,synthetic_evrptw_n20_seed20280817_small_battery,20280817,nearest
3,relocate,0.7793921387794684,475.26066748551716,454.58904194767786,0.04349534256055229,True,2,True,0.0010367079994466621,0.00270829199871514,"{'instance': 'synthetic_evrptw_n20_seed20280817_small_battery', 'scale': 20, 'seed': 20280817, 'source': 'nearest'}",,small_battery,E_adaptive_portfolio,synthetic_evrptw_n20_seed20280817_small_battery,20280817,nearest
4,two_opt,0.8241870157608322,454.58904194767786,454.58904194767786,0.0,False,0,True,0.00028554099844768643,0.0029938329971628264,"{'instance': 'synthetic_evrptw_n20_seed20280817_small_battery', 'scale': 20, 'seed': 20280817, 'source': 'nearest'}",,small_battery,E_adaptive_portfolio,synthetic_evrptw_n20_seed20280817_small_battery,20280817,nearest
5,swap,0.8880453688256637,454.58904194767786,454.58904194767786,0.0,False,0,True,0.00046262500109151006,0.0034564579982543364,"{'instance': 'synthetic_evrptw_n20_seed20280817_small_battery', 'scale': 20, 'seed': 20280817, 'source': 'nearest'}",,small_battery,E_adaptive_portfolio,synthetic_evrptw_n20_seed20280817_small_battery,20280817,nearest
6,relocate,0.7071487302698345,454.58904194767786,431.5749039432465,0.050626248943062335,True,1,True,0.0009566670014464762,0.004413124999700813,"{'instance': 'synthetic_evrptw_n20_seed20280817_small_battery', 'scale': 20, 'seed': 20280817, 'source': 'nearest'}",,small_battery,E_adaptive_portfolio,synthetic_evrptw_n20_seed20280817_small_battery,20280817,nearest
7,two_opt,0.6904693957870629,431.5749039432465,408.4317753048955,0.05362482486098036,True,3,True,0.0008978749974630773,0.00531099999716389,"{'instance': 'synthetic_evrptw_n20_seed20280817_small_battery', 'scale': 20, 'seed': 20280817, 'source': 'nearest'}",,small_battery,E_adaptive_portfolio,synthetic_evrptw_n20_seed20280817_small_battery,20280817,nearest
8,swap,0.7137668931181662,408.4317753048955,408.4317753048955,0.0,False,0,True,0.000462666001112666,0.005773665998276556,"{'instance': 'synthetic_evrptw_n20_seed20280817_small_battery', 'scale': 20, 'seed': 20280817, 'source': 'nearest'}",,small_battery,E_adaptive_portfolio,synthetic_evrptw_n20_seed20280817_small_battery,20280817,nearest
9,relocate,0.6456695443782209,408.4317753048955,399.3131032075725,0.02232605945146131,True,1,True,0.0009983749987441115,0.006772040997020667,"{'instance': 'synthetic_evrptw_n20_seed20280817_small_battery', 'scale': 20, 'seed': 20280817, 'source': 'nearest'}",,small_battery,E_adaptive_portfolio,synthetic_evrptw_n20_seed20280817_small_battery,20280817,nearest
10,two_opt,0.6311358147586356,399.3131032075725,399.3131032075725,0.0,False,0,True,0.0004405839972605463,0.007212624994281214,"{'instance': 'synthetic_evrptw_n20_seed20280817_small_battery', 'scale': 20, 'seed': 20280817, 'source': 'nearest'}",,small_battery,E_adaptive_portfolio,synthetic_evrptw_n20_seed20280817_small_battery,20280817,nearest
11,swap,0.625824438553178,399.3131032075725,399.3131032075725,0.0,False,0,True,0.00040674999763723463,0.007619374991918448,"{'instance': 'synthetic_evrptw_n20_seed20280817_small_battery', 'scale': 20, 'seed': 20280817, 'source': 'nearest'}",budget,small_battery,E_adaptive_portfolio,synthetic_evrptw_n20_seed20280817_small_battery,20280817,nearest
0,two_opt,,454.28227376676404,454.28227376676404,0.0,False,0,True,0.00029570799961220473,0.00029570799961220473,"{'instance': 'synthetic_evrptw_n20_seed20280817_small_battery', 'scale': 20, 'seed': 20280817, 'source': 'composite'}",,small_battery,E_adaptive_portfolio,synthetic_evrptw_n20_seed20280817_small_battery,20280817,composite
1,relocate,,454.28227376676404,443.7912484578385,0.023093626836762308,True,3,True,0.000998666997475084,0.0012943749970872886,"{'instance': 'synthetic_evrptw_n20_seed20280817_small_battery', 'scale': 20, 'seed': 20280817, 'source': 'composite'}",,small_battery,E_adaptive_portfolio,synthetic_evrptw_n20_seed20280817_small_battery,20280817,composite
2,swap,,443.7912484578385,443.7912484578385,0.0,False,0,True,0.00040479100061929785,0.0016991659977065865,"{'instance': 'synthetic_evrptw_n20_seed20280817_small_battery', 'scale': 20, 'seed': 20280817, 'source': 'composite'}",,small_battery,E_adaptive_portfolio,synthetic_evrptw_n20_seed20280817_small_battery,20280817,composite
3,relocate,0.7567965786145058,443.7912484578385,443.7912484578385,0.0,False,0,True,0.0010751250010798685,0.002774290998786455,"{'instance': 'synthetic_evrptw_n20_seed20280817_small_battery', 'scale': 20, 'seed': 20280817, 'source': 'composite'}",,small_battery,E_adaptive_portfolio,synthetic_evrptw_n20_seed20280817_small_battery,20280817,composite
4,two_opt,0.8241870157608322,443.7912484578385,443.7912484578385,0.0,False,0,True,0.00028279199977987446,0.0030570829985663295,"{'instance': 'synthetic_evrptw_n20_seed20280817_small_battery', 'scale': 20, 'seed': 20280817, 'source': 'composite'}",,small_battery,E_adaptive_portfolio,synthetic_evrptw_n20_seed20280817_small_battery,20280817,composite
5,swap,0.8880453688256637,443.7912484578385,443.7912484578385,0.0,False,0,True,0.0004023750007036142,0.0034594579992699437,"{'instance': 'synthetic_evrptw_n20_seed20280817_small_battery', 'scale': 20, 'seed': 20280817, 'source': 'composite'}",patience,small_battery,E_adaptive_portfolio,synthetic_evrptw_n20_seed20280817_small_battery,20280817,composite
0,two_opt,,562.0540237472532,562.0540237472532,0.0,False,0,True,0.0003525419997458812,0.0003525419997458812,"{'instance': 'synthetic_evrptw_n20_seed20280818_small_battery', 'scale': 20, 'seed': 20280818, 'source': 'composite'}",,small_battery,E_adaptive_portfolio,synthetic_evrptw_n20_seed20280818_small_battery,20280818,composite
1,relocate,,562.0540237472532,528.9900190095902,0.058827093732419,True,4,True,0.0010547079982643481,0.0014072499980102293,"{'instance': 'synthetic_evrptw_n20_seed20280818_small_battery', 'scale': 20, 'seed': 20280818, 'source': 'composite'}",,small_battery,E_adaptive_portfolio,synthetic_evrptw_n20_seed20280818_small_battery,20280818,composite
2,swap,,528.9900190095902,528.519070811147,0.0008902780421547059,True,1,True,0.0004604169989761431,0.0018676669969863724,"{'instance': 'synthetic_evrptw_n20_seed20280818_small_battery', 'scale': 20, 'seed': 20280818, 'source': 'composite'}",,small_battery,E_adaptive_portfolio,synthetic_evrptw_n20_seed20280818_small_battery,20280818,composite
3,relocate,0.7925300455101625,528.519070811147,507.34822697775905,0.040056915639573615,True,3,True,0.0010571669990895316,0.002924833996075904,"{'instance': 'synthetic_evrptw_n20_seed20280818_small_battery', 'scale': 20, 'seed': 20280818, 'source': 'composite'}",,small_battery,E_adaptive_portfolio,synthetic_evrptw_n20_seed20280818_small_battery,20280818,composite
4,swap,0.8250772938029869,507.34822697775905,495.64906931631134,0.023059423566213776,True,1,True,0.0004562499998428393,0.0033810839959187433,"{'instance': 'synthetic_evrptw_n20_seed20280818_small_battery', 'scale': 20, 'seed': 20280818, 'source': 'composite'}",,small_battery,E_adaptive_portfolio,synthetic_evrptw_n20_seed20280818_small_battery,20280818,composite
5,two_opt,0.8880453688256637,495.64906931631134,484.0727444339188,0.023355889477126853,True,3,True,0.0010445830012031365,0.00442566699712188,"{'instance': 'synthetic_evrptw_n20_seed20280818_small_battery', 'scale': 20, 'seed': 20280818, 'source': 'composite'}",,small_battery,E_adaptive_portfolio,synthetic_evrptw_n20_seed20280818_small_battery,20280818,composite
6,relocate,0.7119984701746922,484.0727444339188,452.6543425656431,0.06490429843352735,True,3,True,0.0010711249997257255,0.005496791996847605,"{'instance': 'synthetic_evrptw_n20_seed20280818_small_battery', 'scale': 20, 'seed': 20280818, 'source': 'composite'}",,small_battery,E_adaptive_portfolio,synthetic_evrptw_n20_seed20280818_small_battery,20280818,composite
7,swap,0.7024442465912472,452.6543425656431,452.6543425656431,0.0,False,0,True,0.0005124999988765921,0.0060092919957241975,"{'instance': 'synthetic_evrptw_n20_seed20280818_small_battery', 'scale': 20, 'seed': 20280818, 'source': 'composite'}",,small_battery,E_adaptive_portfolio,synthetic_evrptw_n20_seed20280818_small_battery,20280818,composite
8,two_opt,0.7254448378567296,452.6543425656431,452.6543425656431,0.0,False,0,True,0.00048133400196093135,0.006490625997685129,"{'instance': 'synthetic_evrptw_n20_seed20280818_small_battery', 'scale': 20, 'seed': 20280818, 'source': 'composite'}",,small_battery,E_adaptive_portfolio,synthetic_evrptw_n20_seed20280818_small_battery,20280818,composite
9,relocate,0.6536620541449477,452.6543425656431,451.5703473895063,0.002394752627341903,True,1,True,0.00110145799771999,0.007592083995405119,"{'instance': 'synthetic_evrptw_n20_seed20280818_small_battery', 'scale': 20, 'seed': 20280818, 'source': 'composite'}",,small_battery,E_adaptive_portfolio,synthetic_evrptw_n20_seed20280818_small_battery,20280818,composite
10,swap,0.621244107007765,451.5703473895063,451.5703473895063,0.0,False,0,True,0.0005389580001065042,0.008131041995511623,"{'instance': 'synthetic_evrptw_n20_seed20280818_small_battery', 'scale': 20, 'seed': 20280818, 'source': 'composite'}",,small_battery,E_adaptive_portfolio,synthetic_evrptw_n20_seed20280818_small_battery,20280818,composite
11,two_opt,0.6336097350455536,451.5703473895063,451.5703473895063,0.0,False,0,True,0.00040837499909684993,0.008539416994608473,"{'instance': 'synthetic_evrptw_n20_seed20280818_small_battery', 'scale': 20, 'seed': 20280818, 'source': 'composite'}",budget,small_battery,E_adaptive_portfolio,synthetic_evrptw_n20_seed20280818_small_battery,20280818,composite
0,two_opt,,567.6186370520951,567.6186370520951,0.0,False,0,True,0.0002427079998597037,0.0002427079998597037,"{'instance': 'synthetic_evrptw_n20_seed20280819_small_battery', 'scale': 20, 'seed': 20280819, 'source': 'nearest'}",,small_battery,E_adaptive_portfolio,synthetic_evrptw_n20_seed20280819_small_battery,20280819,nearest
1,relocate,,567.6186370520951,538.5923630345964,0.05113692913299243,True,6,True,0.0010792920002131723,0.001322000000072876,"{'instance': 'synthetic_evrptw_n20_seed20280819_small_battery', 'scale': 20, 'seed': 20280819, 'source': 'nearest'}",,small_battery,E_adaptive_portfolio,synthetic_evrptw_n20_seed20280819_small_battery,20280819,nearest
2,swap,,538.5923630345964,492.8996851929169,0.08483721823353152,True,3,True,0.0005345420031517278,0.0018565420032246038,"{'instance': 'synthetic_evrptw_n20_seed20280819_small_battery', 'scale': 20, 'seed': 20280819, 'source': 'nearest'}",,small_battery,E_adaptive_portfolio,synthetic_evrptw_n20_seed20280819_small_battery,20280819,nearest
3,swap,0.818540170011275,492.8996851929169,492.8996851929169,0.0,False,0,True,0.0005241250000835862,0.00238066700330819,"{'instance': 'synthetic_evrptw_n20_seed20280819_small_battery', 'scale': 20, 'seed': 20280819, 'source': 'nearest'}",,small_battery,E_adaptive_portfolio,synthetic_evrptw_n20_seed20280819_small_battery,20280819,nearest
4,relocate,0.8753239448938246,492.8996851929169,454.84782000071846,0.07720001926417387,True,3,True,0.0012479580000217538,0.003628625003329944,"{'instance': 'synthetic_evrptw_n20_seed20280819_small_battery', 'scale': 20, 'seed': 20280819, 'source': 'nearest'}",,small_battery,E_adaptive_portfolio,synthetic_evrptw_n20_seed20280819_small_battery,20280819,nearest
5,two_opt,0.8880453688256637,454.84782000071846,454.84782000071846,0.0,False,0,True,0.00028633300098590553,0.003914958004315849,"{'instance': 'synthetic_evrptw_n20_seed20280819_small_battery', 'scale': 20, 'seed': 20280819, 'source': 'nearest'}",,small_battery,E_adaptive_portfolio,synthetic_evrptw_n20_seed20280819_small_battery,20280819,nearest
6,relocate,0.726724939687279,454.84782000071846,449.6712613627356,0.011380858411005848,True,1,True,0.0011096669986727647,0.005024625002988614,"{'instance': 'synthetic_evrptw_n20_seed20280819_small_battery', 'scale': 20, 'seed': 20280819, 'source': 'nearest'}",,small_battery,E_adaptive_portfolio,synthetic_evrptw_n20_seed20280819_small_battery,20280819,nearest
7,swap,0.7328880049038287,449.6712613627356,449.6712613627356,0.0,False,0,True,0.0004856670020672027,0.005510292005055817,"{'instance': 'synthetic_evrptw_n20_seed20280819_small_battery', 'scale': 20, 'seed': 20280819, 'source': 'nearest'}",,small_battery,E_adaptive_portfolio,synthetic_evrptw_n20_seed20280819_small_battery,20280819,nearest
8,two_opt,0.7137668931181662,449.6712613627356,449.6712613627356,0.0,False,0,True,0.00031516699891653843,0.005825459003972355,"{'instance': 'synthetic_evrptw_n20_seed20280819_small_battery', 'scale': 20, 'seed': 20280819, 'source': 'nearest'}",,small_battery,E_adaptive_portfolio,synthetic_evrptw_n20_seed20280819_small_battery,20280819,nearest
9,relocate,0.6456385538124985,449.6712613627356,436.6758384207973,0.028899829850267733,True,3,True,0.001013375000184169,0.006838834004156524,"{'instance': 'synthetic_evrptw_n20_seed20280819_small_battery', 'scale': 20, 'seed': 20280819, 'source': 'nearest'}",,small_battery,E_adaptive_portfolio,synthetic_evrptw_n20_seed20280819_small_battery,20280819,nearest
10,swap,0.6415399458828193,436.6758384207973,436.6758384207973,0.0,False,0,True,0.00046983400170574896,0.007308668005862273,"{'instance': 'synthetic_evrptw_n20_seed20280819_small_battery', 'scale': 20, 'seed': 20280819, 'source': 'nearest'}",,small_battery,E_adaptive_portfolio,synthetic_evrptw_n20_seed20280819_small_battery,20280819,nearest
11,two_opt,0.625824438553178,436.6758384207973,436.6758384207973,0.0,False,0,True,0.0003524999992805533,0.007661168005142827,"{'instance': 'synthetic_evrptw_n20_seed20280819_small_battery', 'scale': 20, 'seed': 20280819, 'source': 'nearest'}",budget,small_battery,E_adaptive_portfolio,synthetic_evrptw_n20_seed20280819_small_battery,20280819,nearest
0,two_opt,,583.0113833288484,583.0113833288484,0.0,False,0,True,0.0002321659994777292,0.0002321659994777292,"{'instance': 'synthetic_evrptw_n20_seed20280819_small_battery', 'scale': 20, 'seed': 20280819, 'source': 'composite'}",,small_battery,E_adaptive_portfolio,synthetic_evrptw_n20_seed20280819_small_battery,20280819,composite
1,relocate,,583.0113833288484,529.3168007449588,0.09209868643954615,True,7,True,0.0011279999998805579,0.001360165999358287,"{'instance': 'synthetic_evrptw_n20_seed20280819_small_battery', 'scale': 20, 'seed': 20280819, 'source': 'composite'}",,small_battery,E_adaptive_portfolio,synthetic_evrptw_n20_seed20280819_small_battery,20280819,composite
2,swap,,529.3168007449588,520.9899529356283,0.015731312132188743,True,2,True,0.00047741600064910017,0.0018375820000073873,"{'instance': 'synthetic_evrptw_n20_seed20280819_small_battery', 'scale': 20, 'seed': 20280819, 'source': 'composite'}",,small_battery,E_adaptive_portfolio,synthetic_evrptw_n20_seed20280819_small_battery,20280819,composite
3,relocate,0.8258016382172896,520.9899529356283,501.24015362790465,0.03790821530518809,True,3,True,0.0011032920010620728,0.00294087400106946,"{'instance': 'synthetic_evrptw_n20_seed20280819_small_battery', 'scale': 20, 'seed': 20280819, 'source': 'composite'}",,small_battery,E_adaptive_portfolio,synthetic_evrptw_n20_seed20280819_small_battery,20280819,composite
4,swap,0.8399183278930209,501.24015362790465,497.32712666880366,0.007806690926054225,True,1,True,0.0004950419970555231,0.003435915998124983,"{'instance': 'synthetic_evrptw_n20_seed20280819_small_battery', 'scale': 20, 'seed': 20280819, 'source': 'composite'}",,small_battery,E_adaptive_portfolio,synthetic_evrptw_n20_seed20280819_small_battery,20280819,composite
5,two_opt,0.8880453688256637,497.32712666880366,494.28853391495204,0.006109847202996382,True,1,True,0.0002890409996325616,0.0037249569977575447,"{'instance': 'synthetic_evrptw_n20_seed20280819_small_battery', 'scale': 20, 'seed': 20280819, 'source': 'composite'}",,small_battery,E_adaptive_portfolio,synthetic_evrptw_n20_seed20280819_small_battery,20280819,composite
6,relocate,0.727559916361063,494.28853391495204,482.2103757938021,0.024435440623083803,True,2,True,0.0011902080004801974,0.004915164998237742,"{'instance': 'synthetic_evrptw_n20_seed20280819_small_battery', 'scale': 20, 'seed': 20280819, 'source': 'composite'}",,small_battery,E_adaptive_portfolio,synthetic_evrptw_n20_seed20280819_small_battery,20280819,composite
7,swap,0.7022383973161844,482.2103757938021,479.0060392234992,0.006645100833900507,True,1,True,0.0005693329985660966,0.005484497996803839,"{'instance': 'synthetic_evrptw_n20_seed20280819_small_battery', 'scale': 20, 'seed': 20280819, 'source': 'composite'}",,small_battery,E_adaptive_portfolio,synthetic_evrptw_n20_seed20280819_small_battery,20280819,composite
8,two_opt,0.7168218167196644,479.0060392234992,479.0060392234992,0.0,False,0,True,0.00021549999655690044,0.005699997993360739,"{'instance': 'synthetic_evrptw_n20_seed20280819_small_battery', 'scale': 20, 'seed': 20280819, 'source': 'composite'}",,small_battery,E_adaptive_portfolio,synthetic_evrptw_n20_seed20280819_small_battery,20280819,composite
9,relocate,0.6505467323323804,479.0060392234992,479.0060392234992,0.0,False,0,True,0.0012692909986071754,0.006969288991967915,"{'instance': 'synthetic_evrptw_n20_seed20280819_small_battery', 'scale': 20, 'seed': 20280819, 'source': 'composite'}",,small_battery,E_adaptive_portfolio,synthetic_evrptw_n20_seed20280819_small_battery,20280819,composite
10,swap,0.6233219077690233,479.0060392234992,479.0060392234992,0.0,False,0,True,0.0005640410017804243,0.007533329993748339,"{'instance': 'synthetic_evrptw_n20_seed20280819_small_battery', 'scale': 20, 'seed': 20280819, 'source': 'composite'}",,small_battery,E_adaptive_portfolio,synthetic_evrptw_n20_seed20280819_small_battery,20280819,composite
11,two_opt,0.6278610542875102,479.0060392234992,479.0060392234992,0.0,False,0,True,0.00021545799972955137,0.00774878799347789,"{'instance': 'synthetic_evrptw_n20_seed20280819_small_battery', 'scale': 20, 'seed': 20280819, 'source': 'composite'}",patience,small_battery,E_adaptive_portfolio,synthetic_evrptw_n20_seed20280819_small_battery,20280819,composite
0,two_opt,,502.2467628679924,502.2467628679924,0.0,False,0,True,0.00023087500085239299,0.00023087500085239299,"{'instance': 'synthetic_evrptw_n20_seed20280820_small_battery', 'scale': 20, 'seed': 20280820, 'source': 'nearest'}",,small_battery,E_adaptive_portfolio,synthetic_evrptw_n20_seed20280820_small_battery,20280820,nearest
1,relocate,,502.2467628679924,498.0699685512871,0.008316219487119128,True,2,True,0.001132875000621425,0.001363750001473818,"{'instance': 'synthetic_evrptw_n20_seed20280820_small_battery', 'scale': 20, 'seed': 20280820, 'source': 'nearest'}",,small_battery,E_adaptive_portfolio,synthetic_evrptw_n20_seed20280820_small_battery,20280820,nearest
2,swap,,498.0699685512871,496.8554311909956,0.0024384874354584554,True,1,True,0.00041766700087464415,0.0017814170023484621,"{'instance': 'synthetic_evrptw_n20_seed20280820_small_battery', 'scale': 20, 'seed': 20280820, 'source': 'nearest'}",,small_battery,E_adaptive_portfolio,synthetic_evrptw_n20_seed20280820_small_battery,20280820,nearest
3,relocate,0.7420191712648626,496.8554311909956,494.1641727120892,0.0054165825911477936,True,1,True,0.001131917000748217,0.0029133340030966792,"{'instance': 'synthetic_evrptw_n20_seed20280820_small_battery', 'scale': 20, 'seed': 20280820, 'source': 'nearest'}",,small_battery,E_adaptive_portfolio,synthetic_evrptw_n20_seed20280820_small_battery,20280820,nearest
4,swap,0.8266255031962907,494.1641727120892,494.1641727120892,0.0,False,0,True,0.00043266699867672287,0.003346001001773402,"{'instance': 'synthetic_evrptw_n20_seed20280820_small_battery', 'scale': 20, 'seed': 20280820, 'source': 'nearest'}",,small_battery,E_adaptive_portfolio,synthetic_evrptw_n20_seed20280820_small_battery,20280820,nearest
5,two_opt,0.8880453688256637,494.1641727120892,486.33444046945067,0.015844394788208024,True,1,True,0.0002222500006610062,0.0035682510024344083,"{'instance': 'synthetic_evrptw_n20_seed20280820_small_battery', 'scale': 20, 'seed': 20280820, 'source': 'nearest'}",,small_battery,E_adaptive_portfolio,synthetic_evrptw_n20_seed20280820_small_battery,20280820,nearest
6,two_opt,0.6704786628827999,486.33444046945067,486.33444046945067,0.0,False,0,True,0.00018879199706134386,0.003757042999495752,"{'instance': 'synthetic_evrptw_n20_seed20280820_small_battery', 'scale': 20, 'seed': 20280820, 'source': 'nearest'}",,small_battery,E_adaptive_portfolio,synthetic_evrptw_n20_seed20280820_small_battery,20280820,nearest
7,relocate,0.6973357968261964,486.33444046945067,479.9892487125175,0.013046971855022753,True,2,True,0.0011437079992902,0.004900750998785952,"{'instance': 'synthetic_evrptw_n20_seed20280820_small_battery', 'scale': 20, 'seed': 20280820, 'source': 'nearest'}",,small_battery,E_adaptive_portfolio,synthetic_evrptw_n20_seed20280820_small_battery,20280820,nearest
8,swap,0.7149861368358954,479.9892487125175,479.9892487125175,0.0,False,0,True,0.00048716699893702753,0.00538791799772298,"{'instance': 'synthetic_evrptw_n20_seed20280820_small_battery', 'scale': 20, 'seed': 20280820, 'source': 'nearest'}",,small_battery,E_adaptive_portfolio,synthetic_evrptw_n20_seed20280820_small_battery,20280820,nearest
9,relocate,0.6079925428542042,479.9892487125175,479.9892487125175,0.0,False,0,True,0.0011853340001835022,0.006573251997906482,"{'instance': 'synthetic_evrptw_n20_seed20280820_small_battery', 'scale': 20, 'seed': 20280820, 'source': 'nearest'}",,small_battery,E_adaptive_portfolio,synthetic_evrptw_n20_seed20280820_small_battery,20280820,nearest
10,two_opt,0.6185423380677114,479.9892487125175,479.9892487125175,0.0,False,0,True,0.00018241699945065193,0.006755668997357134,"{'instance': 'synthetic_evrptw_n20_seed20280820_small_battery', 'scale': 20, 'seed': 20280820, 'source': 'nearest'}",,small_battery,E_adaptive_portfolio,synthetic_evrptw_n20_seed20280820_small_battery,20280820,nearest
11,swap,0.6266372676983308,479.9892487125175,479.9892487125175,0.0,False,0,True,0.00046954199933679774,0.0072252109966939315,"{'instance': 'synthetic_evrptw_n20_seed20280820_small_battery', 'scale': 20, 'seed': 20280820, 'source': 'nearest'}",patience,small_battery,E_adaptive_portfolio,synthetic_evrptw_n20_seed20280820_small_battery,20280820,nearest
0,two_opt,,502.2467628679924,502.2467628679924,0.0,False,0,True,0.00023012499877950177,0.00023012499877950177,"{'instance': 'synthetic_evrptw_n20_seed20280820_small_battery', 'scale': 20, 'seed': 20280820, 'source': 'composite'}",,small_battery,E_adaptive_portfolio,synthetic_evrptw_n20_seed20280820_small_battery,20280820,composite
1,relocate,,502.2467628679924,498.0699685512871,0.008316219487119128,True,2,True,0.0011220000014873222,0.001352125000266824,"{'instance': 'synthetic_evrptw_n20_seed20280820_small_battery', 'scale': 20, 'seed': 20280820, 'source': 'composite'}",,small_battery,E_adaptive_portfolio,synthetic_evrptw_n20_seed20280820_small_battery,20280820,composite
2,swap,,498.0699685512871,496.8554311909956,0.0024384874354584554,True,1,True,0.0004265410025254823,0.0017786660027923062,"{'instance': 'synthetic_evrptw_n20_seed20280820_small_battery', 'scale': 20, 'seed': 20280820, 'source': 'composite'}",,small_battery,E_adaptive_portfolio,synthetic_evrptw_n20_seed20280820_small_battery,20280820,composite
3,relocate,0.7420191712648626,496.8554311909956,494.1641727120892,0.0054165825911477936,True,1,True,0.0011374579989933409,0.002916124001785647,"{'instance': 'synthetic_evrptw_n20_seed20280820_small_battery', 'scale': 20, 'seed': 20280820, 'source': 'composite'}",,small_battery,E_adaptive_portfolio,synthetic_evrptw_n20_seed20280820_small_battery,20280820,composite
4,swap,0.8266255031962907,494.1641727120892,494.1641727120892,0.0,False,0,True,0.0004411250010889489,0.003357249002874596,"{'instance': 'synthetic_evrptw_n20_seed20280820_small_battery', 'scale': 20, 'seed': 20280820, 'source': 'composite'}",,small_battery,E_adaptive_portfolio,synthetic_evrptw_n20_seed20280820_small_battery,20280820,composite
5,two_opt,0.8880453688256637,494.1641727120892,486.33444046945067,0.015844394788208024,True,1,True,0.0002225419993919786,0.0035797910022665747,"{'instance': 'synthetic_evrptw_n20_seed20280820_small_battery', 'scale': 20, 'seed': 20280820, 'source': 'composite'}",,small_battery,E_adaptive_portfolio,synthetic_evrptw_n20_seed20280820_small_battery,20280820,composite
6,two_opt,0.6704786628827999,486.33444046945067,486.33444046945067,0.0,False,0,True,0.00018420799824525602,0.0037639990005118307,"{'instance': 'synthetic_evrptw_n20_seed20280820_small_battery', 'scale': 20, 'seed': 20280820, 'source': 'composite'}",,small_battery,E_adaptive_portfolio,synthetic_evrptw_n20_seed20280820_small_battery,20280820,composite
7,relocate,0.6973357968261964,486.33444046945067,479.9892487125175,0.013046971855022753,True,2,True,0.0011222079992876388,0.0048862069997994695,"{'instance': 'synthetic_evrptw_n20_seed20280820_small_battery', 'scale': 20, 'seed': 20280820, 'source': 'composite'}",,small_battery,E_adaptive_portfolio,synthetic_evrptw_n20_seed20280820_small_battery,20280820,composite
8,swap,0.7149861368358954,479.9892487125175,479.9892487125175,0.0,False,0,True,0.0004684170016844291,0.005354624001483899,"{'instance': 'synthetic_evrptw_n20_seed20280820_small_battery', 'scale': 20, 'seed': 20280820, 'source': 'composite'}",,small_battery,E_adaptive_portfolio,synthetic_evrptw_n20_seed20280820_small_battery,20280820,composite
9,relocate,0.6079925428542042,479.9892487125175,479.9892487125175,0.0,False,0,True,0.0011862499995913822,0.006540874001075281,"{'instance': 'synthetic_evrptw_n20_seed20280820_small_battery', 'scale': 20, 'seed': 20280820, 'source': 'composite'}",,small_battery,E_adaptive_portfolio,synthetic_evrptw_n20_seed20280820_small_battery,20280820,composite
10,two_opt,0.6185423380677114,479.9892487125175,479.9892487125175,0.0,False,0,True,0.00018249999993713573,0.0067233740010124166,"{'instance': 'synthetic_evrptw_n20_seed20280820_small_battery', 'scale': 20, 'seed': 20280820, 'source': 'composite'}",,small_battery,E_adaptive_portfolio,synthetic_evrptw_n20_seed20280820_small_battery,20280820,composite
11,swap,0.6266372676983308,479.9892487125175,479.9892487125175,0.0,False,0,True,0.000476166998851113,0.00719954099986353,"{'instance': 'synthetic_evrptw_n20_seed20280820_small_battery', 'scale': 20, 'seed': 20280820, 'source': 'composite'}",patience,small_battery,E_adaptive_portfolio,synthetic_evrptw_n20_seed20280820_small_battery,20280820,composite
0,two_opt,,450.75049244786504,450.75049244786504,0.0,False,0,True,0.0002266669980599545,0.0002266669980599545,"{'instance': 'synthetic_evrptw_n20_seed20280821_small_battery', 'scale': 20, 'seed': 20280821, 'source': 'nearest'}",,small_battery,E_adaptive_portfolio,synthetic_evrptw_n20_seed20280821_small_battery,20280821,nearest
1,relocate,,450.75049244786504,441.0936858489071,0.021423840374561232,True,2,True,0.001012458000332117,0.0012391249983920716,"{'instance': 'synthetic_evrptw_n20_seed20280821_small_battery', 'scale': 20, 'seed': 20280821, 'source': 'nearest'}",,small_battery,E_adaptive_portfolio,synthetic_evrptw_n20_seed20280821_small_battery,20280821,nearest
2,swap,,441.0936858489071,441.0936858489071,0.0,False,0,True,0.00041720900117070414,0.0016563339995627757,"{'instance': 'synthetic_evrptw_n20_seed20280821_small_battery', 'scale': 20, 'seed': 20280821, 'source': 'nearest'}",,small_battery,E_adaptive_portfolio,synthetic_evrptw_n20_seed20280821_small_battery,20280821,nearest
3,relocate,0.7551267921523047,441.0936858489071,441.0936858489071,0.0,False,0,True,0.000998083000013139,0.002654416999575915,"{'instance': 'synthetic_evrptw_n20_seed20280821_small_battery', 'scale': 20, 'seed': 20280821, 'source': 'nearest'}",,small_battery,E_adaptive_portfolio,synthetic_evrptw_n20_seed20280821_small_battery,20280821,nearest
4,two_opt,0.8241870157608322,441.0936858489071,441.0936858489071,0.0,False,0,True,0.00018029199782176875,0.0028347089973976836,"{'instance': 'synthetic_evrptw_n20_seed20280821_small_battery', 'scale': 20, 'seed': 20280821, 'source': 'nearest'}",,small_battery,E_adaptive_portfolio,synthetic_evrptw_n20_seed20280821_small_battery,20280821,nearest
5,swap,0.8880453688256637,441.0936858489071,441.0936858489071,0.0,False,0,True,0.0004043750013806857,0.0032390839987783693,"{'instance': 'synthetic_evrptw_n20_seed20280821_small_battery', 'scale': 20, 'seed': 20280821, 'source': 'nearest'}",patience,small_battery,E_adaptive_portfolio,synthetic_evrptw_n20_seed20280821_small_battery,20280821,nearest
0,two_opt,,554.9013502701251,554.9013502701251,0.0,False,0,True,0.00021791700055473484,0.00021791700055473484,"{'instance': 'synthetic_evrptw_n20_seed20280821_small_battery', 'scale': 20, 'seed': 20280821, 'source': 'composite'}",,small_battery,E_adaptive_portfolio,synthetic_evrptw_n20_seed20280821_small_battery,20280821,composite
1,relocate,,554.9013502701251,513.9709500197937,0.07376157983830205,True,3,True,0.0011229170013393741,0.001340834001894109,"{'instance': 'synthetic_evrptw_n20_seed20280821_small_battery', 'scale': 20, 'seed': 20280821, 'source': 'composite'}",,small_battery,E_adaptive_portfolio,synthetic_evrptw_n20_seed20280821_small_battery,20280821,composite
2,swap,,513.9709500197937,513.9709500197937,0.0,False,0,True,0.0004583750014717225,0.0017992090033658314,"{'instance': 'synthetic_evrptw_n20_seed20280821_small_battery', 'scale': 20, 'seed': 20280821, 'source': 'composite'}",,small_battery,E_adaptive_portfolio,synthetic_evrptw_n20_seed20280821_small_battery,20280821,composite
3,relocate,0.8074645316160455,513.9709500197937,506.5562282371534,0.01442634410048807,True,3,True,0.001133750000008149,0.0029329590033739805,"{'instance': 'synthetic_evrptw_n20_seed20280821_small_battery', 'scale': 20, 'seed': 20280821, 'source': 'composite'}",,small_battery,E_adaptive_portfolio,synthetic_evrptw_n20_seed20280821_small_battery,20280821,composite
4,two_opt,0.8241870157608322,506.5562282371534,506.5562282371534,0.0,False,0,True,0.0001610409999557305,0.003094000003329711,"{'instance': 'synthetic_evrptw_n20_seed20280821_small_battery', 'scale': 20, 'seed': 20280821, 'source': 'composite'}",,small_battery,E_adaptive_portfolio,synthetic_evrptw_n20_seed20280821_small_battery,20280821,composite
5,swap,0.8880453688256637,506.5562282371534,501.7635769807305,0.009461242383894149,True,2,True,0.00046345800001290627,0.0035574580033426173,"{'instance': 'synthetic_evrptw_n20_seed20280821_small_battery', 'scale': 20, 'seed': 20280821, 'source': 'composite'}",,small_battery,E_adaptive_portfolio,synthetic_evrptw_n20_seed20280821_small_battery,20280821,composite
6,relocate,0.7066504274580909,501.7635769807305,488.0055503626704,0.027419340998895213,True,2,True,0.0011572909970709588,0.004714749000413576,"{'instance': 'synthetic_evrptw_n20_seed20280821_small_battery', 'scale': 20, 'seed': 20280821, 'source': 'composite'}",,small_battery,E_adaptive_portfolio,synthetic_evrptw_n20_seed20280821_small_battery,20280821,composite
7,swap,0.69520001697901,488.0055503626704,488.0055503626704,0.0,False,0,True,0.0004497499976423569,0.005164498998055933,"{'instance': 'synthetic_evrptw_n20_seed20280821_small_battery', 'scale': 20, 'seed': 20280821, 'source': 'composite'}",,small_battery,E_adaptive_portfolio,synthetic_evrptw_n20_seed20280821_small_battery,20280821,composite
8,two_opt,0.7137668931181662,488.0055503626704,488.0055503626704,0.0,False,0,True,0.00017529099932289682,0.00533978999737883,"{'instance': 'synthetic_evrptw_n20_seed20280821_small_battery', 'scale': 20, 'seed': 20280821, 'source': 'composite'}",,small_battery,E_adaptive_portfolio,synthetic_evrptw_n20_seed20280821_small_battery,20280821,composite
9,relocate,0.6376017065223362,488.0055503626704,488.00334372333646,4.521750484851877e-06,True,1,True,0.0011507919989526272,0.006490581996331457,"{'instance': 'synthetic_evrptw_n20_seed20280821_small_battery', 'scale': 20, 'seed': 20280821, 'source': 'composite'}",,small_battery,E_adaptive_portfolio,synthetic_evrptw_n20_seed20280821_small_battery,20280821,composite
10,swap,0.6164146205996068,488.00334372333646,488.00334372333646,0.0,False,0,True,0.00044425000305636786,0.006934831999387825,"{'instance': 'synthetic_evrptw_n20_seed20280821_small_battery', 'scale': 20, 'seed': 20280821, 'source': 'composite'}",,small_battery,E_adaptive_portfolio,synthetic_evrptw_n20_seed20280821_small_battery,20280821,composite
11,two_opt,0.625824438553178,488.00334372333646,488.00334372333646,0.0,False,0,True,0.00017645900152274407,0.007111291000910569,"{'instance': 'synthetic_evrptw_n20_seed20280821_small_battery', 'scale': 20, 'seed': 20280821, 'source': 'composite'}",budget,small_battery,E_adaptive_portfolio,synthetic_evrptw_n20_seed20280821_small_battery,20280821,composite
0,two_opt,,453.0954254319299,453.0954254319299,0.0,False,0,True,0.00024579099772381596,0.00024579099772381596,"{'instance': 'synthetic_evrptw_n20_seed20280823_small_battery', 'scale': 20, 'seed': 20280823, 'source': 'nearest'}",,small_battery,E_adaptive_portfolio,synthetic_evrptw_n20_seed20280823_small_battery,20280823,nearest
1,relocate,,453.0954254319299,445.56871983171027,0.016611744850534623,True,2,True,0.0010868750032386743,0.0013326660009624902,"{'instance': 'synthetic_evrptw_n20_seed20280823_small_battery', 'scale': 20, 'seed': 20280823, 'source': 'nearest'}",,small_battery,E_adaptive_portfolio,synthetic_evrptw_n20_seed20280823_small_battery,20280823,nearest
2,swap,,445.56871983171027,445.56871983171027,0.0,False,0,True,0.0004078329984622542,0.0017404989994247444,"{'instance': 'synthetic_evrptw_n20_seed20280823_small_battery', 'scale': 20, 'seed': 20280823, 'source': 'nearest'}",,small_battery,E_adaptive_portfolio,synthetic_evrptw_n20_seed20280823_small_battery,20280823,nearest
3,relocate,0.7503146966282781,445.56871983171027,441.0191283427437,0.010210751532748768,True,1,True,0.0010721250000642613,0.0028126239994890057,"{'instance': 'synthetic_evrptw_n20_seed20280823_small_battery', 'scale': 20, 'seed': 20280823, 'source': 'nearest'}",,small_battery,E_adaptive_portfolio,synthetic_evrptw_n20_seed20280823_small_battery,20280823,nearest
4,two_opt,0.8241870157608322,441.0191283427437,441.0191283427437,0.0,False,0,True,0.00024337500144611113,0.0030559990009351168,"{'instance': 'synthetic_evrptw_n20_seed20280823_small_battery', 'scale': 20, 'seed': 20280823, 'source': 'nearest'}",,small_battery,E_adaptive_portfolio,synthetic_evrptw_n20_seed20280823_small_battery,20280823,nearest
5,swap,0.8880453688256637,441.0191283427437,441.0191283427437,0.0,False,0,True,0.00041391700142412446,0.0034699160023592412,"{'instance': 'synthetic_evrptw_n20_seed20280823_small_battery', 'scale': 20, 'seed': 20280823, 'source': 'nearest'}",,small_battery,E_adaptive_portfolio,synthetic_evrptw_n20_seed20280823_small_battery,20280823,nearest
6,relocate,0.6759677136803376,441.0191283427437,441.0191283427437,0.0,False,0,True,0.0011142500006826594,0.004584166003041901,"{'instance': 'synthetic_evrptw_n20_seed20280823_small_battery', 'scale': 20, 'seed': 20280823, 'source': 'nearest'}",,small_battery,E_adaptive_portfolio,synthetic_evrptw_n20_seed20280823_small_battery,20280823,nearest
7,two_opt,0.6904693957870629,441.0191283427437,441.0191283427437,0.0,False,0,True,0.00024345800193259493,0.004827624004974496,"{'instance': 'synthetic_evrptw_n20_seed20280823_small_battery', 'scale': 20, 'seed': 20280823, 'source': 'nearest'}",patience,small_battery,E_adaptive_portfolio,synthetic_evrptw_n20_seed20280823_small_battery,20280823,nearest
0,two_opt,,492.67329388348554,492.67329388348554,0.0,False,0,True,0.00024012499852688052,0.00024012499852688052,"{'instance': 'synthetic_evrptw_n20_seed20280823_small_battery', 'scale': 20, 'seed': 20280823, 'source': 'composite'}",,small_battery,E_adaptive_portfolio,synthetic_evrptw_n20_seed20280823_small_battery,20280823,composite
1,relocate,,492.67329388348554,475.4349851601384,0.034989330530718586,True,3,True,0.0011295410004095174,0.001369665998936398,"{'instance': 'synthetic_evrptw_n20_seed20280823_small_battery', 'scale': 20, 'seed': 20280823, 'source': 'composite'}",,small_battery,E_adaptive_portfolio,synthetic_evrptw_n20_seed20280823_small_battery,20280823,composite
2,swap,,475.4349851601384,475.4349851601384,0.0,False,0,True,0.00044083399916416965,0.0018104999981005676,"{'instance': 'synthetic_evrptw_n20_seed20280823_small_battery', 'scale': 20, 'seed': 20280823, 'source': 'composite'}",,small_battery,E_adaptive_portfolio,synthetic_evrptw_n20_seed20280823_small_battery,20280823,composite
3,relocate,0.7686922823084621,475.4349851601384,469.5072391528062,0.012468047561404376,True,2,True,0.0010831250001501758,0.0028936249982507434,"{'instance': 'synthetic_evrptw_n20_seed20280823_small_battery', 'scale': 20, 'seed': 20280823, 'source': 'composite'}",,small_battery,E_adaptive_portfolio,synthetic_evrptw_n20_seed20280823_small_battery,20280823,composite
4,two_opt,0.8241870157608322,469.5072391528062,469.5072391528062,0.0,False,0,True,0.00018900000213761814,0.0030826250003883615,"{'instance': 'synthetic_evrptw_n20_seed20280823_small_battery', 'scale': 20, 'seed': 20280823, 'source': 'composite'}",,small_battery,E_adaptive_portfolio,synthetic_evrptw_n20_seed20280823_small_battery,20280823,composite
5,swap,0.8880453688256637,469.5072391528062,469.5072391528062,0.0,False,0,True,0.0004547079988697078,0.0035373329992580693,"{'instance': 'synthetic_evrptw_n20_seed20280823_small_battery', 'scale': 20, 'seed': 20280823, 'source': 'composite'}",,small_battery,E_adaptive_portfolio,synthetic_evrptw_n20_seed20280823_small_battery,20280823,composite
6,relocate,0.6862851545347574,469.5072391528062,464.1339842034561,0.011444456019561637,True,1,True,0.0011702500014507677,0.004707583000708837,"{'instance': 'synthetic_evrptw_n20_seed20280823_small_battery', 'scale': 20, 'seed': 20280823, 'source': 'composite'}",,small_battery,E_adaptive_portfolio,synthetic_evrptw_n20_seed20280823_small_battery,20280823,composite
7,two_opt,0.6904693957870629,464.1339842034561,464.1339842034561,0.0,False,0,True,0.00018566699873190373,0.004893249999440741,"{'instance': 'synthetic_evrptw_n20_seed20280823_small_battery', 'scale': 20, 'seed': 20280823, 'source': 'composite'}",,small_battery,E_adaptive_portfolio,synthetic_evrptw_n20_seed20280823_small_battery,20280823,composite
8,swap,0.7137668931181662,464.1339842034561,464.1339842034561,0.0,False,0,True,0.00044579200039152056,0.005339041999832261,"{'instance': 'synthetic_evrptw_n20_seed20280823_small_battery', 'scale': 20, 'seed': 20280823, 'source': 'composite'}",,small_battery,E_adaptive_portfolio,synthetic_evrptw_n20_seed20280823_small_battery,20280823,composite
9,relocate,0.6186998962470026,464.1339842034561,464.1339842034561,0.0,False,0,True,0.001161625001259381,0.006500667001091642,"{'instance': 'synthetic_evrptw_n20_seed20280823_small_battery', 'scale': 20, 'seed': 20280823, 'source': 'composite'}",,small_battery,E_adaptive_portfolio,synthetic_evrptw_n20_seed20280823_small_battery,20280823,composite
10,two_opt,0.6132608731383088,464.1339842034561,464.1339842034561,0.0,False,0,True,0.00017729099999996834,0.006677958001091611,"{'instance': 'synthetic_evrptw_n20_seed20280823_small_battery', 'scale': 20, 'seed': 20280823, 'source': 'composite'}",patience,small_battery,E_adaptive_portfolio,synthetic_evrptw_n20_seed20280823_small_battery,20280823,composite
0,two_opt,,439.2908516703168,439.2908516703168,0.0,False,0,True,0.0003013749992533121,0.0003013749992533121,"{'instance': 'synthetic_evrptw_n20_seed20280824_small_battery', 'scale': 20, 'seed': 20280824, 'source': 'nearest'}",,small_battery,E_adaptive_portfolio,synthetic_evrptw_n20_seed20280824_small_battery,20280824,nearest
1,relocate,,439.2908516703168,421.301249654449,0.040951460626748454,True,4,True,0.0011955000009038486,0.0014968750001571607,"{'instance': 'synthetic_evrptw_n20_seed20280824_small_battery', 'scale': 20, 'seed': 20280824, 'source': 'nearest'}",,small_battery,E_adaptive_portfolio,synthetic_evrptw_n20_seed20280824_small_battery,20280824,nearest
2,swap,,421.301249654449,421.301249654449,0.0,False,0,True,0.00042383300024084747,0.0019207080003980082,"{'instance': 'synthetic_evrptw_n20_seed20280824_small_battery', 'scale': 20, 'seed': 20280824, 'source': 'nearest'}",,small_battery,E_adaptive_portfolio,synthetic_evrptw_n20_seed20280824_small_battery,20280824,nearest
3,relocate,0.774654412404492,421.301249654449,409.3251689753423,0.028426406731357844,True,4,True,0.001104666996980086,0.003025374997378094,"{'instance': 'synthetic_evrptw_n20_seed20280824_small_battery', 'scale': 20, 'seed': 20280824, 'source': 'nearest'}",,small_battery,E_adaptive_portfolio,synthetic_evrptw_n20_seed20280824_small_battery,20280824,nearest
4,two_opt,0.8241870157608322,409.3251689753423,408.7669892490658,0.0013636584519681944,True,1,True,0.0002996660005010199,0.003325040997879114,"{'instance': 'synthetic_evrptw_n20_seed20280824_small_battery', 'scale': 20, 'seed': 20280824, 'source': 'nearest'}",,small_battery,E_adaptive_portfolio,synthetic_evrptw_n20_seed20280824_small_battery,20280824,nearest
5,swap,0.8880453688256637,408.7669892490658,408.7669892490658,0.0,False,0,True,0.0005280000004859176,0.0038530409983650316,"{'instance': 'synthetic_evrptw_n20_seed20280824_small_battery', 'scale': 20, 'seed': 20280824, 'source': 'nearest'}",,small_battery,E_adaptive_portfolio,synthetic_evrptw_n20_seed20280824_small_battery,20280824,nearest
6,relocate,0.697245399167749,408.7669892490658,405.8536453979915,0.007127150498200197,True,1,True,0.0011648340005194768,0.005017874998884508,"{'instance': 'synthetic_evrptw_n20_seed20280824_small_battery', 'scale': 20, 'seed': 20280824, 'source': 'nearest'}",,small_battery,E_adaptive_portfolio,synthetic_evrptw_n20_seed20280824_small_battery,20280824,nearest
7,two_opt,0.691151225013047,405.8536453979915,405.8536453979915,0.0,False,0,True,0.00023879199943621643,0.005256666998320725,"{'instance': 'synthetic_evrptw_n20_seed20280824_small_battery', 'scale': 20, 'seed': 20280824, 'source': 'nearest'}",,small_battery,E_adaptive_portfolio,synthetic_evrptw_n20_seed20280824_small_battery,20280824,nearest
8,swap,0.7137668931181662,405.8536453979915,405.8536453979915,0.0,False,0,True,0.0005521669991139788,0.005808833997434704,"{'instance': 'synthetic_evrptw_n20_seed20280824_small_battery', 'scale': 20, 'seed': 20280824, 'source': 'nearest'}",,small_battery,E_adaptive_portfolio,synthetic_evrptw_n20_seed20280824_small_battery,20280824,nearest
9,relocate,0.6245676241618765,405.8536453979915,404.14228342080054,0.004216697315882802,True,1,True,0.001178708000225015,0.006987541997659719,"{'instance': 'synthetic_evrptw_n20_seed20280824_small_battery', 'scale': 20, 'seed': 20280824, 'source': 'nearest'}",,small_battery,E_adaptive_portfolio,synthetic_evrptw_n20_seed20280824_small_battery,20280824,nearest
10,two_opt,0.6137154259556316,404.14228342080054,404.14228342080054,0.0,False,0,True,0.0002464159988448955,0.007233957996504614,"{'instance': 'synthetic_evrptw_n20_seed20280824_small_battery', 'scale': 20, 'seed': 20280824, 'source': 'nearest'}",,small_battery,E_adaptive_portfolio,synthetic_evrptw_n20_seed20280824_small_battery,20280824,nearest
11,swap,0.625824438553178,404.14228342080054,404.14228342080054,0.0,False,0,True,0.0006203750017448328,0.007854332998249447,"{'instance': 'synthetic_evrptw_n20_seed20280824_small_battery', 'scale': 20, 'seed': 20280824, 'source': 'nearest'}",budget,small_battery,E_adaptive_portfolio,synthetic_evrptw_n20_seed20280824_small_battery,20280824,nearest
0,two_opt,,413.0182054974747,413.0182054974747,0.0,False,0,True,0.00026337500094086863,0.00026337500094086863,"{'instance': 'synthetic_evrptw_n20_seed20280824_small_battery', 'scale': 20, 'seed': 20280824, 'source': 'composite'}",,small_battery,E_adaptive_portfolio,synthetic_evrptw_n20_seed20280824_small_battery,20280824,composite
1,relocate,,413.0182054974747,410.6337548356842,0.005773233794666372,True,3,True,0.0012162919992988463,0.001479667000239715,"{'instance': 'synthetic_evrptw_n20_seed20280824_small_battery', 'scale': 20, 'seed': 20280824, 'source': 'composite'}",,small_battery,E_adaptive_portfolio,synthetic_evrptw_n20_seed20280824_small_battery,20280824,composite
2,swap,,410.6337548356842,408.30012430689317,0.005682997321359648,True,1,True,0.0004930000031890813,0.0019726670034287963,"{'instance': 'synthetic_evrptw_n20_seed20280824_small_battery', 'scale': 20, 'seed': 20280824, 'source': 'composite'}",,small_battery,E_adaptive_portfolio,synthetic_evrptw_n20_seed20280824_small_battery,20280824,composite
3,relocate,0.7394761855724098,408.30012430689317,407.1016506736939,0.002935276189870735,True,1,True,0.0012037909982609563,0.0031764580016897526,"{'instance': 'synthetic_evrptw_n20_seed20280824_small_battery', 'scale': 20, 'seed': 20280824, 'source': 'composite'}",,small_battery,E_adaptive_portfolio,synthetic_evrptw_n20_seed20280824_small_battery,20280824,composite
4,swap,0.8298700130821919,407.1016506736939,407.1016506736939,0.0,False,0,True,0.0004857080020883586,0.003662166003778111,"{'instance': 'synthetic_evrptw_n20_seed20280824_small_battery', 'scale': 20, 'seed': 20280824, 'source': 'composite'}",,small_battery,E_adaptive_portfolio,synthetic_evrptw_n20_seed20280824_small_battery,20280824,composite
5,two_opt,0.8880453688256637,407.1016506736939,407.1016506736939,0.0,False,0,True,0.0002516249987820629,0.003913791002560174,"{'instance': 'synthetic_evrptw_n20_seed20280824_small_battery', 'scale': 20, 'seed': 20280824, 'source': 'composite'}",,small_battery,E_adaptive_portfolio,synthetic_evrptw_n20_seed20280824_small_battery,20280824,composite
6,relocate,0.6669107204809644,407.1016506736939,407.1016506736939,0.0,False,0,True,0.0012224170022818726,0.005136208004842047,"{'instance': 'synthetic_evrptw_n20_seed20280824_small_battery', 'scale': 20, 'seed': 20280824, 'source': 'composite'}",,small_battery,E_adaptive_portfolio,synthetic_evrptw_n20_seed20280824_small_battery,20280824,composite
7,swap,0.6933108944477427,407.1016506736939,407.1016506736939,0.0,False,0,True,0.0004792500003532041,0.005615458005195251,"{'instance': 'synthetic_evrptw_n20_seed20280824_small_battery', 'scale': 20, 'seed': 20280824, 'source': 'composite'}",patience,small_battery,E_adaptive_portfolio,synthetic_evrptw_n20_seed20280824_small_battery,20280824,composite
0,two_opt,,713.2787922411148,713.2787922411148,0.0,False,0,True,0.0015711670021119062,0.0015711670021119062,"{'instance': 'synthetic_evrptw_n50_seed20310813_small_battery', 'scale': 50, 'seed': 20310813, 'source': 'nearest'}",,small_battery,E_adaptive_portfolio,synthetic_evrptw_n50_seed20310813_small_battery,20310813,nearest
1,relocate,,713.2787922411148,690.2809146150261,0.0322424806068181,True,8,True,0.01071908300218638,0.012290250004298287,"{'instance': 'synthetic_evrptw_n50_seed20310813_small_battery', 'scale': 50, 'seed': 20310813, 'source': 'nearest'}",,small_battery,E_adaptive_portfolio,synthetic_evrptw_n50_seed20310813_small_battery,20310813,nearest
2,swap,,690.2809146150261,686.1467212198368,0.005989146313707608,True,3,True,0.0048583339994365815,0.017148584003734868,"{'instance': 'synthetic_evrptw_n50_seed20310813_small_battery', 'scale': 50, 'seed': 20310813, 'source': 'nearest'}",,small_battery,E_adaptive_portfolio,synthetic_evrptw_n50_seed20310813_small_battery,20310813,nearest
3,relocate,0.7659454323845616,686.1467212198368,669.2046408589985,0.024691629117921814,True,5,True,0.011222040997381555,0.028370625001116423,"{'instance': 'synthetic_evrptw_n50_seed20310813_small_battery', 'scale': 50, 'seed': 20310813, 'source': 'nearest'}",,small_battery,E_adaptive_portfolio,synthetic_evrptw_n50_seed20310813_small_battery,20310813,nearest
4,swap,0.8301761620745398,669.2046408589985,668.4581750315626,0.0011154522575899284,True,1,True,0.0051265000001876615,0.033497125001304084,"{'instance': 'synthetic_evrptw_n50_seed20310813_small_battery', 'scale': 50, 'seed': 20310813, 'source': 'nearest'}",,small_battery,E_adaptive_portfolio,synthetic_evrptw_n50_seed20310813_small_battery,20310813,nearest
5,two_opt,0.8880453688256637,668.4581750315626,668.1957132533593,0.0003926375471299773,True,1,True,0.0019493750005494803,0.035446500001853565,"{'instance': 'synthetic_evrptw_n50_seed20310813_small_battery', 'scale': 50, 'seed': 20310813, 'source': 'nearest'}",,small_battery,E_adaptive_portfolio,synthetic_evrptw_n50_seed20310813_small_battery,20310813,nearest
6,relocate,0.6910235203510658,668.1957132533593,647.7689237232873,0.03057006970400408,True,2,True,0.012020500002108747,0.04746700000396231,"{'instance': 'synthetic_evrptw_n50_seed20310813_small_battery', 'scale': 50, 'seed': 20310813, 'source': 'nearest'}",,small_battery,E_adaptive_portfolio,synthetic_evrptw_n50_seed20310813_small_battery,20310813,nearest
7,swap,0.6940216950727117,647.7689237232873,647.7689237232873,0.0,False,0,True,0.005336041998816654,0.052803042002778966,"{'instance': 'synthetic_evrptw_n50_seed20310813_small_battery', 'scale': 50, 'seed': 20310813, 'source': 'nearest'}",,small_battery,E_adaptive_portfolio,synthetic_evrptw_n50_seed20310813_small_battery,20310813,nearest
8,two_opt,0.7139632118917312,647.7689237232873,647.7689237232873,0.0,False,0,True,0.003629541999544017,0.05643258400232298,"{'instance': 'synthetic_evrptw_n50_seed20310813_small_battery', 'scale': 50, 'seed': 20310813, 'source': 'nearest'}",,small_battery,E_adaptive_portfolio,synthetic_evrptw_n50_seed20310813_small_battery,20310813,nearest
9,relocate,0.6282340113526891,647.7689237232873,647.7636072476114,8.207364511091244e-06,True,1,True,0.035717666996788466,0.09215025099911145,"{'instance': 'synthetic_evrptw_n50_seed20310813_small_battery', 'scale': 50, 'seed': 20310813, 'source': 'nearest'}",,small_battery,E_adaptive_portfolio,synthetic_evrptw_n50_seed20310813_small_battery,20310813,nearest
10,swap,0.6156290726620747,647.7636072476114,647.7636072476114,0.0,False,0,True,0.008766375001869164,0.10091662600098061,"{'instance': 'synthetic_evrptw_n50_seed20310813_small_battery', 'scale': 50, 'seed': 20310813, 'source': 'nearest'}",,small_battery,E_adaptive_portfolio,synthetic_evrptw_n50_seed20310813_small_battery,20310813,nearest
11,two_opt,0.6259553177355547,647.7636072476114,647.7636072476114,0.0,False,0,True,0.0031855420020292513,0.10410216800300987,"{'instance': 'synthetic_evrptw_n50_seed20310813_small_battery', 'scale': 50, 'seed': 20310813, 'source': 'nearest'}",budget,small_battery,E_adaptive_portfolio,synthetic_evrptw_n50_seed20310813_small_battery,20310813,nearest
0,two_opt,,768.4596079380985,768.4596079380985,0.0,False,0,True,0.002110916997480672,0.002110916997480672,"{'instance': 'synthetic_evrptw_n50_seed20310813_small_battery', 'scale': 50, 'seed': 20310813, 'source': 'composite'}",,small_battery,E_adaptive_portfolio,synthetic_evrptw_n50_seed20310813_small_battery,20310813,composite
1,relocate,,768.4596079380985,721.158629386003,0.061552979575610664,True,7,True,0.011786667000706075,0.013897583998186747,"{'instance': 'synthetic_evrptw_n50_seed20310813_small_battery', 'scale': 50, 'seed': 20310813, 'source': 'composite'}",,small_battery,E_adaptive_portfolio,synthetic_evrptw_n50_seed20310813_small_battery,20310813,composite
2,swap,,721.158629386003,703.7909120225816,0.024083075006962575,True,3,True,0.005528375000722008,0.019425958998908754,"{'instance': 'synthetic_evrptw_n50_seed20310813_small_battery', 'scale': 50, 'seed': 20310813, 'source': 'composite'}",,small_battery,E_adaptive_portfolio,synthetic_evrptw_n50_seed20310813_small_battery,20310813,composite
3,relocate,0.7952559313533542,703.7909120225816,694.9386974021571,0.012577904132044838,True,4,True,0.012396750000334578,0.03182270899924333,"{'instance': 'synthetic_evrptw_n50_seed20310813_small_battery', 'scale': 50, 'seed': 20310813, 'source': 'composite'}",,small_battery,E_adaptive_portfolio,synthetic_evrptw_n50_seed20310813_small_battery,20310813,composite
4,swap,0.8482700907677948,694.9386974021571,684.4835146849279,0.015044755395422897,True,1,True,0.0051035840006079525,0.036926292999851285,"{'instance': 'synthetic_evrptw_n50_seed20310813_small_battery', 'scale': 50, 'seed': 20310813, 'source': 'composite'}",,small_battery,E_adaptive_portfolio,synthetic_evrptw_n50_seed20310813_small_battery,20310813,composite
5,two_opt,0.8880453688256637,684.4835146849279,684.4835146849279,0.0,False,0,True,0.001504874999227468,0.03843116799907875,"{'instance': 'synthetic_evrptw_n50_seed20310813_small_battery', 'scale': 50, 'seed': 20310813, 'source': 'composite'}",,small_battery,E_adaptive_portfolio,synthetic_evrptw_n50_seed20310813_small_battery,20310813,composite
6,relocate,0.6996219073425236,684.4835146849279,677.4726858745734,0.010242509366469733,True,2,True,0.01191520800057333,0.05034637599965208,"{'instance': 'synthetic_evrptw_n50_seed20310813_small_battery', 'scale': 50, 'seed': 20310813, 'source': 'composite'}",,small_battery,E_adaptive_portfolio,synthetic_evrptw_n50_seed20310813_small_battery,20310813,composite
7,swap,0.7100333109882556,677.4726858745734,677.4726858745734,0.0,False,0,True,0.005194375000428408,0.05554075100008049,"{'instance': 'synthetic_evrptw_n50_seed20310813_small_battery', 'scale': 50, 'seed': 20310813, 'source': 'composite'}",,small_battery,E_adaptive_portfolio,synthetic_evrptw_n50_seed20310813_small_battery,20310813,composite
8,two_opt,0.7137668931181662,677.4726858745734,677.4726858745734,0.0,False,0,True,0.0015060420009831432,0.057046793001063634,"{'instance': 'synthetic_evrptw_n50_seed20310813_small_battery', 'scale': 50, 'seed': 20310813, 'source': 'composite'}",,small_battery,E_adaptive_portfolio,synthetic_evrptw_n50_seed20310813_small_battery,20310813,composite
9,relocate,0.6271904159011494,677.4726858745734,669.3557549198673,0.011981192930645783,True,2,True,0.012456458000087878,0.06950325100115151,"{'instance': 'synthetic_evrptw_n50_seed20310813_small_battery', 'scale': 50, 'seed': 20310813, 'source': 'composite'}",,small_battery,E_adaptive_portfolio,synthetic_evrptw_n50_seed20310813_small_battery,20310813,composite
10,swap,0.6263034832724372,669.3557549198673,669.3557549198673,0.0,False,0,True,0.005188582999835489,0.074691834000987,"{'instance': 'synthetic_evrptw_n50_seed20310813_small_battery', 'scale': 50, 'seed': 20310813, 'source': 'composite'}",,small_battery,E_adaptive_portfolio,synthetic_evrptw_n50_seed20310813_small_battery,20310813,composite
11,two_opt,0.625824438553178,669.3557549198673,669.3557549198673,0.0,False,0,True,0.0016926669995882548,0.07638450100057526,"{'instance': 'synthetic_evrptw_n50_seed20310813_small_battery', 'scale': 50, 'seed': 20310813, 'source': 'composite'}",budget,small_battery,E_adaptive_portfolio,synthetic_evrptw_n50_seed20310813_small_battery,20310813,composite
0,two_opt,,921.5484117772131,921.5484117772131,0.0,False,0,True,0.0017092919988499489,0.0017092919988499489,"{'instance': 'synthetic_evrptw_n50_seed20310814_small_battery', 'scale': 50, 'seed': 20310814, 'source': 'nearest'}",,small_battery,E_adaptive_portfolio,synthetic_evrptw_n50_seed20310814_small_battery,20310814,nearest
1,relocate,,921.5484117772131,852.1473012768287,0.0753092399850637,True,14,True,0.012509249998402083,0.014218541997252032,"{'instance': 'synthetic_evrptw_n50_seed20310814_small_battery', 'scale': 50, 'seed': 20310814, 'source': 'nearest'}",,small_battery,E_adaptive_portfolio,synthetic_evrptw_n50_seed20310814_small_battery,20310814,nearest
2,swap,,852.1473012768287,848.3852596655552,0.004414778531407172,True,2,True,0.004947417000948917,0.01916595899820095,"{'instance': 'synthetic_evrptw_n50_seed20310814_small_battery', 'scale': 50, 'seed': 20310814, 'source': 'nearest'}",,small_battery,E_adaptive_portfolio,synthetic_evrptw_n50_seed20310814_small_battery,20310814,nearest
3,relocate,0.8090121917628071,848.3852596655552,839.8025460957695,0.010116528395565396,True,7,True,0.011303625000437023,0.030469583998637972,"{'instance': 'synthetic_evrptw_n50_seed20310814_small_battery', 'scale': 50, 'seed': 20310814, 'source': 'nearest'}",,small_battery,E_adaptive_portfolio,synthetic_evrptw_n50_seed20310814_small_battery,20310814,nearest
4,swap,0.8286017942922393,839.8025460957695,839.1684508135467,0.0007550528218456852,True,1,True,0.004982499998732237,0.03545208399737021,"{'instance': 'synthetic_evrptw_n50_seed20310814_small_battery', 'scale': 50, 'seed': 20310814, 'source': 'nearest'}",,small_battery,E_adaptive_portfolio,synthetic_evrptw_n50_seed20310814_small_battery,20310814,nearest
5,two_opt,0.8880453688256637,839.1684508135467,838.2463422021207,0.0010988361282314998,True,1,True,0.001205707998451544,0.036657791995821754,"{'instance': 'synthetic_evrptw_n50_seed20310814_small_battery', 'scale': 50, 'seed': 20310814, 'source': 'nearest'}",,small_battery,E_adaptive_portfolio,synthetic_evrptw_n50_seed20310814_small_battery,20310814,nearest
6,relocate,0.7052693496790103,838.2463422021207,815.9172269226596,0.026637891697566217,True,5,True,0.010637666000548052,0.047295457996369805,"{'instance': 'synthetic_evrptw_n50_seed20310814_small_battery', 'scale': 50, 'seed': 20310814, 'source': 'nearest'}",,small_battery,E_adaptive_portfolio,synthetic_evrptw_n50_seed20310814_small_battery,20310814,nearest
7,swap,0.6930543114636893,815.9172269226596,792.534098099685,0.028658702196014553,True,1,True,0.005300083001202438,0.05259554099757224,"{'instance': 'synthetic_evrptw_n50_seed20310814_small_battery', 'scale': 50, 'seed': 20310814, 'source': 'nearest'}",,small_battery,E_adaptive_portfolio,synthetic_evrptw_n50_seed20310814_small_battery,20310814,nearest
8,two_opt,0.714316311182282,792.534098099685,792.534098099685,0.0,False,0,True,0.0011849160000565462,0.05378045699762879,"{'instance': 'synthetic_evrptw_n50_seed20310814_small_battery', 'scale': 50, 'seed': 20310814, 'source': 'nearest'}",,small_battery,E_adaptive_portfolio,synthetic_evrptw_n50_seed20310814_small_battery,20310814,nearest
9,relocate,0.6364205049025061,792.534098099685,788.3891797075731,0.005229955912370778,True,1,True,0.01269812499958789,0.06647858199721668,"{'instance': 'synthetic_evrptw_n50_seed20310814_small_battery', 'scale': 50, 'seed': 20310814, 'source': 'nearest'}",,small_battery,E_adaptive_portfolio,synthetic_evrptw_n50_seed20310814_small_battery,20310814,nearest
10,swap,0.6245370509880646,788.3891797075731,788.3891797075731,0.0,False,0,True,0.004949624999426305,0.07142820699664298,"{'instance': 'synthetic_evrptw_n50_seed20310814_small_battery', 'scale': 50, 'seed': 20310814, 'source': 'nearest'}",,small_battery,E_adaptive_portfolio,synthetic_evrptw_n50_seed20310814_small_battery,20310814,nearest
11,two_opt,0.6261907172625886,788.3891797075731,788.3891797075731,0.0,False,0,True,0.0011560409984667785,0.07258424799510976,"{'instance': 'synthetic_evrptw_n50_seed20310814_small_battery', 'scale': 50, 'seed': 20310814, 'source': 'nearest'}",budget,small_battery,E_adaptive_portfolio,synthetic_evrptw_n50_seed20310814_small_battery,20310814,nearest
0,two_opt,,808.4635330576,808.4635330576,0.0,False,0,True,0.0019495840024319477,0.0019495840024319477,"{'instance': 'synthetic_evrptw_n50_seed20310814_small_battery', 'scale': 50, 'seed': 20310814, 'source': 'composite'}",,small_battery,E_adaptive_portfolio,synthetic_evrptw_n50_seed20310814_small_battery,20310814,composite
1,relocate,,808.4635330576,789.3962578362286,0.02358458290537747,True,8,True,0.010926625000138301,0.01287620900257025,"{'instance': 'synthetic_evrptw_n50_seed20310814_small_battery', 'scale': 50, 'seed': 20310814, 'source': 'composite'}",,small_battery,E_adaptive_portfolio,synthetic_evrptw_n50_seed20310814_small_battery,20310814,composite
2,swap,,789.3962578362286,784.0649516967214,0.006753650130190077,True,3,True,0.0056933750020107254,0.018569584004580975,"{'instance': 'synthetic_evrptw_n50_seed20310814_small_battery', 'scale': 50, 'seed': 20310814, 'source': 'composite'}",,small_battery,E_adaptive_portfolio,synthetic_evrptw_n50_seed20310814_small_battery,20310814,composite
3,relocate,0.7572875346831209,784.0649516967214,772.2296386410699,0.015094812017856271,True,5,True,0.010951791999104898,0.029521376003685873,"{'instance': 'synthetic_evrptw_n50_seed20310814_small_battery', 'scale': 50, 'seed': 20310814, 'source': 'composite'}",,small_battery,E_adaptive_portfolio,synthetic_evrptw_n50_seed20310814_small_battery,20310814,composite
4,swap,0.8309406658910222,772.2296386410699,764.3862370496707,0.010156825378007434,True,2,True,0.005336124999303138,0.03485750100298901,"{'instance': 'synthetic_evrptw_n50_seed20310814_small_battery', 'scale': 50, 'seed': 20310814, 'source': 'composite'}",,small_battery,E_adaptive_portfolio,synthetic_evrptw_n50_seed20310814_small_battery,20310814,composite
5,two_opt,0.8880453688256637,764.3862370496707,764.2841284814253,0.00013358242639154616,True,1,True,0.0018404590009595267,0.03669796000394854,"{'instance': 'synthetic_evrptw_n50_seed20310814_small_battery', 'scale': 50, 'seed': 20310814, 'source': 'composite'}",,small_battery,E_adaptive_portfolio,synthetic_evrptw_n50_seed20310814_small_battery,20310814,composite
6,relocate,0.6818961629503127,764.2841284814253,755.3547799790466,0.01168328396419885,True,1,True,0.011508290997880977,0.048206251001829514,"{'instance': 'synthetic_evrptw_n50_seed20310814_small_battery', 'scale': 50, 'seed': 20310814, 'source': 'composite'}",,small_battery,E_adaptive_portfolio,synthetic_evrptw_n50_seed20310814_small_battery,20310814,composite
7,swap,0.6989246335411616,755.3547799790466,755.3547799790466,0.0,False,0,True,0.005698958000721177,0.05390520900255069,"{'instance': 'synthetic_evrptw_n50_seed20310814_small_battery', 'scale': 50, 'seed': 20310814, 'source': 'composite'}",,small_battery,E_adaptive_portfolio,synthetic_evrptw_n50_seed20310814_small_battery,20310814,composite
8,two_opt,0.713833684331362,755.3547799790466,755.3547799790466,0.0,False,0,True,0.0016564999968977645,0.055561708999448456,"{'instance': 'synthetic_evrptw_n50_seed20310814_small_battery', 'scale': 50, 'seed': 20310814, 'source': 'composite'}",,small_battery,E_adaptive_portfolio,synthetic_evrptw_n50_seed20310814_small_battery,20310814,composite
9,relocate,0.615853511172252,755.3547799790466,755.3547799790466,0.0,False,0,True,0.012227750001329696,0.06778945900077815,"{'instance': 'synthetic_evrptw_n50_seed20310814_small_battery', 'scale': 50, 'seed': 20310814, 'source': 'composite'}",,small_battery,E_adaptive_portfolio,synthetic_evrptw_n50_seed20310814_small_battery,20310814,composite
10,swap,0.6188976983077079,755.3547799790466,755.3547799790466,0.0,False,0,True,0.005676708999089897,0.07346616799986805,"{'instance': 'synthetic_evrptw_n50_seed20310814_small_battery', 'scale': 50, 'seed': 20310814, 'source': 'composite'}",patience,small_battery,E_adaptive_portfolio,synthetic_evrptw_n50_seed20310814_small_battery,20310814,composite
0,two_opt,,718.7258243808619,718.7258243808619,0.0,False,0,True,0.0018045409997284878,0.0018045409997284878,"{'instance': 'synthetic_evrptw_n50_seed20310815_small_battery', 'scale': 50, 'seed': 20310815, 'source': 'nearest'}",,small_battery,E_adaptive_portfolio,synthetic_evrptw_n50_seed20310815_small_battery,20310815,nearest
1,relocate,,718.7258243808619,688.6850798682422,0.04179722432889902,True,8,True,0.011305500000162283,0.01311004099989077,"{'instance': 'synthetic_evrptw_n50_seed20310815_small_battery', 'scale': 50, 'seed': 20310815, 'source': 'nearest'}",,small_battery,E_adaptive_portfolio,synthetic_evrptw_n50_seed20310815_small_battery,20310815,nearest
2,swap,,688.6850798682422,670.518594210808,0.026378509116111094,True,3,True,0.0048506250022910535,0.017960666002181824,"{'instance': 'synthetic_evrptw_n50_seed20310815_small_battery', 'scale': 50, 'seed': 20310815, 'source': 'nearest'}",,small_battery,E_adaptive_portfolio,synthetic_evrptw_n50_seed20310815_small_battery,20310815,nearest
3,relocate,0.7755001761066425,670.518594210808,669.483342427037,0.001543956860718438,True,3,True,0.01154954099911265,0.029510207001294475,"{'instance': 'synthetic_evrptw_n50_seed20310815_small_battery', 'scale': 50, 'seed': 20310815, 'source': 'nearest'}",,small_battery,E_adaptive_portfolio,synthetic_evrptw_n50_seed20310815_small_battery,20310815,nearest
4,swap,0.8505655248769433,669.483342427037,667.3637462669288,0.003166017771889721,True,1,True,0.004713541002274724,0.0342237480035692,"{'instance': 'synthetic_evrptw_n50_seed20310815_small_battery', 'scale': 50, 'seed': 20310815, 'source': 'nearest'}",,small_battery,E_adaptive_portfolio,synthetic_evrptw_n50_seed20310815_small_battery,20310815,nearest
5,two_opt,0.8880453688256637,667.3637462669288,667.3637462669288,0.0,False,0,True,0.0014799169985053595,0.03570366500207456,"{'instance': 'synthetic_evrptw_n50_seed20310815_small_battery', 'scale': 50, 'seed': 20310815, 'source': 'nearest'}",,small_battery,E_adaptive_portfolio,synthetic_evrptw_n50_seed20310815_small_battery,20310815,nearest
6,relocate,0.6842270560835045,667.3637462669288,656.9643861730714,0.015582746518714823,True,2,True,0.011242208998737624,0.04694587400081218,"{'instance': 'synthetic_evrptw_n50_seed20310815_small_battery', 'scale': 50, 'seed': 20310815, 'source': 'nearest'}",,small_battery,E_adaptive_portfolio,synthetic_evrptw_n50_seed20310815_small_battery,20310815,nearest
7,swap,0.7052416592310633,656.9643861730714,655.6846988081564,0.00194787935517986,True,1,True,0.004827667002246017,0.0517735410030582,"{'instance': 'synthetic_evrptw_n50_seed20310815_small_battery', 'scale': 50, 'seed': 20310815, 'source': 'nearest'}",,small_battery,E_adaptive_portfolio,synthetic_evrptw_n50_seed20310815_small_battery,20310815,nearest
8,two_opt,0.7137668931181662,655.6846988081564,655.6846988081564,0.0,False,0,True,0.0017077079974114895,0.05348124900046969,"{'instance': 'synthetic_evrptw_n50_seed20310815_small_battery', 'scale': 50, 'seed': 20310815, 'source': 'nearest'}",,small_battery,E_adaptive_portfolio,synthetic_evrptw_n50_seed20310815_small_battery,20310815,nearest
9,relocate,0.6187072607792184,655.6846988081564,654.4891217108845,0.0018234024668336843,True,1,True,0.01160354199964786,0.06508479100011755,"{'instance': 'synthetic_evrptw_n50_seed20310815_small_battery', 'scale': 50, 'seed': 20310815, 'source': 'nearest'}",,small_battery,E_adaptive_portfolio,synthetic_evrptw_n50_seed20310815_small_battery,20310815,nearest
10,swap,0.6237583418860357,654.4891217108845,654.3803443008728,0.0001662020137590268,True,1,True,0.0050968750001629815,0.07018166600028053,"{'instance': 'synthetic_evrptw_n50_seed20310815_small_battery', 'scale': 50, 'seed': 20310815, 'source': 'nearest'}",,small_battery,E_adaptive_portfolio,synthetic_evrptw_n50_seed20310815_small_battery,20310815,nearest
11,two_opt,0.625824438553178,654.3803443008728,654.3803443008728,0.0,False,0,True,0.0018617499990796205,0.07204341599936015,"{'instance': 'synthetic_evrptw_n50_seed20310815_small_battery', 'scale': 50, 'seed': 20310815, 'source': 'nearest'}",budget,small_battery,E_adaptive_portfolio,synthetic_evrptw_n50_seed20310815_small_battery,20310815,nearest
0,two_opt,,778.3471543180067,778.3471543180067,0.0,False,0,True,0.0015667919979023281,0.0015667919979023281,"{'instance': 'synthetic_evrptw_n50_seed20310815_small_battery', 'scale': 50, 'seed': 20310815, 'source': 'composite'}",,small_battery,E_adaptive_portfolio,synthetic_evrptw_n50_seed20310815_small_battery,20310815,composite
1,relocate,,778.3471543180067,748.2977239057553,0.03860671969512226,True,11,True,0.011839624999993248,0.013406416997895576,"{'instance': 'synthetic_evrptw_n50_seed20310815_small_battery', 'scale': 50, 'seed': 20310815, 'source': 'composite'}",,small_battery,E_adaptive_portfolio,synthetic_evrptw_n50_seed20310815_small_battery,20310815,composite
2,swap,,748.2977239057553,741.586101095937,0.008969187791707918,True,3,True,0.004774875000293832,0.01818129199818941,"{'instance': 'synthetic_evrptw_n50_seed20310815_small_battery', 'scale': 50, 'seed': 20310815, 'source': 'composite'}",,small_battery,E_adaptive_portfolio,synthetic_evrptw_n50_seed20310815_small_battery,20310815,composite
3,relocate,0.7723096714728658,741.586101095937,726.8622416148876,0.019854551560891033,True,3,True,0.011540041999978712,0.02972133399816812,"{'instance': 'synthetic_evrptw_n50_seed20310815_small_battery', 'scale': 50, 'seed': 20310815, 'source': 'composite'}",,small_battery,E_adaptive_portfolio,synthetic_evrptw_n50_seed20310815_small_battery,20310815,composite
4,swap,0.8331562035525402,726.8622416148876,725.9851275701509,0.0012067129017294671,True,1,True,0.005230458998994436,0.034951792997162556,"{'instance': 'synthetic_evrptw_n50_seed20310815_small_battery', 'scale': 50, 'seed': 20310815, 'source': 'composite'}",,small_battery,E_adaptive_portfolio,synthetic_evrptw_n50_seed20310815_small_battery,20310815,composite
5,two_opt,0.8880453688256637,725.9851275701509,725.9229969232331,8.558115663575273e-05,True,1,True,0.0012982919979549479,0.036250084995117504,"{'instance': 'synthetic_evrptw_n50_seed20310815_small_battery', 'scale': 50, 'seed': 20310815, 'source': 'composite'}",,small_battery,E_adaptive_portfolio,synthetic_evrptw_n50_seed20310815_small_battery,20310815,composite
6,relocate,0.6917871011167025,725.9229969232331,707.4751541675435,0.02541294714987588,True,4,True,0.011487666000903118,0.04773775099602062,"{'instance': 'synthetic_evrptw_n50_seed20310815_small_battery', 'scale': 50, 'seed': 20310815, 'source': 'composite'}",,small_battery,E_adaptive_portfolio,synthetic_evrptw_n50_seed20310815_small_battery,20310815,composite
7,swap,0.6955573461337816,707.4751541675435,702.0633276421281,0.007649493404165135,True,3,True,0.0055914170006872155,0.05332916799670784,"{'instance': 'synthetic_evrptw_n50_seed20310815_small_battery', 'scale': 50, 'seed': 20310815, 'source': 'composite'}",,small_battery,E_adaptive_portfolio,synthetic_evrptw_n50_seed20310815_small_battery,20310815,composite
8,two_opt,0.7138096836964841,702.0633276421281,698.0347399212214,0.005738211301303315,True,2,True,0.0014867089994368143,0.05481587699614465,"{'instance': 'synthetic_evrptw_n50_seed20310815_small_battery', 'scale': 50, 'seed': 20310815, 'source': 'composite'}",,small_battery,E_adaptive_portfolio,synthetic_evrptw_n50_seed20310815_small_battery,20310815,composite
9,relocate,0.6270240243450708,698.0347399212214,683.8421370371195,0.020332230005778308,True,5,True,0.011013208000804298,0.06582908499694895,"{'instance': 'synthetic_evrptw_n50_seed20310815_small_battery', 'scale': 50, 'seed': 20310815, 'source': 'composite'}",,small_battery,E_adaptive_portfolio,synthetic_evrptw_n50_seed20310815_small_battery,20310815,composite
10,swap,0.6192026711708429,683.8421370371195,682.5624496722045,0.0018713198494312525,True,1,True,0.005564540999330347,0.0713936259962793,"{'instance': 'synthetic_evrptw_n50_seed20310815_small_battery', 'scale': 50, 'seed': 20310815, 'source': 'composite'}",,small_battery,E_adaptive_portfolio,synthetic_evrptw_n50_seed20310815_small_battery,20310815,composite
11,two_opt,0.6277657027058244,682.5624496722045,682.5624496722045,0.0,False,0,True,0.0013978749993839301,0.07279150099566323,"{'instance': 'synthetic_evrptw_n50_seed20310815_small_battery', 'scale': 50, 'seed': 20310815, 'source': 'composite'}",budget,small_battery,E_adaptive_portfolio,synthetic_evrptw_n50_seed20310815_small_battery,20310815,composite
0,two_opt,,835.9644339546614,835.9644339546614,0.0,False,0,True,0.0017709580024529714,0.0017709580024529714,"{'instance': 'synthetic_evrptw_n50_seed20310816_small_battery', 'scale': 50, 'seed': 20310816, 'source': 'nearest'}",,small_battery,E_adaptive_portfolio,synthetic_evrptw_n50_seed20310816_small_battery,20310816,nearest
1,relocate,,835.9644339546614,796.3436744592049,0.047395269327457315,True,8,True,0.01228083300156868,0.014051791004021652,"{'instance': 'synthetic_evrptw_n50_seed20310816_small_battery', 'scale': 50, 'seed': 20310816, 'source': 'nearest'}",,small_battery,E_adaptive_portfolio,synthetic_evrptw_n50_seed20310816_small_battery,20310816,nearest
2,swap,,796.3436744592049,790.3924401714022,0.007473198417560273,True,2,True,0.004953625000780448,0.0190054160048021,"{'instance': 'synthetic_evrptw_n50_seed20310816_small_battery', 'scale': 50, 'seed': 20310816, 'source': 'nearest'}",,small_battery,E_adaptive_portfolio,synthetic_evrptw_n50_seed20310816_small_battery,20310816,nearest
3,relocate,0.7810982211052008,790.3924401714022,778.554107482412,0.0149777908888185,True,4,True,0.011542791002284503,0.030548207007086603,"{'instance': 'synthetic_evrptw_n50_seed20310816_small_battery', 'scale': 50, 'seed': 20310816, 'source': 'nearest'}",,small_battery,E_adaptive_portfolio,synthetic_evrptw_n50_seed20310816_small_battery,20310816,nearest
4,swap,0.8316602141783924,778.554107482412,778.4894874630677,8.300003650770128e-05,True,1,True,0.005335541001841193,0.035883748008927796,"{'instance': 'synthetic_evrptw_n50_seed20310816_small_battery', 'scale': 50, 'seed': 20310816, 'source': 'nearest'}",,small_battery,E_adaptive_portfolio,synthetic_evrptw_n50_seed20310816_small_battery,20310816,nearest
5,two_opt,0.8880453688256637,778.4894874630677,771.9396878551262,0.00841347213214904,True,2,True,0.0015191249985946342,0.03740287300752243,"{'instance': 'synthetic_evrptw_n50_seed20310816_small_battery', 'scale': 50, 'seed': 20310816, 'source': 'nearest'}",,small_battery,E_adaptive_portfolio,synthetic_evrptw_n50_seed20310816_small_battery,20310816,nearest
6,relocate,0.6937429955968337,771.9396878551262,771.6627961646868,0.0003586960157583218,True,2,True,0.01239374999931897,0.0497966230068414,"{'instance': 'synthetic_evrptw_n50_seed20310816_small_battery', 'scale': 50, 'seed': 20310816, 'source': 'nearest'}",,small_battery,E_adaptive_portfolio,synthetic_evrptw_n50_seed20310816_small_battery,20310816,nearest
7,two_opt,0.6946761318531374,771.6627961646868,771.6627961646868,0.0,False,0,True,0.00145445800080779,0.05125108100764919,"{'instance': 'synthetic_evrptw_n50_seed20310816_small_battery', 'scale': 50, 'seed': 20310816, 'source': 'nearest'}",,small_battery,E_adaptive_portfolio,synthetic_evrptw_n50_seed20310816_small_battery,20310816,nearest
8,swap,0.7175449923452002,771.6627961646868,771.6627961646868,0.0,False,0,True,0.0054131249999045394,0.05666420600755373,"{'instance': 'synthetic_evrptw_n50_seed20310816_small_battery', 'scale': 50, 'seed': 20310816, 'source': 'nearest'}",,small_battery,E_adaptive_portfolio,synthetic_evrptw_n50_seed20310816_small_battery,20310816,nearest
9,relocate,0.6199765369537857,771.6627961646868,771.6627961646868,0.0,False,0,True,0.0125875840021763,0.06925179000973003,"{'instance': 'synthetic_evrptw_n50_seed20310816_small_battery', 'scale': 50, 'seed': 20310816, 'source': 'nearest'}",,small_battery,E_adaptive_portfolio,synthetic_evrptw_n50_seed20310816_small_battery,20310816,nearest
10,two_opt,0.6160653638490251,771.6627961646868,771.6627961646868,0.0,False,0,True,0.0014112919998297002,0.07066308200955973,"{'instance': 'synthetic_evrptw_n50_seed20310816_small_battery', 'scale': 50, 'seed': 20310816, 'source': 'nearest'}",patience,small_battery,E_adaptive_portfolio,synthetic_evrptw_n50_seed20310816_small_battery,20310816,nearest
0,two_opt,,878.1496177681189,878.1496177681189,0.0,False,0,True,0.0012102910004614387,0.0012102910004614387,"{'instance': 'synthetic_evrptw_n50_seed20310816_small_battery', 'scale': 50, 'seed': 20310816, 'source': 'composite'}",,small_battery,E_adaptive_portfolio,synthetic_evrptw_n50_seed20310816_small_battery,20310816,composite
1,relocate,,878.1496177681189,835.644300502467,0.048403274801488004,True,13,True,0.010874458002945175,0.012084749003406614,"{'instance': 'synthetic_evrptw_n50_seed20310816_small_battery', 'scale': 50, 'seed': 20310816, 'source': 'composite'}",,small_battery,E_adaptive_portfolio,synthetic_evrptw_n50_seed20310816_small_battery,20310816,composite
2,swap,,835.644300502467,817.2187241912271,0.022049544644965204,True,3,True,0.005786582998553058,0.017871332001959672,"{'instance': 'synthetic_evrptw_n50_seed20310816_small_battery', 'scale': 50, 'seed': 20310816, 'source': 'composite'}",,small_battery,E_adaptive_portfolio,synthetic_evrptw_n50_seed20310816_small_battery,20310816,composite
3,relocate,0.7821062265792315,817.2187241912271,807.7094881856486,0.011636096584778384,True,5,True,0.010917790998064447,0.02878912300002412,"{'instance': 'synthetic_evrptw_n50_seed20310816_small_battery', 'scale': 50, 'seed': 20310816, 'source': 'composite'}",,small_battery,E_adaptive_portfolio,synthetic_evrptw_n50_seed20310816_small_battery,20310816,composite
4,swap,0.8462365604057974,807.7094881856486,806.7769914266847,0.0011544952394437849,True,1,True,0.005515708002349129,0.03430483100237325,"{'instance': 'synthetic_evrptw_n50_seed20310816_small_battery', 'scale': 50, 'seed': 20310816, 'source': 'composite'}",,small_battery,E_adaptive_portfolio,synthetic_evrptw_n50_seed20310816_small_battery,20310816,composite
5,two_opt,0.8880453688256637,806.7769914266847,806.7769914266847,0.0,False,0,True,0.0011210000011487864,0.035425831003522035,"{'instance': 'synthetic_evrptw_n50_seed20310816_small_battery', 'scale': 50, 'seed': 20310816, 'source': 'composite'}",,small_battery,E_adaptive_portfolio,synthetic_evrptw_n50_seed20310816_small_battery,20310816,composite
6,relocate,0.692576151181829,806.7769914266847,805.5991719453638,0.0014599071290297204,True,3,True,0.011740957997972146,0.04716678900149418,"{'instance': 'synthetic_evrptw_n50_seed20310816_small_battery', 'scale': 50, 'seed': 20310816, 'source': 'composite'}",,small_battery,E_adaptive_portfolio,synthetic_evrptw_n50_seed20310816_small_battery,20310816,composite
7,swap,0.7020714157292673,805.5991719453638,805.5991719453638,0.0,False,0,True,0.005235374999756459,0.05240216400125064,"{'instance': 'synthetic_evrptw_n50_seed20310816_small_battery', 'scale': 50, 'seed': 20310816, 'source': 'composite'}",,small_battery,E_adaptive_portfolio,synthetic_evrptw_n50_seed20310816_small_battery,20310816,composite
8,two_opt,0.7137668931181662,805.5991719453638,805.5991719453638,0.0,False,0,True,0.0011105419980594888,0.05351270599931013,"{'instance': 'synthetic_evrptw_n50_seed20310816_small_battery', 'scale': 50, 'seed': 20310816, 'source': 'composite'}",,small_battery,E_adaptive_portfolio,synthetic_evrptw_n50_seed20310816_small_battery,20310816,composite
9,relocate,0.6195657110482065,805.5991719453638,805.5991719453638,0.0,False,0,True,0.011862291001307312,0.06537499700061744,"{'instance': 'synthetic_evrptw_n50_seed20310816_small_battery', 'scale': 50, 'seed': 20310816, 'source': 'composite'}",,small_battery,E_adaptive_portfolio,synthetic_evrptw_n50_seed20310816_small_battery,20310816,composite
10,swap,0.6209955530997785,805.5991719453638,805.5991719453638,0.0,False,0,True,0.005414750001364155,0.0707897470019816,"{'instance': 'synthetic_evrptw_n50_seed20310816_small_battery', 'scale': 50, 'seed': 20310816, 'source': 'composite'}",patience,small_battery,E_adaptive_portfolio,synthetic_evrptw_n50_seed20310816_small_battery,20310816,composite
0,two_opt,,801.4594057262916,801.4594057262916,0.0,False,0,True,0.0014938750027795322,0.0014938750027795322,"{'instance': 'synthetic_evrptw_n50_seed20310817_small_battery', 'scale': 50, 'seed': 20310817, 'source': 'nearest'}",,small_battery,E_adaptive_portfolio,synthetic_evrptw_n50_seed20310817_small_battery,20310817,nearest
1,relocate,,801.4594057262916,789.8497753202363,0.014485612525233936,True,6,True,0.011233625002205372,0.012727500004984904,"{'instance': 'synthetic_evrptw_n50_seed20310817_small_battery', 'scale': 50, 'seed': 20310817, 'source': 'nearest'}",,small_battery,E_adaptive_portfolio,synthetic_evrptw_n50_seed20310817_small_battery,20310817,nearest
2,swap,,789.8497753202363,775.1048154356295,0.018668056059937016,True,2,True,0.004763000000821194,0.017490500005806098,"{'instance': 'synthetic_evrptw_n50_seed20310817_small_battery', 'scale': 50, 'seed': 20310817, 'source': 'nearest'}",,small_battery,E_adaptive_portfolio,synthetic_evrptw_n50_seed20310817_small_battery,20310817,nearest
3,swap,0.7523710078376805,775.1048154356295,772.5448758340308,0.0033027011968180297,True,1,True,0.004793208001501625,0.022283708007307723,"{'instance': 'synthetic_evrptw_n50_seed20310817_small_battery', 'scale': 50, 'seed': 20310817, 'source': 'nearest'}",,small_battery,E_adaptive_portfolio,synthetic_evrptw_n50_seed20310817_small_battery,20310817,nearest
4,relocate,0.8386726282860661,772.5448758340308,756.425872376967,0.02086481182036428,True,6,True,0.01098137499866425,0.033265083005971974,"{'instance': 'synthetic_evrptw_n50_seed20310817_small_battery', 'scale': 50, 'seed': 20310817, 'source': 'nearest'}",,small_battery,E_adaptive_portfolio,synthetic_evrptw_n50_seed20310817_small_battery,20310817,nearest
5,two_opt,0.8880453688256637,756.425872376967,749.113844993355,0.009666548502148676,True,2,True,0.0017130419983004685,0.03497812500427244,"{'instance': 'synthetic_evrptw_n50_seed20310817_small_battery', 'scale': 50, 'seed': 20310817, 'source': 'nearest'}",,small_battery,E_adaptive_portfolio,synthetic_evrptw_n50_seed20310817_small_battery,20310817,nearest
6,relocate,0.680231677661495,749.113844993355,745.8129885898381,0.004406348147985587,True,4,True,0.01054291699983878,0.04552104200411122,"{'instance': 'synthetic_evrptw_n50_seed20310817_small_battery', 'scale': 50, 'seed': 20310817, 'source': 'nearest'}",,small_battery,E_adaptive_portfolio,synthetic_evrptw_n50_seed20310817_small_battery,20310817,nearest
7,swap,0.7014547744154405,745.8129885898381,745.0733594815181,0.0009917085377106787,True,2,True,0.00530179199995473,0.05082283400406595,"{'instance': 'synthetic_evrptw_n50_seed20310817_small_battery', 'scale': 50, 'seed': 20310817, 'source': 'nearest'}",,small_battery,E_adaptive_portfolio,synthetic_evrptw_n50_seed20310817_small_battery,20310817,nearest
8,two_opt,0.7186001673692406,745.0733594815181,744.27246372992,0.0010749220078884831,True,1,True,0.0015141249969019555,0.05233695900096791,"{'instance': 'synthetic_evrptw_n50_seed20310817_small_battery', 'scale': 50, 'seed': 20310817, 'source': 'nearest'}",,small_battery,E_adaptive_portfolio,synthetic_evrptw_n50_seed20310817_small_battery,20310817,nearest
9,relocate,0.612318209040969,744.27246372992,710.9452977750943,0.044778179469124296,True,3,True,0.011547999998583691,0.0638849589995516,"{'instance': 'synthetic_evrptw_n50_seed20310817_small_battery', 'scale': 50, 'seed': 20310817, 'source': 'nearest'}",,small_battery,E_adaptive_portfolio,synthetic_evrptw_n50_seed20310817_small_battery,20310817,nearest
10,swap,0.6209150284031307,710.9452977750943,710.9452977750943,0.0,False,0,True,0.0052985420006734785,0.06918350100022508,"{'instance': 'synthetic_evrptw_n50_seed20310817_small_battery', 'scale': 50, 'seed': 20310817, 'source': 'nearest'}",,small_battery,E_adaptive_portfolio,synthetic_evrptw_n50_seed20310817_small_battery,20310817,nearest
11,two_opt,0.6294049287231904,710.9452977750943,710.1746217791226,0.0010840158847432394,True,1,True,0.0014130000017757993,0.07059650100200088,"{'instance': 'synthetic_evrptw_n50_seed20310817_small_battery', 'scale': 50, 'seed': 20310817, 'source': 'nearest'}",budget,small_battery,E_adaptive_portfolio,synthetic_evrptw_n50_seed20310817_small_battery,20310817,nearest
0,two_opt,,806.2369524153319,806.2369524153319,0.0,False,0,True,0.001634583000850398,0.001634583000850398,"{'instance': 'synthetic_evrptw_n50_seed20310817_small_battery', 'scale': 50, 'seed': 20310817, 'source': 'composite'}",,small_battery,E_adaptive_portfolio,synthetic_evrptw_n50_seed20310817_small_battery,20310817,composite
1,relocate,,806.2369524153319,790.1492750861555,0.019954031232357623,True,5,True,0.011683916000038153,0.01331849900088855,"{'instance': 'synthetic_evrptw_n50_seed20310817_small_battery', 'scale': 50, 'seed': 20310817, 'source': 'composite'}",,small_battery,E_adaptive_portfolio,synthetic_evrptw_n50_seed20310817_small_battery,20310817,composite
2,swap,,790.1492750861555,751.0609346197956,0.04946956442135296,True,2,True,0.0047680829993623774,0.018086582000250928,"{'instance': 'synthetic_evrptw_n50_seed20310817_small_battery', 'scale': 50, 'seed': 20310817, 'source': 'composite'}",,small_battery,E_adaptive_portfolio,synthetic_evrptw_n50_seed20310817_small_battery,20310817,composite
3,swap,0.7831725161990964,751.0609346197956,751.0609346197956,0.0,False,0,True,0.004618458002369152,0.02270504000262008,"{'instance': 'synthetic_evrptw_n50_seed20310817_small_battery', 'scale': 50, 'seed': 20310817, 'source': 'composite'}",,small_battery,E_adaptive_portfolio,synthetic_evrptw_n50_seed20310817_small_battery,20310817,composite
4,relocate,0.8441410469931898,751.0609346197956,714.939639878754,0.04809369396815597,True,4,True,0.011289999998552958,0.03399504000117304,"{'instance': 'synthetic_evrptw_n50_seed20310817_small_battery', 'scale': 50, 'seed': 20310817, 'source': 'composite'}",,small_battery,E_adaptive_portfolio,synthetic_evrptw_n50_seed20310817_small_battery,20310817,composite
5,two_opt,0.8880453688256637,714.939639878754,701.5354468206066,0.0187487059193145,True,2,True,0.0019191669998690486,0.03591420700104209,"{'instance': 'synthetic_evrptw_n50_seed20310817_small_battery', 'scale': 50, 'seed': 20310817, 'source': 'composite'}",,small_battery,E_adaptive_portfolio,synthetic_evrptw_n50_seed20310817_small_battery,20310817,composite
6,relocate,0.6965803280889526,701.5354468206066,694.3921449207152,0.01018238199119547,True,3,True,0.011603750001086155,0.04751795700212824,"{'instance': 'synthetic_evrptw_n50_seed20310817_small_battery', 'scale': 50, 'seed': 20310817, 'source': 'composite'}",,small_battery,E_adaptive_portfolio,synthetic_evrptw_n50_seed20310817_small_battery,20310817,composite
7,swap,0.7152041779977394,694.3921449207152,691.5865494275585,0.004040361795102183,True,1,True,0.005033375000493834,0.052551332002622075,"{'instance': 'synthetic_evrptw_n50_seed20310817_small_battery', 'scale': 50, 'seed': 20310817, 'source': 'composite'}",,small_battery,E_adaptive_portfolio,synthetic_evrptw_n50_seed20310817_small_battery,20310817,composite
8,two_opt,0.7231412460778235,691.5865494275585,691.5865494275585,0.0,False,0,True,0.0015444999989995267,0.0540958320016216,"{'instance': 'synthetic_evrptw_n50_seed20310817_small_battery', 'scale': 50, 'seed': 20310817, 'source': 'composite'}",,small_battery,E_adaptive_portfolio,synthetic_evrptw_n50_seed20310817_small_battery,20310817,composite
9,relocate,0.6251426539403441,691.5865494275585,689.7837930617314,0.002606696685063048,True,2,True,0.011375291996955639,0.06547112399857724,"{'instance': 'synthetic_evrptw_n50_seed20310817_small_battery', 'scale': 50, 'seed': 20310817, 'source': 'composite'}",,small_battery,E_adaptive_portfolio,synthetic_evrptw_n50_seed20310817_small_battery,20310817,composite
10,swap,0.6310975152104605,689.7837930617314,689.7837930617314,0.0,False,0,True,0.005023083002015483,0.07049420700059272,"{'instance': 'synthetic_evrptw_n50_seed20310817_small_battery', 'scale': 50, 'seed': 20310817, 'source': 'composite'}",,small_battery,E_adaptive_portfolio,synthetic_evrptw_n50_seed20310817_small_battery,20310817,composite
11,two_opt,0.6320740071929496,689.7837930617314,689.7837930617314,0.0,False,0,True,0.0015590830007568002,0.07205329000134952,"{'instance': 'synthetic_evrptw_n50_seed20310817_small_battery', 'scale': 50, 'seed': 20310817, 'source': 'composite'}",budget,small_battery,E_adaptive_portfolio,synthetic_evrptw_n50_seed20310817_small_battery,20310817,composite
0,two_opt,,769.2181034090133,769.2181034090133,0.0,False,0,True,0.001929791000293335,0.001929791000293335,"{'instance': 'synthetic_evrptw_n50_seed20310818_small_battery', 'scale': 50, 'seed': 20310818, 'source': 'nearest'}",,small_battery,E_adaptive_portfolio,synthetic_evrptw_n50_seed20310818_small_battery,20310818,nearest
1,relocate,,769.2181034090133,725.9945047139914,0.05619160353021332,True,9,True,0.011543166998308152,0.013472957998601487,"{'instance': 'synthetic_evrptw_n50_seed20310818_small_battery', 'scale': 50, 'seed': 20310818, 'source': 'nearest'}",,small_battery,E_adaptive_portfolio,synthetic_evrptw_n50_seed20310818_small_battery,20310818,nearest
2,swap,,725.9945047139914,723.7622524225364,0.0030747509477835355,True,2,True,0.004740374999528285,0.018213332998129772,"{'instance': 'synthetic_evrptw_n50_seed20310818_small_battery', 'scale': 50, 'seed': 20310818, 'source': 'nearest'}",,small_battery,E_adaptive_portfolio,synthetic_evrptw_n50_seed20310818_small_battery,20310818,nearest
3,relocate,0.7898945553079568,723.7622524225364,714.7601005400373,0.012437995836847815,True,3,True,0.011705749999237014,0.029919082997366786,"{'instance': 'synthetic_evrptw_n50_seed20310818_small_battery', 'scale': 50, 'seed': 20310818, 'source': 'nearest'}",,small_battery,E_adaptive_portfolio,synthetic_evrptw_n50_seed20310818_small_battery,20310818,nearest
4,swap,0.8272617667086157,714.7601005400373,713.2314566528058,0.00213868105687005,True,2,True,0.004774875000293832,0.03469395799766062,"{'instance': 'synthetic_evrptw_n50_seed20310818_small_battery', 'scale': 50, 'seed': 20310818, 'source': 'nearest'}",,small_battery,E_adaptive_portfolio,synthetic_evrptw_n50_seed20310818_small_battery,20310818,nearest
5,two_opt,0.8880453688256637,713.2314566528058,711.167181720846,0.002894256713868871,True,2,True,0.0015439999988302588,0.03623795799649088,"{'instance': 'synthetic_evrptw_n50_seed20310818_small_battery', 'scale': 50, 'seed': 20310818, 'source': 'nearest'}",,small_battery,E_adaptive_portfolio,synthetic_evrptw_n50_seed20310818_small_battery,20310818,nearest
6,relocate,0.6968712651722264,711.167181720846,703.6371694343503,0.010588244902239335,True,2,True,0.011591916998440865,0.04782987499493174,"{'instance': 'synthetic_evrptw_n50_seed20310818_small_battery', 'scale': 50, 'seed': 20310818, 'source': 'nearest'}",,small_battery,E_adaptive_portfolio,synthetic_evrptw_n50_seed20310818_small_battery,20310818,nearest
7,swap,0.6930761117893897,703.6371694343503,703.6371694343503,0.0,False,0,True,0.004660790997149888,0.05249066599208163,"{'instance': 'synthetic_evrptw_n50_seed20310818_small_battery', 'scale': 50, 'seed': 20310818, 'source': 'nearest'}",,small_battery,E_adaptive_portfolio,synthetic_evrptw_n50_seed20310818_small_battery,20310818,nearest
8,two_opt,0.7152140214751006,703.6371694343503,702.9403165740379,0.0009903582280518847,True,1,True,0.0019849579985020682,0.0544756239905837,"{'instance': 'synthetic_evrptw_n50_seed20310818_small_battery', 'scale': 50, 'seed': 20310818, 'source': 'nearest'}",,small_battery,E_adaptive_portfolio,synthetic_evrptw_n50_seed20310818_small_battery,20310818,nearest
9,relocate,0.6254718996328745,702.9403165740379,695.9329880455755,0.009968596711900686,True,2,True,0.01123308399837697,0.06570870798896067,"{'instance': 'synthetic_evrptw_n50_seed20310818_small_battery', 'scale': 50, 'seed': 20310818, 'source': 'nearest'}",,small_battery,E_adaptive_portfolio,synthetic_evrptw_n50_seed20310818_small_battery,20310818,nearest
10,swap,0.6149986838065267,695.9329880455755,695.3002215979899,0.000909234737330998,True,1,True,0.004711666999355657,0.07042037498831633,"{'instance': 'synthetic_evrptw_n50_seed20310818_small_battery', 'scale': 50, 'seed': 20310818, 'source': 'nearest'}",,small_battery,E_adaptive_portfolio,synthetic_evrptw_n50_seed20310818_small_battery,20310818,nearest
11,two_opt,0.627119310200485,695.3002215979899,695.3002215979899,0.0,False,0,True,0.0014649580007244367,0.07188533298904076,"{'instance': 'synthetic_evrptw_n50_seed20310818_small_battery', 'scale': 50, 'seed': 20310818, 'source': 'nearest'}",budget,small_battery,E_adaptive_portfolio,synthetic_evrptw_n50_seed20310818_small_battery,20310818,nearest
0,two_opt,,816.5700895897972,816.5700895897972,0.0,False,0,True,0.0014300830007414334,0.0014300830007414334,"{'instance': 'synthetic_evrptw_n50_seed20310818_small_battery', 'scale': 50, 'seed': 20310818, 'source': 'composite'}",,small_battery,E_adaptive_portfolio,synthetic_evrptw_n50_seed20310818_small_battery,20310818,composite
1,relocate,,816.5700895897972,800.7429375268022,0.019382478325829726,True,8,True,0.010900291999860201,0.012330375000601634,"{'instance': 'synthetic_evrptw_n50_seed20310818_small_battery', 'scale': 50, 'seed': 20310818, 'source': 'composite'}",,small_battery,E_adaptive_portfolio,synthetic_evrptw_n50_seed20310818_small_battery,20310818,composite
2,swap,,800.7429375268022,795.3105092276047,0.006784235045489392,True,3,True,0.004515083001024323,0.016845458001625957,"{'instance': 'synthetic_evrptw_n50_seed20310818_small_battery', 'scale': 50, 'seed': 20310818, 'source': 'composite'}",,small_battery,E_adaptive_portfolio,synthetic_evrptw_n50_seed20310818_small_battery,20310818,composite
3,relocate,0.7530854301035732,795.3105092276047,784.7071243646443,0.013332383691570077,True,7,True,0.010872958002437372,0.02771841600406333,"{'instance': 'synthetic_evrptw_n50_seed20310818_small_battery', 'scale': 50, 'seed': 20310818, 'source': 'composite'}",,small_battery,E_adaptive_portfolio,synthetic_evrptw_n50_seed20310818_small_battery,20310818,composite
4,swap,0.8309712508063216,784.7071243646443,782.3179425222988,0.003044679687698668,True,1,True,0.005091708000691142,0.03281012400475447,"{'instance': 'synthetic_evrptw_n50_seed20310818_small_battery', 'scale': 50, 'seed': 20310818, 'source': 'composite'}",,small_battery,E_adaptive_portfolio,synthetic_evrptw_n50_seed20310818_small_battery,20310818,composite
5,two_opt,0.8880453688256637,782.3179425222988,778.645083399388,0.004694841985943773,True,2,True,0.0014993330005381722,0.03430945700529264,"{'instance': 'synthetic_evrptw_n50_seed20310818_small_battery', 'scale': 50, 'seed': 20310818, 'source': 'composite'}",,small_battery,E_adaptive_portfolio,synthetic_evrptw_n50_seed20310818_small_battery,20310818,composite
6,relocate,0.6789138964973958,778.645083399388,770.8125251458112,0.01005921493703097,True,3,True,0.010749749999376945,0.04505920700466959,"{'instance': 'synthetic_evrptw_n50_seed20310818_small_battery', 'scale': 50, 'seed': 20310818, 'source': 'composite'}",,small_battery,E_adaptive_portfolio,synthetic_evrptw_n50_seed20310818_small_battery,20310818,composite
7,swap,0.6953838531536569,770.8125251458112,765.1906950948348,0.007293381811501905,True,3,True,0.005008249998354586,0.050067457003024174,"{'instance': 'synthetic_evrptw_n50_seed20310818_small_battery', 'scale': 50, 'seed': 20310818, 'source': 'composite'}",,small_battery,E_adaptive_portfolio,synthetic_evrptw_n50_seed20310818_small_battery,20310818,composite
8,two_opt,0.7161143141111381,765.1906950948348,753.6760475004264,0.015048075817207022,True,6,True,0.001397916999849258,0.05146537400287343,"{'instance': 'synthetic_evrptw_n50_seed20310818_small_battery', 'scale': 50, 'seed': 20310818, 'source': 'composite'}",,small_battery,E_adaptive_portfolio,synthetic_evrptw_n50_seed20310818_small_battery,20310818,composite
9,relocate,0.6133239771945846,753.6760475004264,738.1057618844643,0.020659122268249227,True,3,True,0.011287749999610242,0.06275312400248367,"{'instance': 'synthetic_evrptw_n50_seed20310818_small_battery', 'scale': 50, 'seed': 20310818, 'source': 'composite'}",,small_battery,E_adaptive_portfolio,synthetic_evrptw_n50_seed20310818_small_battery,20310818,composite
10,two_opt,0.6198418457393591,738.1057618844643,738.1057618844643,0.0,False,0,True,0.001180916999146575,0.06393404100163025,"{'instance': 'synthetic_evrptw_n50_seed20310818_small_battery', 'scale': 50, 'seed': 20310818, 'source': 'composite'}",,small_battery,E_adaptive_portfolio,synthetic_evrptw_n50_seed20310818_small_battery,20310818,composite
11,swap,0.6315318707347414,738.1057618844643,738.1057618844643,0.0,False,0,True,0.005339000003004912,0.06927304100463516,"{'instance': 'synthetic_evrptw_n50_seed20310818_small_battery', 'scale': 50, 'seed': 20310818, 'source': 'composite'}",budget,small_battery,E_adaptive_portfolio,synthetic_evrptw_n50_seed20310818_small_battery,20310818,composite
0,two_opt,,701.5775927467622,701.5775927467622,0.0,False,0,True,0.0023424159990099724,0.0023424159990099724,"{'instance': 'synthetic_evrptw_n50_seed20310819_small_battery', 'scale': 50, 'seed': 20310819, 'source': 'nearest'}",,small_battery,E_adaptive_portfolio,synthetic_evrptw_n50_seed20310819_small_battery,20310819,nearest
1,relocate,,701.5775927467622,674.9731886016119,0.037920829314104496,True,11,True,0.011988624999503372,0.014331040998513345,"{'instance': 'synthetic_evrptw_n50_seed20310819_small_battery', 'scale': 50, 'seed': 20310819, 'source': 'nearest'}",,small_battery,E_adaptive_portfolio,synthetic_evrptw_n50_seed20310819_small_battery,20310819,nearest
2,swap,,674.9731886016119,674.5285049687262,0.0006588167358276562,True,1,True,0.005510833998414455,0.0198418749969278,"{'instance': 'synthetic_evrptw_n50_seed20310819_small_battery', 'scale': 50, 'seed': 20310819, 'source': 'nearest'}",,small_battery,E_adaptive_portfolio,synthetic_evrptw_n50_seed20310819_small_battery,20310819,nearest
3,relocate,0.7716237810918479,674.5285049687262,665.4790353748144,0.013415992841297884,True,4,True,0.010879416000534547,0.030721290997462347,"{'instance': 'synthetic_evrptw_n50_seed20310819_small_battery', 'scale': 50, 'seed': 20310819, 'source': 'nearest'}",,small_battery,E_adaptive_portfolio,synthetic_evrptw_n50_seed20310819_small_battery,20310819,nearest
4,swap,0.8248458324966599,665.4790353748144,665.4790353748144,0.0,False,0,True,0.005458708001242485,0.03617999899870483,"{'instance': 'synthetic_evrptw_n50_seed20310819_small_battery', 'scale': 50, 'seed': 20310819, 'source': 'nearest'}",,small_battery,E_adaptive_portfolio,synthetic_evrptw_n50_seed20310819_small_battery,20310819,nearest
5,two_opt,0.8880453688256637,665.4790353748144,664.0953298334026,0.002079262407766875,True,1,True,0.001742375003232155,0.03792237400193699,"{'instance': 'synthetic_evrptw_n50_seed20310819_small_battery', 'scale': 50, 'seed': 20310819, 'source': 'nearest'}",,small_battery,E_adaptive_portfolio,synthetic_evrptw_n50_seed20310819_small_battery,20310819,nearest
6,relocate,0.6882248765663971,664.0953298334026,655.5750624867246,0.012829885957510683,True,3,True,0.010667083999578608,0.048589458001515595,"{'instance': 'synthetic_evrptw_n50_seed20310819_small_battery', 'scale': 50, 'seed': 20310819, 'source': 'nearest'}",,small_battery,E_adaptive_portfolio,synthetic_evrptw_n50_seed20310819_small_battery,20310819,nearest
7,two_opt,0.6915090269909463,655.5750624867246,655.5750624867246,0.0,False,0,True,0.0013854169992555398,0.049974875000771135,"{'instance': 'synthetic_evrptw_n50_seed20310819_small_battery', 'scale': 50, 'seed': 20310819, 'source': 'nearest'}",,small_battery,E_adaptive_portfolio,synthetic_evrptw_n50_seed20310819_small_battery,20310819,nearest
8,swap,0.71409630148608,655.5750624867246,655.5750624867246,0.0,False,0,True,0.005401665999670513,0.05537654100044165,"{'instance': 'synthetic_evrptw_n50_seed20310819_small_battery', 'scale': 50, 'seed': 20310819, 'source': 'nearest'}",,small_battery,E_adaptive_portfolio,synthetic_evrptw_n50_seed20310819_small_battery,20310819,nearest
9,relocate,0.6204548542474121,655.5750624867246,655.0417673171231,0.0008134769000800741,True,2,True,0.011639915999694495,0.06701645700013614,"{'instance': 'synthetic_evrptw_n50_seed20310819_small_battery', 'scale': 50, 'seed': 20310819, 'source': 'nearest'}",,small_battery,E_adaptive_portfolio,synthetic_evrptw_n50_seed20310819_small_battery,20310819,nearest
10,two_opt,0.6139539606075645,655.0417673171231,654.1815016692348,0.0013132989235354775,True,1,True,0.0016633749983157031,0.06867983199845185,"{'instance': 'synthetic_evrptw_n50_seed20310819_small_battery', 'scale': 50, 'seed': 20310819, 'source': 'nearest'}",,small_battery,E_adaptive_portfolio,synthetic_evrptw_n50_seed20310819_small_battery,20310819,nearest
11,swap,0.6260440441317873,654.1815016692348,654.1815016692348,0.0,False,0,True,0.005498041999089764,0.07417787399754161,"{'instance': 'synthetic_evrptw_n50_seed20310819_small_battery', 'scale': 50, 'seed': 20310819, 'source': 'nearest'}",budget,small_battery,E_adaptive_portfolio,synthetic_evrptw_n50_seed20310819_small_battery,20310819,nearest
0,two_opt,,800.7819908440964,800.7819908440964,0.0,False,0,True,0.0017194169995491393,0.0017194169995491393,"{'instance': 'synthetic_evrptw_n50_seed20310819_small_battery', 'scale': 50, 'seed': 20310819, 'source': 'composite'}",,small_battery,E_adaptive_portfolio,synthetic_evrptw_n50_seed20310819_small_battery,20310819,composite
1,relocate,,800.7819908440964,755.9167989944215,0.056026724330279935,True,10,True,0.010819666997122113,0.012539083996671252,"{'instance': 'synthetic_evrptw_n50_seed20310819_small_battery', 'scale': 50, 'seed': 20310819, 'source': 'composite'}",,small_battery,E_adaptive_portfolio,synthetic_evrptw_n50_seed20310819_small_battery,20310819,composite
2,swap,,755.9167989944215,723.0121601231614,0.04352944519163004,True,5,True,0.00570766700184322,0.01824675099851447,"{'instance': 'synthetic_evrptw_n50_seed20310819_small_battery', 'scale': 50, 'seed': 20310819, 'source': 'composite'}",,small_battery,E_adaptive_portfolio,synthetic_evrptw_n50_seed20310819_small_battery,20310819,composite
3,relocate,0.7897296761080234,723.0121601231614,699.7090405535088,0.032230605313309034,True,6,True,0.011298042001726571,0.029544793000241043,"{'instance': 'synthetic_evrptw_n50_seed20310819_small_battery', 'scale': 50, 'seed': 20310819, 'source': 'composite'}",,small_battery,E_adaptive_portfolio,synthetic_evrptw_n50_seed20310819_small_battery,20310819,composite
4,swap,0.8677164609524622,699.7090405535088,696.2053635938048,0.0050073341298153915,True,2,True,0.005772707998403348,0.03531750099864439,"{'instance': 'synthetic_evrptw_n50_seed20310819_small_battery', 'scale': 50, 'seed': 20310819, 'source': 'composite'}",,small_battery,E_adaptive_portfolio,synthetic_evrptw_n50_seed20310819_small_battery,20310819,composite
5,two_opt,0.8880453688256637,696.2053635938048,692.5538992064066,0.005244809331185475,True,3,True,0.0024701249967620242,0.037787625995406415,"{'instance': 'synthetic_evrptw_n50_seed20310819_small_battery', 'scale': 50, 'seed': 20310819, 'source': 'composite'}",,small_battery,E_adaptive_portfolio,synthetic_evrptw_n50_seed20310819_small_battery,20310819,composite
6,relocate,0.7066851303104903,692.5538992064066,664.4781519145732,0.04053944006958193,True,6,True,0.010815667003043927,0.04860329299845034,"{'instance': 'synthetic_evrptw_n50_seed20310819_small_battery', 'scale': 50, 'seed': 20310819, 'source': 'composite'}",,small_battery,E_adaptive_portfolio,synthetic_evrptw_n50_seed20310819_small_battery,20310819,composite
7,swap,0.7147377854477857,664.4781519145732,649.738743680723,0.022181930574212683,True,2,True,0.006437374999222811,0.055040667997673154,"{'instance': 'synthetic_evrptw_n50_seed20310819_small_battery', 'scale': 50, 'seed': 20310819, 'source': 'composite'}",,small_battery,E_adaptive_portfolio,synthetic_evrptw_n50_seed20310819_small_battery,20310819,composite
8,two_opt,0.7163892977837589,649.738743680723,649.738743680723,0.0,False,0,True,0.001759083999786526,0.05679975199745968,"{'instance': 'synthetic_evrptw_n50_seed20310819_small_battery', 'scale': 50, 'seed': 20310819, 'source': 'composite'}",,small_battery,E_adaptive_portfolio,synthetic_evrptw_n50_seed20310819_small_battery,20310819,composite
9,relocate,0.6419982081141646,649.738743680723,642.142503178941,0.011691222934852107,True,4,True,0.011683541000820696,0.06848329299828038,"{'instance': 'synthetic_evrptw_n50_seed20310819_small_battery', 'scale': 50, 'seed': 20310819, 'source': 'composite'}",,small_battery,E_adaptive_portfolio,synthetic_evrptw_n50_seed20310819_small_battery,20310819,composite
10,swap,0.6368337764368615,642.142503178941,642.142503178941,0.0,False,0,True,0.006365166998875793,0.07484845999715617,"{'instance': 'synthetic_evrptw_n50_seed20310819_small_battery', 'scale': 50, 'seed': 20310819, 'source': 'composite'}",,small_battery,E_adaptive_portfolio,synthetic_evrptw_n50_seed20310819_small_battery,20310819,composite
11,two_opt,0.6275727083302398,642.142503178941,639.5505037968101,0.004036486246120047,True,1,True,0.002497583001968451,0.07734604299912462,"{'instance': 'synthetic_evrptw_n50_seed20310819_small_battery', 'scale': 50, 'seed': 20310819, 'source': 'composite'}",budget,small_battery,E_adaptive_portfolio,synthetic_evrptw_n50_seed20310819_small_battery,20310819,composite
0,two_opt,,751.8554704987107,751.8554704987107,0.0,False,0,True,0.0015347910011769272,0.0015347910011769272,"{'instance': 'synthetic_evrptw_n50_seed20310820_small_battery', 'scale': 50, 'seed': 20310820, 'source': 'nearest'}",,small_battery,E_adaptive_portfolio,synthetic_evrptw_n50_seed20310820_small_battery,20310820,nearest
1,relocate,,751.8554704987107,725.3149613225497,0.035300014720324485,True,7,True,0.01089033400057815,0.012425125001755077,"{'instance': 'synthetic_evrptw_n50_seed20310820_small_battery', 'scale': 50, 'seed': 20310820, 'source': 'nearest'}",,small_battery,E_adaptive_portfolio,synthetic_evrptw_n50_seed20310820_small_battery,20310820,nearest
2,swap,,725.3149613225497,708.8047784176722,0.022762777255790533,True,3,True,0.004608416998962639,0.017033542000717716,"{'instance': 'synthetic_evrptw_n50_seed20310820_small_battery', 'scale': 50, 'seed': 20310820, 'source': 'nearest'}",,small_battery,E_adaptive_portfolio,synthetic_evrptw_n50_seed20310820_small_battery,20310820,nearest
3,relocate,0.769002966498068,708.8047784176722,662.8766769618214,0.06479654603680882,True,5,True,0.010863083000003826,0.027896625000721542,"{'instance': 'synthetic_evrptw_n50_seed20310820_small_battery', 'scale': 50, 'seed': 20310820, 'source': 'nearest'}",,small_battery,E_adaptive_portfolio,synthetic_evrptw_n50_seed20310820_small_battery,20310820,nearest
4,swap,0.8469497930166228,662.8766769618214,662.1507497414486,0.0010951165512414099,True,1,True,0.004637417001504218,0.03253404200222576,"{'instance': 'synthetic_evrptw_n50_seed20310820_small_battery', 'scale': 50, 'seed': 20310820, 'source': 'nearest'}",,small_battery,E_adaptive_portfolio,synthetic_evrptw_n50_seed20310820_small_battery,20310820,nearest
5,two_opt,0.8880453688256637,662.1507497414486,661.0342866001756,0.0016861162532987594,True,1,True,0.0018445410023559816,0.03437858300458174,"{'instance': 'synthetic_evrptw_n50_seed20310820_small_battery', 'scale': 50, 'seed': 20310820, 'source': 'nearest'}",,small_battery,E_adaptive_portfolio,synthetic_evrptw_n50_seed20310820_small_battery,20310820,nearest
6,relocate,0.7126047458672625,661.0342866001756,644.785079167768,0.024581489586539246,True,2,True,0.011139375001221197,0.04551795800580294,"{'instance': 'synthetic_evrptw_n50_seed20310820_small_battery', 'scale': 50, 'seed': 20310820, 'source': 'nearest'}",,small_battery,E_adaptive_portfolio,synthetic_evrptw_n50_seed20310820_small_battery,20310820,nearest
7,swap,0.7023983426905789,644.785079167768,635.1170797481503,0.014994142594143582,True,2,True,0.004832582999370061,0.050350541005173,"{'instance': 'synthetic_evrptw_n50_seed20310820_small_battery', 'scale': 50, 'seed': 20310820, 'source': 'nearest'}",,small_battery,E_adaptive_portfolio,synthetic_evrptw_n50_seed20310820_small_battery,20310820,nearest
8,two_opt,0.7146099512448156,635.1170797481503,635.1170797481503,0.0,False,0,True,0.001451791998988483,0.05180233300416148,"{'instance': 'synthetic_evrptw_n50_seed20310820_small_battery', 'scale': 50, 'seed': 20310820, 'source': 'nearest'}",,small_battery,E_adaptive_portfolio,synthetic_evrptw_n50_seed20310820_small_battery,20310820,nearest
9,relocate,0.6406253016576652,635.1170797481503,635.1170797481503,0.0,False,0,True,0.011873292001837399,0.06367562500599888,"{'instance': 'synthetic_evrptw_n50_seed20310820_small_battery', 'scale': 50, 'seed': 20310820, 'source': 'nearest'}",,small_battery,E_adaptive_portfolio,synthetic_evrptw_n50_seed20310820_small_battery,20310820,nearest
10,swap,0.6262115519387006,635.1170797481503,635.1170797481503,0.0,False,0,True,0.0049194579987670295,0.06859508300476591,"{'instance': 'synthetic_evrptw_n50_seed20310820_small_battery', 'scale': 50, 'seed': 20310820, 'source': 'nearest'}",,small_battery,E_adaptive_portfolio,synthetic_evrptw_n50_seed20310820_small_battery,20310820,nearest
11,two_opt,0.6263864773042777,635.1170797481503,635.1170797481503,0.0,False,0,True,0.0015016249999462161,0.07009670800471213,"{'instance': 'synthetic_evrptw_n50_seed20310820_small_battery', 'scale': 50, 'seed': 20310820, 'source': 'nearest'}",patience,small_battery,E_adaptive_portfolio,synthetic_evrptw_n50_seed20310820_small_battery,20310820,nearest
0,two_opt,,780.7939718178595,780.7939718178595,0.0,False,0,True,0.0014210410008672625,0.0014210410008672625,"{'instance': 'synthetic_evrptw_n50_seed20310820_small_battery', 'scale': 50, 'seed': 20310820, 'source': 'composite'}",,small_battery,E_adaptive_portfolio,synthetic_evrptw_n50_seed20310820_small_battery,20310820,composite
1,relocate,,780.7939718178595,731.0544354731793,0.06370379144817895,True,10,True,0.010375540998211363,0.011796581999078626,"{'instance': 'synthetic_evrptw_n50_seed20310820_small_battery', 'scale': 50, 'seed': 20310820, 'source': 'composite'}",,small_battery,E_adaptive_portfolio,synthetic_evrptw_n50_seed20310820_small_battery,20310820,composite
2,swap,,731.0544354731793,731.0544354731793,0.0,False,0,True,0.004890582997177262,0.016687164996255888,"{'instance': 'synthetic_evrptw_n50_seed20310820_small_battery', 'scale': 50, 'seed': 20310820, 'source': 'composite'}",,small_battery,E_adaptive_portfolio,synthetic_evrptw_n50_seed20310820_small_battery,20310820,composite
3,relocate,0.7974067432259224,731.0544354731793,728.4629180747474,0.0035449034609228137,True,6,True,0.011281041999609442,0.02796820699586533,"{'instance': 'synthetic_evrptw_n50_seed20310820_small_battery', 'scale': 50, 'seed': 20310820, 'source': 'composite'}",,small_battery,E_adaptive_portfolio,synthetic_evrptw_n50_seed20310820_small_battery,20310820,composite
4,two_opt,0.8241870157608322,728.4629180747474,728.2654461680913,0.0002710802454818389,True,3,True,0.0013886249980714638,0.029356831993936794,"{'instance': 'synthetic_evrptw_n50_seed20310820_small_battery', 'scale': 50, 'seed': 20310820, 'source': 'composite'}",,small_battery,E_adaptive_portfolio,synthetic_evrptw_n50_seed20310820_small_battery,20310820,composite
5,swap,0.8880453688256637,728.2654461680913,725.0738967151595,0.004382398574207705,True,2,True,0.004991874997358536,0.03434870699129533,"{'instance': 'synthetic_evrptw_n50_seed20310820_small_battery', 'scale': 50, 'seed': 20310820, 'source': 'composite'}",,small_battery,E_adaptive_portfolio,synthetic_evrptw_n50_seed20310820_small_battery,20310820,composite
6,relocate,0.6961808129432467,725.0738967151595,723.9061901940669,0.001610465535144474,True,2,True,0.010874374998820713,0.04522308199011604,"{'instance': 'synthetic_evrptw_n50_seed20310820_small_battery', 'scale': 50, 'seed': 20310820, 'source': 'composite'}",,small_battery,E_adaptive_portfolio,synthetic_evrptw_n50_seed20310820_small_battery,20310820,composite
7,swap,0.6926605950741668,723.9061901940669,723.1802629736941,0.0010027918398904522,True,1,True,0.005254874999081949,0.05047795698919799,"{'instance': 'synthetic_evrptw_n50_seed20310820_small_battery', 'scale': 50, 'seed': 20310820, 'source': 'composite'}",,small_battery,E_adaptive_portfolio,synthetic_evrptw_n50_seed20310820_small_battery,20310820,composite
8,two_opt,0.7139024332409072,723.1802629736941,723.112337298372,9.39263400839178e-05,True,1,True,0.0012182090031274129,0.051696165992325405,"{'instance': 'synthetic_evrptw_n50_seed20310820_small_battery', 'scale': 50, 'seed': 20310820, 'source': 'composite'}",,small_battery,E_adaptive_portfolio,synthetic_evrptw_n50_seed20310820_small_battery,20310820,composite
9,relocate,0.6220190050245231,723.112337298372,707.756889058794,0.021235218163954656,True,1,True,0.0106664169979922,0.062362582990317605,"{'instance': 'synthetic_evrptw_n50_seed20310820_small_battery', 'scale': 50, 'seed': 20310820, 'source': 'composite'}",,small_battery,E_adaptive_portfolio,synthetic_evrptw_n50_seed20310820_small_battery,20310820,composite
10,swap,0.6150559366096748,707.756889058794,702.7613725228347,0.007058237953151575,True,1,True,0.004978458000550745,0.06734104099086835,"{'instance': 'synthetic_evrptw_n50_seed20310820_small_battery', 'scale': 50, 'seed': 20310820, 'source': 'composite'}",,small_battery,E_adaptive_portfolio,synthetic_evrptw_n50_seed20310820_small_battery,20310820,composite
11,two_opt,0.6259461074150333,702.7613725228347,702.7613725228347,0.0,False,0,True,0.0010824999990290962,0.06842354098989745,"{'instance': 'synthetic_evrptw_n50_seed20310820_small_battery', 'scale': 50, 'seed': 20310820, 'source': 'composite'}",budget,small_battery,E_adaptive_portfolio,synthetic_evrptw_n50_seed20310820_small_battery,20310820,composite
0,two_opt,,836.3174520146439,836.3174520146439,0.0,False,0,True,0.001904125001601642,0.001904125001601642,"{'instance': 'synthetic_evrptw_n50_seed20310821_small_battery', 'scale': 50, 'seed': 20310821, 'source': 'nearest'}",,small_battery,E_adaptive_portfolio,synthetic_evrptw_n50_seed20310821_small_battery,20310821,nearest
1,relocate,,836.3174520146439,766.2388447416771,0.08379426628507056,True,7,True,0.012442957999155624,0.014347083000757266,"{'instance': 'synthetic_evrptw_n50_seed20310821_small_battery', 'scale': 50, 'seed': 20310821, 'source': 'nearest'}",,small_battery,E_adaptive_portfolio,synthetic_evrptw_n50_seed20310821_small_battery,20310821,nearest
2,swap,,766.2388447416771,757.7213194633546,0.011116018636713786,True,2,True,0.005281165998894721,0.019628248999651987,"{'instance': 'synthetic_evrptw_n50_seed20310821_small_battery', 'scale': 50, 'seed': 20310821, 'source': 'nearest'}",,small_battery,E_adaptive_portfolio,synthetic_evrptw_n50_seed20310821_small_battery,20310821,nearest
3,relocate,0.8174972180628141,757.7213194633546,739.8797760965995,0.023546313015702296,True,5,True,0.012048332999256672,0.03167658199890866,"{'instance': 'synthetic_evrptw_n50_seed20310821_small_battery', 'scale': 50, 'seed': 20310821, 'source': 'nearest'}",,small_battery,E_adaptive_portfolio,synthetic_evrptw_n50_seed20310821_small_battery,20310821,nearest
4,swap,0.8353030343975459,739.8797760965995,739.8797760965995,0.0,False,0,True,0.005676708999089897,0.037353290997998556,"{'instance': 'synthetic_evrptw_n50_seed20310821_small_battery', 'scale': 50, 'seed': 20310821, 'source': 'nearest'}",,small_battery,E_adaptive_portfolio,synthetic_evrptw_n50_seed20310821_small_battery,20310821,nearest
5,two_opt,0.8880453688256637,739.8797760965995,725.6396093064327,0.019246595528389678,True,3,True,0.001864624999143416,0.03921791599714197,"{'instance': 'synthetic_evrptw_n50_seed20310821_small_battery', 'scale': 50, 'seed': 20310821, 'source': 'nearest'}",,small_battery,E_adaptive_portfolio,synthetic_evrptw_n50_seed20310821_small_battery,20310821,nearest
6,relocate,0.7162267551390823,725.6396093064327,721.304047656996,0.005974813934951349,True,3,True,0.011145500000566244,0.050363415997708216,"{'instance': 'synthetic_evrptw_n50_seed20310821_small_battery', 'scale': 50, 'seed': 20310821, 'source': 'nearest'}",,small_battery,E_adaptive_portfolio,synthetic_evrptw_n50_seed20310821_small_battery,20310821,nearest
7,two_opt,0.7000926935512577,721.304047656996,721.304047656996,0.0,False,0,True,0.0014909160017850809,0.0518543319994933,"{'instance': 'synthetic_evrptw_n50_seed20310821_small_battery', 'scale': 50, 'seed': 20310821, 'source': 'nearest'}",,small_battery,E_adaptive_portfolio,synthetic_evrptw_n50_seed20310821_small_battery,20310821,nearest
8,swap,0.7193249024365231,721.304047656996,721.304047656996,0.0,False,0,True,0.005460042000777321,0.05731437400027062,"{'instance': 'synthetic_evrptw_n50_seed20310821_small_battery', 'scale': 50, 'seed': 20310821, 'source': 'nearest'}",,small_battery,E_adaptive_portfolio,synthetic_evrptw_n50_seed20310821_small_battery,20310821,nearest
9,relocate,0.6368377492883491,721.304047656996,718.7528465869729,0.0035369288142915105,True,1,True,0.012250207997567486,0.0695645819978381,"{'instance': 'synthetic_evrptw_n50_seed20310821_small_battery', 'scale': 50, 'seed': 20310821, 'source': 'nearest'}",,small_battery,E_adaptive_portfolio,synthetic_evrptw_n50_seed20310821_small_battery,20310821,nearest
10,two_opt,0.6196764049811053,718.7528465869729,718.7528465869729,0.0,False,0,True,0.00149483300265274,0.07105941500049084,"{'instance': 'synthetic_evrptw_n50_seed20310821_small_battery', 'scale': 50, 'seed': 20310821, 'source': 'nearest'}",,small_battery,E_adaptive_portfolio,synthetic_evrptw_n50_seed20310821_small_battery,20310821,nearest
11,swap,0.6295297780987493,718.7528465869729,718.7528465869729,0.0,False,0,True,0.005238125002506422,0.07629754000299727,"{'instance': 'synthetic_evrptw_n50_seed20310821_small_battery', 'scale': 50, 'seed': 20310821, 'source': 'nearest'}",budget,small_battery,E_adaptive_portfolio,synthetic_evrptw_n50_seed20310821_small_battery,20310821,nearest
0,two_opt,,841.9945278232233,841.9945278232233,0.0,False,0,True,0.0015255420003086329,0.0015255420003086329,"{'instance': 'synthetic_evrptw_n50_seed20310821_small_battery', 'scale': 50, 'seed': 20310821, 'source': 'composite'}",,small_battery,E_adaptive_portfolio,synthetic_evrptw_n50_seed20310821_small_battery,20310821,composite
1,relocate,,841.9945278232233,809.0281669790025,0.03915270201274042,True,9,True,0.010784707999846432,0.012310250000155065,"{'instance': 'synthetic_evrptw_n50_seed20310821_small_battery', 'scale': 50, 'seed': 20310821, 'source': 'composite'}",,small_battery,E_adaptive_portfolio,synthetic_evrptw_n50_seed20310821_small_battery,20310821,composite
2,swap,,809.0281669790025,809.0281669790025,0.0,False,0,True,0.005018332998588448,0.017328582998743514,"{'instance': 'synthetic_evrptw_n50_seed20310821_small_battery', 'scale': 50, 'seed': 20310821, 'source': 'composite'}",,small_battery,E_adaptive_portfolio,synthetic_evrptw_n50_seed20310821_small_battery,20310821,composite
3,relocate,0.7728556537904839,809.0281669790025,793.5306549148339,0.019155713851148094,True,3,True,0.010839124999620253,0.028167707998363767,"{'instance': 'synthetic_evrptw_n50_seed20310821_small_battery', 'scale': 50, 'seed': 20310821, 'source': 'composite'}",,small_battery,E_adaptive_portfolio,synthetic_evrptw_n50_seed20310821_small_battery,20310821,composite
4,two_opt,0.8241870157608322,793.5306549148339,792.3972260264267,0.00142833661357279,True,2,True,0.0018837919997167774,0.030051499998080544,"{'instance': 'synthetic_evrptw_n50_seed20310821_small_battery', 'scale': 50, 'seed': 20310821, 'source': 'composite'}",,small_battery,E_adaptive_portfolio,synthetic_evrptw_n50_seed20310821_small_battery,20310821,composite
5,swap,0.8880453688256637,792.3972260264267,792.3972260264267,0.0,False,0,True,0.005884250000235625,0.03593574999831617,"{'instance': 'synthetic_evrptw_n50_seed20310821_small_battery', 'scale': 50, 'seed': 20310821, 'source': 'composite'}",,small_battery,E_adaptive_portfolio,synthetic_evrptw_n50_seed20310821_small_battery,20310821,composite
6,relocate,0.6917106734206401,792.3972260264267,788.5427539638009,0.004864317965819328,True,3,True,0.011619957997027086,0.047555707995343255,"{'instance': 'synthetic_evrptw_n50_seed20310821_small_battery', 'scale': 50, 'seed': 20310821, 'source': 'composite'}",,small_battery,E_adaptive_portfolio,synthetic_evrptw_n50_seed20310821_small_battery,20310821,composite
7,two_opt,0.6911835640938493,788.5427539638009,788.5427539638009,0.0,False,0,True,0.0012435419994289987,0.048799249994772254,"{'instance': 'synthetic_evrptw_n50_seed20310821_small_battery', 'scale': 50, 'seed': 20310821, 'source': 'composite'}",,small_battery,E_adaptive_portfolio,synthetic_evrptw_n50_seed20310821_small_battery,20310821,composite
8,swap,0.7137668931181662,788.5427539638009,784.5368882737137,0.005080086869038881,True,1,True,0.0055640419996052515,0.054363291994377505,"{'instance': 'synthetic_evrptw_n50_seed20310821_small_battery', 'scale': 50, 'seed': 20310821, 'source': 'composite'}",,small_battery,E_adaptive_portfolio,synthetic_evrptw_n50_seed20310821_small_battery,20310821,composite
9,relocate,0.6201235294863436,784.5368882737137,769.4784567538853,0.019194038858979263,True,2,True,0.011158792000060203,0.06552208399443771,"{'instance': 'synthetic_evrptw_n50_seed20310821_small_battery', 'scale': 50, 'seed': 20310821, 'source': 'composite'}",,small_battery,E_adaptive_portfolio,synthetic_evrptw_n50_seed20310821_small_battery,20310821,composite
10,swap,0.6149542354279884,769.4784567538853,769.4784567538853,0.0,False,0,True,0.005254874999081949,0.07077695899351966,"{'instance': 'synthetic_evrptw_n50_seed20310821_small_battery', 'scale': 50, 'seed': 20310821, 'source': 'composite'}",,small_battery,E_adaptive_portfolio,synthetic_evrptw_n50_seed20310821_small_battery,20310821,composite
11,two_opt,0.6263005507577023,769.4784567538853,769.4784567538853,0.0,False,0,True,0.0011973750006291084,0.07197433399414876,"{'instance': 'synthetic_evrptw_n50_seed20310821_small_battery', 'scale': 50, 'seed': 20310821, 'source': 'composite'}",budget,small_battery,E_adaptive_portfolio,synthetic_evrptw_n50_seed20310821_small_battery,20310821,composite
0,two_opt,,714.3247714485589,714.3247714485589,0.0,False,0,True,0.001780665999831399,0.001780665999831399,"{'instance': 'synthetic_evrptw_n50_seed20310822_small_battery', 'scale': 50, 'seed': 20310822, 'source': 'nearest'}",,small_battery,E_adaptive_portfolio,synthetic_evrptw_n50_seed20310822_small_battery,20310822,nearest
1,relocate,,714.3247714485589,653.1456487192966,0.08564608869044105,True,8,True,0.011135167002066737,0.012915833001898136,"{'instance': 'synthetic_evrptw_n50_seed20310822_small_battery', 'scale': 50, 'seed': 20310822, 'source': 'nearest'}",,small_battery,E_adaptive_portfolio,synthetic_evrptw_n50_seed20310822_small_battery,20310822,nearest
2,swap,,653.1456487192966,653.1456487192966,0.0,False,0,True,0.005294375001540175,0.01821020800343831,"{'instance': 'synthetic_evrptw_n50_seed20310822_small_battery', 'scale': 50, 'seed': 20310822, 'source': 'nearest'}",,small_battery,E_adaptive_portfolio,synthetic_evrptw_n50_seed20310822_small_battery,20310822,nearest
3,relocate,0.8193490404681845,653.1456487192966,633.1451956973958,0.030621735077188527,True,4,True,0.011523249999299878,0.02973345800273819,"{'instance': 'synthetic_evrptw_n50_seed20310822_small_battery', 'scale': 50, 'seed': 20310822, 'source': 'nearest'}",,small_battery,E_adaptive_portfolio,synthetic_evrptw_n50_seed20310822_small_battery,20310822,nearest
4,two_opt,0.8241870157608322,633.1451956973958,633.1451956973958,0.0,False,0,True,0.0018262500016135164,0.031559708004351705,"{'instance': 'synthetic_evrptw_n50_seed20310822_small_battery', 'scale': 50, 'seed': 20310822, 'source': 'nearest'}",,small_battery,E_adaptive_portfolio,synthetic_evrptw_n50_seed20310822_small_battery,20310822,nearest
5,swap,0.8880453688256637,633.1451956973958,633.1451956973958,0.0,False,0,True,0.005547459000808885,0.03710716700516059,"{'instance': 'synthetic_evrptw_n50_seed20310822_small_battery', 'scale': 50, 'seed': 20310822, 'source': 'nearest'}",,small_battery,E_adaptive_portfolio,synthetic_evrptw_n50_seed20310822_small_battery,20310822,nearest
6,relocate,0.7206903773725106,633.1451956973958,629.2263487090602,0.0061894917863494475,True,2,True,0.011449875000835164,0.048557042005995754,"{'instance': 'synthetic_evrptw_n50_seed20310822_small_battery', 'scale': 50, 'seed': 20310822, 'source': 'nearest'}",,small_battery,E_adaptive_portfolio,synthetic_evrptw_n50_seed20310822_small_battery,20310822,nearest
7,two_opt,0.6904693957870629,629.2263487090602,629.2263487090602,0.0,False,0,True,0.001815625000745058,0.05037266700674081,"{'instance': 'synthetic_evrptw_n50_seed20310822_small_battery', 'scale': 50, 'seed': 20310822, 'source': 'nearest'}",,small_battery,E_adaptive_portfolio,synthetic_evrptw_n50_seed20310822_small_battery,20310822,nearest
8,swap,0.7137668931181662,629.2263487090602,629.2263487090602,0.0,False,0,True,0.0052680000007967465,0.05564066700753756,"{'instance': 'synthetic_evrptw_n50_seed20310822_small_battery', 'scale': 50, 'seed': 20310822, 'source': 'nearest'}",,small_battery,E_adaptive_portfolio,synthetic_evrptw_n50_seed20310822_small_battery,20310822,nearest
9,relocate,0.6398850567277674,629.2263487090602,624.2590178003007,0.007894346635277692,True,1,True,0.01200612500178977,0.06764679200932733,"{'instance': 'synthetic_evrptw_n50_seed20310822_small_battery', 'scale': 50, 'seed': 20310822, 'source': 'nearest'}",,small_battery,E_adaptive_portfolio,synthetic_evrptw_n50_seed20310822_small_battery,20310822,nearest
10,two_opt,0.6132608731383088,624.2590178003007,624.2590178003007,0.0,False,0,True,0.0018427499999233987,0.06948954200925073,"{'instance': 'synthetic_evrptw_n50_seed20310822_small_battery', 'scale': 50, 'seed': 20310822, 'source': 'nearest'}",,small_battery,E_adaptive_portfolio,synthetic_evrptw_n50_seed20310822_small_battery,20310822,nearest
11,swap,0.625824438553178,624.2590178003007,624.2590178003007,0.0,False,0,True,0.005212666997977067,0.0747022090072278,"{'instance': 'synthetic_evrptw_n50_seed20310822_small_battery', 'scale': 50, 'seed': 20310822, 'source': 'nearest'}",budget,small_battery,E_adaptive_portfolio,synthetic_evrptw_n50_seed20310822_small_battery,20310822,nearest
0,two_opt,,809.4905665685491,809.4905665685491,0.0,False,0,True,0.0016770830006862525,0.0016770830006862525,"{'instance': 'synthetic_evrptw_n50_seed20310822_small_battery', 'scale': 50, 'seed': 20310822, 'source': 'composite'}",,small_battery,E_adaptive_portfolio,synthetic_evrptw_n50_seed20310822_small_battery,20310822,composite
1,relocate,,809.4905665685491,770.3588924878087,0.04834111192502282,True,9,True,0.011884000003192341,0.013561083003878593,"{'instance': 'synthetic_evrptw_n50_seed20310822_small_battery', 'scale': 50, 'seed': 20310822, 'source': 'composite'}",,small_battery,E_adaptive_portfolio,synthetic_evrptw_n50_seed20310822_small_battery,20310822,composite
2,swap,,770.3588924878087,758.5660675290513,0.015308222016719294,True,4,True,0.004712458998255897,0.01827354200213449,"{'instance': 'synthetic_evrptw_n50_seed20310822_small_battery', 'scale': 50, 'seed': 20310822, 'source': 'composite'}",,small_battery,E_adaptive_portfolio,synthetic_evrptw_n50_seed20310822_small_battery,20310822,composite
3,relocate,0.7820440637027662,758.5660675290513,746.1039855448788,0.01642847276937451,True,6,True,0.011194667000381742,0.029468209002516232,"{'instance': 'synthetic_evrptw_n50_seed20310822_small_battery', 'scale': 50, 'seed': 20310822, 'source': 'composite'}",,small_battery,E_adaptive_portfolio,synthetic_evrptw_n50_seed20310822_small_battery,20310822,composite
4,swap,0.8394952377775515,746.1039855448788,746.1039855448788,0.0,False,0,True,0.005062833999545546,0.03453104300206178,"{'instance': 'synthetic_evrptw_n50_seed20310822_small_battery', 'scale': 50, 'seed': 20310822, 'source': 'composite'}",,small_battery,E_adaptive_portfolio,synthetic_evrptw_n50_seed20310822_small_battery,20310822,composite
5,two_opt,0.8880453688256637,746.1039855448788,744.7012662624159,0.001880058691066433,True,1,True,0.002368249999562977,0.036899293001624756,"{'instance': 'synthetic_evrptw_n50_seed20310822_small_battery', 'scale': 50, 'seed': 20310822, 'source': 'composite'}",,small_battery,E_adaptive_portfolio,synthetic_evrptw_n50_seed20310822_small_battery,20310822,composite
6,relocate,0.6949412578358946,744.7012662624159,744.1525711583712,0.0007367989405987134,True,1,True,0.011896083000465296,0.04879537600209005,"{'instance': 'synthetic_evrptw_n50_seed20310822_small_battery', 'scale': 50, 'seed': 20310822, 'source': 'composite'}",,small_battery,E_adaptive_portfolio,synthetic_evrptw_n50_seed20310822_small_battery,20310822,composite
7,swap,0.6981235067954226,744.1525711583712,744.1525711583712,0.0,False,0,True,0.005137832999025704,0.053933209001115756,"{'instance': 'synthetic_evrptw_n50_seed20310822_small_battery', 'scale': 50, 'seed': 20310822, 'source': 'composite'}",,small_battery,E_adaptive_portfolio,synthetic_evrptw_n50_seed20310822_small_battery,20310822,composite
8,two_opt,0.7147069224636994,744.1525711583712,744.1525711583712,0.0,False,0,True,0.001526832998933969,0.055460042000049725,"{'instance': 'synthetic_evrptw_n50_seed20310822_small_battery', 'scale': 50, 'seed': 20310822, 'source': 'composite'}",,small_battery,E_adaptive_portfolio,synthetic_evrptw_n50_seed20310822_small_battery,20310822,composite
9,relocate,0.6209014127547731,744.1525711583712,739.6384951402799,0.006066062516003281,True,1,True,0.012646582999877864,0.06810662499992759,"{'instance': 'synthetic_evrptw_n50_seed20310822_small_battery', 'scale': 50, 'seed': 20310822, 'source': 'composite'}",,small_battery,E_adaptive_portfolio,synthetic_evrptw_n50_seed20310822_small_battery,20310822,composite
10,swap,0.6183636138105486,739.6384951402799,739.6384951402799,0.0,False,0,True,0.005037667000578949,0.07314429200050654,"{'instance': 'synthetic_evrptw_n50_seed20310822_small_battery', 'scale': 50, 'seed': 20310822, 'source': 'composite'}",,small_battery,E_adaptive_portfolio,synthetic_evrptw_n50_seed20310822_small_battery,20310822,composite
11,two_opt,0.6264511247835335,739.6384951402799,739.6384951402799,0.0,False,0,True,0.0016380000015487894,0.07478229200205533,"{'instance': 'synthetic_evrptw_n50_seed20310822_small_battery', 'scale': 50, 'seed': 20310822, 'source': 'composite'}",budget,small_battery,E_adaptive_portfolio,synthetic_evrptw_n50_seed20310822_small_battery,20310822,composite
0,two_opt,,701.9196030911729,701.9196030911729,0.0,False,0,True,0.0016704589979781304,0.0016704589979781304,"{'instance': 'synthetic_evrptw_n50_seed20310823_small_battery', 'scale': 50, 'seed': 20310823, 'source': 'nearest'}",,small_battery,E_adaptive_portfolio,synthetic_evrptw_n50_seed20310823_small_battery,20310823,nearest
1,relocate,,701.9196030911729,686.5016418529834,0.021965423348045233,True,4,True,0.01166262499828008,0.01333308399625821,"{'instance': 'synthetic_evrptw_n50_seed20310823_small_battery', 'scale': 50, 'seed': 20310823, 'source': 'nearest'}",,small_battery,E_adaptive_portfolio,synthetic_evrptw_n50_seed20310823_small_battery,20310823,nearest
2,swap,,686.5016418529834,685.5587762892129,0.0013734352640811722,True,1,True,0.004579166998155415,0.017912250994413625,"{'instance': 'synthetic_evrptw_n50_seed20310823_small_battery', 'scale': 50, 'seed': 20310823, 'source': 'nearest'}",,small_battery,E_adaptive_portfolio,synthetic_evrptw_n50_seed20310823_small_battery,20310823,nearest
3,relocate,0.7556683751257887,685.5587762892129,682.696295977257,0.00417539737066733,True,1,True,0.012293625000893371,0.030205875995306997,"{'instance': 'synthetic_evrptw_n50_seed20310823_small_battery', 'scale': 50, 'seed': 20310823, 'source': 'nearest'}",,small_battery,E_adaptive_portfolio,synthetic_evrptw_n50_seed20310823_small_battery,20310823,nearest
4,swap,0.8255604510249134,682.696295977257,682.696295977257,0.0,False,0,True,0.004791082999872742,0.03499695899517974,"{'instance': 'synthetic_evrptw_n50_seed20310823_small_battery', 'scale': 50, 'seed': 20310823, 'source': 'nearest'}",,small_battery,E_adaptive_portfolio,synthetic_evrptw_n50_seed20310823_small_battery,20310823,nearest
5,two_opt,0.8880453688256637,682.696295977257,682.696295977257,0.0,False,0,True,0.0018392919992038514,0.03683625099438359,"{'instance': 'synthetic_evrptw_n50_seed20310823_small_battery', 'scale': 50, 'seed': 20310823, 'source': 'nearest'}",,small_battery,E_adaptive_portfolio,synthetic_evrptw_n50_seed20310823_small_battery,20310823,nearest
6,relocate,0.6756268758480521,682.696295977257,682.6829246523027,1.9586051708596638e-05,True,1,True,0.01297770900055184,0.04981395999493543,"{'instance': 'synthetic_evrptw_n50_seed20310823_small_battery', 'scale': 50, 'seed': 20310823, 'source': 'nearest'}",,small_battery,E_adaptive_portfolio,synthetic_evrptw_n50_seed20310823_small_battery,20310823,nearest
7,swap,0.6911561134191034,682.6829246523027,682.6829246523027,0.0,False,0,True,0.004533250001259148,0.05434720999619458,"{'instance': 'synthetic_evrptw_n50_seed20310823_small_battery', 'scale': 50, 'seed': 20310823, 'source': 'nearest'}",,small_battery,E_adaptive_portfolio,synthetic_evrptw_n50_seed20310823_small_battery,20310823,nearest
8,two_opt,0.7137668931181662,682.6829246523027,682.6829246523027,0.0,False,0,True,0.0017034590018738527,0.05605066899806843,"{'instance': 'synthetic_evrptw_n50_seed20310823_small_battery', 'scale': 50, 'seed': 20310823, 'source': 'nearest'}",,small_battery,E_adaptive_portfolio,synthetic_evrptw_n50_seed20310823_small_battery,20310823,nearest
9,relocate,0.6077860871332481,682.6829246523027,679.5406812088545,0.0046027860518829105,True,1,True,0.012903416998597095,0.06895408599666553,"{'instance': 'synthetic_evrptw_n50_seed20310823_small_battery', 'scale': 50, 'seed': 20310823, 'source': 'nearest'}",,small_battery,E_adaptive_portfolio,synthetic_evrptw_n50_seed20310823_small_battery,20310823,nearest
10,swap,0.6137186848930025,679.5406812088545,679.5406812088545,0.0,False,0,True,0.005200250001507811,0.07415433599817334,"{'instance': 'synthetic_evrptw_n50_seed20310823_small_battery', 'scale': 50, 'seed': 20310823, 'source': 'nearest'}",,small_battery,E_adaptive_portfolio,synthetic_evrptw_n50_seed20310823_small_battery,20310823,nearest
11,two_opt,0.625824438553178,679.5406812088545,679.5406812088545,0.0,False,0,True,0.0016375410014006775,0.07579187699957401,"{'instance': 'synthetic_evrptw_n50_seed20310823_small_battery', 'scale': 50, 'seed': 20310823, 'source': 'nearest'}",budget,small_battery,E_adaptive_portfolio,synthetic_evrptw_n50_seed20310823_small_battery,20310823,nearest
0,two_opt,,999.7088001921078,999.7088001921078,0.0,False,0,True,0.0016816249990370125,0.0016816249990370125,"{'instance': 'synthetic_evrptw_n50_seed20310823_small_battery', 'scale': 50, 'seed': 20310823, 'source': 'composite'}",,small_battery,E_adaptive_portfolio,synthetic_evrptw_n50_seed20310823_small_battery,20310823,composite
1,relocate,,999.7088001921078,948.1649005939589,0.051558913543867976,True,14,True,0.012460041001759237,0.01414166600079625,"{'instance': 'synthetic_evrptw_n50_seed20310823_small_battery', 'scale': 50, 'seed': 20310823, 'source': 'composite'}",,small_battery,E_adaptive_portfolio,synthetic_evrptw_n50_seed20310823_small_battery,20310823,composite
2,swap,,948.1649005939589,924.3319622278412,0.025135858067713755,True,3,True,0.005081041999801528,0.019222708000597777,"{'instance': 'synthetic_evrptw_n50_seed20310823_small_battery', 'scale': 50, 'seed': 20310823, 'source': 'composite'}",,small_battery,E_adaptive_portfolio,synthetic_evrptw_n50_seed20310823_small_battery,20310823,composite
3,relocate,0.7852618653216115,924.3319622278412,908.4807695795128,0.01714880940622638,True,10,True,0.012076415998308221,0.031299123998906,"{'instance': 'synthetic_evrptw_n50_seed20310823_small_battery', 'scale': 50, 'seed': 20310823, 'source': 'composite'}",,small_battery,E_adaptive_portfolio,synthetic_evrptw_n50_seed20310823_small_battery,20310823,composite
4,swap,0.849322873828546,908.4807695795128,906.0938350914829,0.0026273913196144328,True,1,True,0.00500441599797341,0.03630353999687941,"{'instance': 'synthetic_evrptw_n50_seed20310823_small_battery', 'scale': 50, 'seed': 20310823, 'source': 'composite'}",,small_battery,E_adaptive_portfolio,synthetic_evrptw_n50_seed20310823_small_battery,20310823,composite
5,two_opt,0.8880453688256637,906.0938350914829,901.5815942511331,0.004979882508409567,True,2,True,0.001284707999730017,0.037588247996609425,"{'instance': 'synthetic_evrptw_n50_seed20310823_small_battery', 'scale': 50, 'seed': 20310823, 'source': 'composite'}",,small_battery,E_adaptive_portfolio,synthetic_evrptw_n50_seed20310823_small_battery,20310823,composite
6,relocate,0.696910326963743,901.5815942511331,888.3471513261109,0.014679140534157581,True,3,True,0.011923958998522721,0.049512206995132146,"{'instance': 'synthetic_evrptw_n50_seed20310823_small_battery', 'scale': 50, 'seed': 20310823, 'source': 'composite'}",,small_battery,E_adaptive_portfolio,synthetic_evrptw_n50_seed20310823_small_battery,20310823,composite
7,swap,0.704351020480727,888.3471513261109,888.3471513261109,0.0,False,0,True,0.005026790997362696,0.05453899799249484,"{'instance': 'synthetic_evrptw_n50_seed20310823_small_battery', 'scale': 50, 'seed': 20310823, 'source': 'composite'}",,small_battery,E_adaptive_portfolio,synthetic_evrptw_n50_seed20310823_small_battery,20310823,composite
8,two_opt,0.716256834372371,888.3471513261109,886.681112455883,0.0018754367228406945,True,1,True,0.0011105840021627955,0.05564958199465764,"{'instance': 'synthetic_evrptw_n50_seed20310823_small_battery', 'scale': 50, 'seed': 20310823, 'source': 'composite'}",,small_battery,E_adaptive_portfolio,synthetic_evrptw_n50_seed20310823_small_battery,20310823,composite
9,relocate,0.626861572704525,886.681112455883,885.4913384103072,0.001341828565943366,True,2,True,0.011150792000989895,0.06680037399564753,"{'instance': 'synthetic_evrptw_n50_seed20310823_small_battery', 'scale': 50, 'seed': 20310823, 'source': 'composite'}",,small_battery,E_adaptive_portfolio,synthetic_evrptw_n50_seed20310823_small_battery,20310823,composite
10,swap,0.6225152896007515,885.4913384103072,871.5704536753647,0.015721085154750628,True,1,True,0.005091708000691142,0.07189208199633867,"{'instance': 'synthetic_evrptw_n50_seed20310823_small_battery', 'scale': 50, 'seed': 20310823, 'source': 'composite'}",,small_battery,E_adaptive_portfolio,synthetic_evrptw_n50_seed20310823_small_battery,20310823,composite
11,two_opt,0.6281095449635948,871.5704536753647,871.5704536753647,0.0,False,0,True,0.001009832998533966,0.07290191499487264,"{'instance': 'synthetic_evrptw_n50_seed20310823_small_battery', 'scale': 50, 'seed': 20310823, 'source': 'composite'}",budget,small_battery,E_adaptive_portfolio,synthetic_evrptw_n50_seed20310823_small_battery,20310823,composite
0,two_opt,,766.5689994488121,766.5689994488121,0.0,False,0,True,0.00202670799990301,0.00202670799990301,"{'instance': 'synthetic_evrptw_n50_seed20310824_small_battery', 'scale': 50, 'seed': 20310824, 'source': 'nearest'}",,small_battery,E_adaptive_portfolio,synthetic_evrptw_n50_seed20310824_small_battery,20310824,nearest
1,relocate,,766.5689994488121,724.8180781097348,0.05446466184922372,True,8,True,0.011469791999843437,0.013496499999746447,"{'instance': 'synthetic_evrptw_n50_seed20310824_small_battery', 'scale': 50, 'seed': 20310824, 'source': 'nearest'}",,small_battery,E_adaptive_portfolio,synthetic_evrptw_n50_seed20310824_small_battery,20310824,nearest
2,swap,,724.8180781097348,696.1488107430375,0.03955374214929116,True,3,True,0.004795791002834449,0.018292291002580896,"{'instance': 'synthetic_evrptw_n50_seed20310824_small_battery', 'scale': 50, 'seed': 20310824, 'source': 'nearest'}",,small_battery,E_adaptive_portfolio,synthetic_evrptw_n50_seed20310824_small_battery,20310824,nearest
3,relocate,0.7881676136269672,696.1488107430375,670.4127104049455,0.036969251316571895,True,5,True,0.011364125002728542,0.02965641600530944,"{'instance': 'synthetic_evrptw_n50_seed20310824_small_battery', 'scale': 50, 'seed': 20310824, 'source': 'nearest'}",,small_battery,E_adaptive_portfolio,synthetic_evrptw_n50_seed20310824_small_battery,20310824,nearest
4,swap,0.8637407579101234,670.4127104049455,664.2241939046381,0.009230905685796719,True,1,True,0.005125334002514137,0.034781750007823575,"{'instance': 'synthetic_evrptw_n50_seed20310824_small_battery', 'scale': 50, 'seed': 20310824, 'source': 'nearest'}",,small_battery,E_adaptive_portfolio,synthetic_evrptw_n50_seed20310824_small_battery,20310824,nearest
5,two_opt,0.8880453688256637,664.2241939046381,660.8557119173493,0.0050713027592194015,True,3,True,0.0035044169999309815,0.03828616700775456,"{'instance': 'synthetic_evrptw_n50_seed20310824_small_battery', 'scale': 50, 'seed': 20310824, 'source': 'nearest'}",,small_battery,E_adaptive_portfolio,synthetic_evrptw_n50_seed20310824_small_battery,20310824,nearest
6,relocate,0.7082734220715936,660.8557119173493,655.9565536037649,0.0074133554802309305,True,2,True,0.012336499999946682,0.05062266700770124,"{'instance': 'synthetic_evrptw_n50_seed20310824_small_battery', 'scale': 50, 'seed': 20310824, 'source': 'nearest'}",,small_battery,E_adaptive_portfolio,synthetic_evrptw_n50_seed20310824_small_battery,20310824,nearest
7,swap,0.7148617197046069,655.9565536037649,655.9565536037649,0.0,False,0,True,0.00504716700015706,0.0556698340078583,"{'instance': 'synthetic_evrptw_n50_seed20310824_small_battery', 'scale': 50, 'seed': 20310824, 'source': 'nearest'}",,small_battery,E_adaptive_portfolio,synthetic_evrptw_n50_seed20310824_small_battery,20310824,nearest
8,two_opt,0.7163025444977759,655.9565536037649,655.9565536037649,0.0,False,0,True,0.0018183329993917141,0.05748816700725001,"{'instance': 'synthetic_evrptw_n50_seed20310824_small_battery', 'scale': 50, 'seed': 20310824, 'source': 'nearest'}",,small_battery,E_adaptive_portfolio,synthetic_evrptw_n50_seed20310824_small_battery,20310824,nearest
9,relocate,0.6320150410917832,655.9565536037649,647.6193898846277,0.012709932804746813,True,1,True,0.01256529199963552,0.07005345900688553,"{'instance': 'synthetic_evrptw_n50_seed20310824_small_battery', 'scale': 50, 'seed': 20310824, 'source': 'nearest'}",,small_battery,E_adaptive_portfolio,synthetic_evrptw_n50_seed20310824_small_battery,20310824,nearest
10,swap,0.6295224224166714,647.6193898846277,647.6193898846277,0.0,False,0,True,0.00517020899860654,0.07522366800549207,"{'instance': 'synthetic_evrptw_n50_seed20310824_small_battery', 'scale': 50, 'seed': 20310824, 'source': 'nearest'}",,small_battery,E_adaptive_portfolio,synthetic_evrptw_n50_seed20310824_small_battery,20310824,nearest
11,two_opt,0.6275148728062512,647.6193898846277,647.6193898846277,0.0,False,0,True,0.0018103750007867347,0.07703404300627881,"{'instance': 'synthetic_evrptw_n50_seed20310824_small_battery', 'scale': 50, 'seed': 20310824, 'source': 'nearest'}",budget,small_battery,E_adaptive_portfolio,synthetic_evrptw_n50_seed20310824_small_battery,20310824,nearest
0,two_opt,,832.7258856743322,832.7258856743322,0.0,False,0,True,0.0018311250023543835,0.0018311250023543835,"{'instance': 'synthetic_evrptw_n50_seed20310824_small_battery', 'scale': 50, 'seed': 20310824, 'source': 'composite'}",,small_battery,E_adaptive_portfolio,synthetic_evrptw_n50_seed20310824_small_battery,20310824,composite
1,relocate,,832.7258856743322,801.8577618364874,0.03706876941005398,True,13,True,0.010908292002568487,0.01273941700492287,"{'instance': 'synthetic_evrptw_n50_seed20310824_small_battery', 'scale': 50, 'seed': 20310824, 'source': 'composite'}",,small_battery,E_adaptive_portfolio,synthetic_evrptw_n50_seed20310824_small_battery,20310824,composite
2,swap,,801.8577618364874,787.1169184615002,0.01838336432789076,True,4,True,0.0054755000019213185,0.01821491700684419,"{'instance': 'synthetic_evrptw_n50_seed20310824_small_battery', 'scale': 50, 'seed': 20310824, 'source': 'composite'}",,small_battery,E_adaptive_portfolio,synthetic_evrptw_n50_seed20310824_small_battery,20310824,composite
3,relocate,0.7707717211877975,787.1169184615002,753.8750334265669,0.04223246160164858,True,7,True,0.010591999998723622,0.02880691700556781,"{'instance': 'synthetic_evrptw_n50_seed20310824_small_battery', 'scale': 50, 'seed': 20310824, 'source': 'composite'}",,small_battery,E_adaptive_portfolio,synthetic_evrptw_n50_seed20310824_small_battery,20310824,composite
4,swap,0.842570380088723,753.8750334265669,729.4672741158008,0.032376399573582106,True,4,True,0.005755500002123881,0.03456241700769169,"{'instance': 'synthetic_evrptw_n50_seed20310824_small_battery', 'scale': 50, 'seed': 20310824, 'source': 'composite'}",,small_battery,E_adaptive_portfolio,synthetic_evrptw_n50_seed20310824_small_battery,20310824,composite
5,two_opt,0.8880453688256637,729.4672741158008,722.9716949910168,0.00890455179453726,True,2,True,0.0016881660012586508,0.03625058300895034,"{'instance': 'synthetic_evrptw_n50_seed20310824_small_battery', 'scale': 50, 'seed': 20310824, 'source': 'composite'}",,small_battery,E_adaptive_portfolio,synthetic_evrptw_n50_seed20310824_small_battery,20310824,composite
6,relocate,0.7022070809945471,722.9716949910168,716.6375794112698,0.008761222083287286,True,3,True,0.011700582999765174,0.04795116600871552,"{'instance': 'synthetic_evrptw_n50_seed20310824_small_battery', 'scale': 50, 'seed': 20310824, 'source': 'composite'}",,small_battery,E_adaptive_portfolio,synthetic_evrptw_n50_seed20310824_small_battery,20310824,composite
7,swap,0.7158492777377994,716.6375794112698,716.6375794112698,0.0,False,0,True,0.005787083002360305,0.05373824901107582,"{'instance': 'synthetic_evrptw_n50_seed20310824_small_battery', 'scale': 50, 'seed': 20310824, 'source': 'composite'}",,small_battery,E_adaptive_portfolio,synthetic_evrptw_n50_seed20310824_small_battery,20310824,composite
8,two_opt,0.7182191690154348,716.6375794112698,716.6375794112698,0.0,False,0,True,0.0013495409984898288,0.05508779000956565,"{'instance': 'synthetic_evrptw_n50_seed20310824_small_battery', 'scale': 50, 'seed': 20310824, 'source': 'composite'}",,small_battery,E_adaptive_portfolio,synthetic_evrptw_n50_seed20310824_small_battery,20310824,composite
9,relocate,0.628420102574771,716.6375794112698,716.2767920832086,0.0005034446119300239,True,1,True,0.012606208998477086,0.06769399900804274,"{'instance': 'synthetic_evrptw_n50_seed20310824_small_battery', 'scale': 50, 'seed': 20310824, 'source': 'composite'}",,small_battery,E_adaptive_portfolio,synthetic_evrptw_n50_seed20310824_small_battery,20310824,composite
10,swap,0.6301807944387997,716.2767920832086,716.2767920832086,0.0,False,0,True,0.005849417000717949,0.07354341600876069,"{'instance': 'synthetic_evrptw_n50_seed20310824_small_battery', 'scale': 50, 'seed': 20310824, 'source': 'composite'}",,small_battery,E_adaptive_portfolio,synthetic_evrptw_n50_seed20310824_small_battery,20310824,composite
11,two_opt,0.6287926224846905,716.2767920832086,716.2767920832086,0.0,False,0,True,0.0013302080005814787,0.07487362400934217,"{'instance': 'synthetic_evrptw_n50_seed20310824_small_battery', 'scale': 50, 'seed': 20310824, 'source': 'composite'}",budget,small_battery,E_adaptive_portfolio,synthetic_evrptw_n50_seed20310824_small_battery,20310824,composite
0,two_opt,,1155.141944573137,1155.141944573137,0.0,False,0,True,0.007086166999215493,0.007086166999215493,"{'instance': 'synthetic_evrptw_n100_seed20360813_small_battery', 'scale': 100, 'seed': 20360813, 'source': 'nearest'}",,small_battery,E_adaptive_portfolio,synthetic_evrptw_n100_seed20360813_small_battery,20360813,nearest
1,relocate,,1155.141944573137,1122.0724707885468,0.028628060767727066,True,17,True,0.07152074999976321,0.0786069169989787,"{'instance': 'synthetic_evrptw_n100_seed20360813_small_battery', 'scale': 100, 'seed': 20360813, 'source': 'nearest'}",,small_battery,E_adaptive_portfolio,synthetic_evrptw_n100_seed20360813_small_battery,20360813,nearest
2,swap,,1122.0724707885468,1112.37068440827,0.008646309960227992,True,6,True,0.036300333002145635,0.11490725000112434,"{'instance': 'synthetic_evrptw_n100_seed20360813_small_battery', 'scale': 100, 'seed': 20360813, 'source': 'nearest'}",,small_battery,E_adaptive_portfolio,synthetic_evrptw_n100_seed20360813_small_battery,20360813,nearest
3,relocate,0.7623310125454705,1112.37068440827,1090.2467456185243,0.01988899842458067,True,9,True,0.07342641600189381,0.18833366600301815,"{'instance': 'synthetic_evrptw_n100_seed20360813_small_battery', 'scale': 100, 'seed': 20360813, 'source': 'nearest'}",,small_battery,E_adaptive_portfolio,synthetic_evrptw_n100_seed20360813_small_battery,20360813,nearest
4,swap,0.8328333257210602,1090.2467456185243,1090.2467456185243,0.0,False,0,True,0.03895254100279999,0.22728620700581814,"{'instance': 'synthetic_evrptw_n100_seed20360813_small_battery', 'scale': 100, 'seed': 20360813, 'source': 'nearest'}",,small_battery,E_adaptive_portfolio,synthetic_evrptw_n100_seed20360813_small_battery,20360813,nearest
5,two_opt,0.8880453688256637,1090.2467456185243,1054.3617581248805,0.03291455593686308,True,8,True,0.009549083999445429,0.23683529100526357,"{'instance': 'synthetic_evrptw_n100_seed20360813_small_battery', 'scale': 100, 'seed': 20360813, 'source': 'nearest'}",,small_battery,E_adaptive_portfolio,synthetic_evrptw_n100_seed20360813_small_battery,20360813,nearest
6,relocate,0.6868149950848497,1054.3617581248805,1036.718523418935,0.016733568502449104,True,9,True,0.07362616600221372,0.3104614570074773,"{'instance': 'synthetic_evrptw_n100_seed20360813_small_battery', 'scale': 100, 'seed': 20360813, 'source': 'nearest'}",,small_battery,E_adaptive_portfolio,synthetic_evrptw_n100_seed20360813_small_battery,20360813,nearest
7,two_opt,0.7069266737554945,1036.718523418935,1036.718523418935,0.0,False,0,True,0.00635445900115883,0.3168159160086361,"{'instance': 'synthetic_evrptw_n100_seed20360813_small_battery', 'scale': 100, 'seed': 20360813, 'source': 'nearest'}",,small_battery,E_adaptive_portfolio,synthetic_evrptw_n100_seed20360813_small_battery,20360813,nearest
8,swap,0.7180900480982803,1036.718523418935,1034.62503837349,0.0020193379380750954,True,2,True,0.042572915997880045,0.35938883200651617,"{'instance': 'synthetic_evrptw_n100_seed20360813_small_battery', 'scale': 100, 'seed': 20360813, 'source': 'nearest'}",,small_battery,E_adaptive_portfolio,synthetic_evrptw_n100_seed20360813_small_battery,20360813,nearest
9,relocate,0.6208161607746934,1034.62503837349,1033.0146273461578,0.0015565165809866125,True,2,True,0.07881312500103377,0.43820195700754994,"{'instance': 'synthetic_evrptw_n100_seed20360813_small_battery', 'scale': 100, 'seed': 20360813, 'source': 'nearest'}",,small_battery,E_adaptive_portfolio,synthetic_evrptw_n100_seed20360813_small_battery,20360813,nearest
10,two_opt,0.6242323917839299,1033.0146273461578,1030.8430475244984,0.002102177223993675,True,1,True,0.006927541999175446,0.4451294990067254,"{'instance': 'synthetic_evrptw_n100_seed20360813_small_battery', 'scale': 100, 'seed': 20360813, 'source': 'nearest'}",,small_battery,E_adaptive_portfolio,synthetic_evrptw_n100_seed20360813_small_battery,20360813,nearest
11,swap,0.629379654519279,1030.8430475244984,1030.8430475244984,0.0,False,0,True,0.04405287500048871,0.4891823740072141,"{'instance': 'synthetic_evrptw_n100_seed20360813_small_battery', 'scale': 100, 'seed': 20360813, 'source': 'nearest'}",budget,small_battery,E_adaptive_portfolio,synthetic_evrptw_n100_seed20360813_small_battery,20360813,nearest
0,two_opt,,1233.2447421582726,1233.2447421582726,0.0,False,0,True,0.006956708999496186,0.006956708999496186,"{'instance': 'synthetic_evrptw_n100_seed20360813_small_battery', 'scale': 100, 'seed': 20360813, 'source': 'composite'}",,small_battery,E_adaptive_portfolio,synthetic_evrptw_n100_seed20360813_small_battery,20360813,composite
1,relocate,,1233.2447421582726,1101.2133872922336,0.10706014009431254,True,20,True,0.07299849999981234,0.07995520899930852,"{'instance': 'synthetic_evrptw_n100_seed20360813_small_battery', 'scale': 100, 'seed': 20360813, 'source': 'composite'}",,small_battery,E_adaptive_portfolio,synthetic_evrptw_n100_seed20360813_small_battery,20360813,composite
2,swap,,1101.2133872922336,1093.493221581163,0.00701059921733581,True,3,True,0.03487641700121458,0.1148316260005231,"{'instance': 'synthetic_evrptw_n100_seed20360813_small_battery', 'scale': 100, 'seed': 20360813, 'source': 'composite'}",,small_battery,E_adaptive_portfolio,synthetic_evrptw_n100_seed20360813_small_battery,20360813,composite
3,relocate,0.840763091872056,1093.493221581163,1073.9022789763562,0.01791592505391002,True,9,True,0.07361683300041477,0.18844845900093787,"{'instance': 'synthetic_evrptw_n100_seed20360813_small_battery', 'scale': 100, 'seed': 20360813, 'source': 'composite'}",,small_battery,E_adaptive_portfolio,synthetic_evrptw_n100_seed20360813_small_battery,20360813,composite
4,swap,0.831197614978168,1073.9022789763562,1067.3510652674627,0.006100381605613291,True,4,True,0.03491441699952702,0.2233628760004649,"{'instance': 'synthetic_evrptw_n100_seed20360813_small_battery', 'scale': 100, 'seed': 20360813, 'source': 'composite'}",,small_battery,E_adaptive_portfolio,synthetic_evrptw_n100_seed20360813_small_battery,20360813,composite
5,two_opt,0.8880453688256637,1067.3510652674627,1063.1702002664226,0.003917047667903327,True,3,True,0.007344082998315571,0.23070695899878046,"{'instance': 'synthetic_evrptw_n100_seed20360813_small_battery', 'scale': 100, 'seed': 20360813, 'source': 'composite'}",,small_battery,E_adaptive_portfolio,synthetic_evrptw_n100_seed20360813_small_battery,20360813,composite
6,relocate,0.7250444980628071,1063.1702002664226,1030.8441470708833,0.03040534167289362,True,8,True,0.07533120800144388,0.30603816700022435,"{'instance': 'synthetic_evrptw_n100_seed20360813_small_battery', 'scale': 100, 'seed': 20360813, 'source': 'composite'}",,small_battery,E_adaptive_portfolio,synthetic_evrptw_n100_seed20360813_small_battery,20360813,composite
7,swap,0.6970248861985374,1030.8441470708833,1026.490848942604,0.004223041999752342,True,2,True,0.03748000000268803,0.3435181670029124,"{'instance': 'synthetic_evrptw_n100_seed20360813_small_battery', 'scale': 100, 'seed': 20360813, 'source': 'composite'}",,small_battery,E_adaptive_portfolio,synthetic_evrptw_n100_seed20360813_small_battery,20360813,composite
8,two_opt,0.7157254169521179,1026.490848942604,1025.9777941412942,0.0004998142962875557,True,1,True,0.006706625001243083,0.35022479200415546,"{'instance': 'synthetic_evrptw_n100_seed20360813_small_battery', 'scale': 100, 'seed': 20360813, 'source': 'composite'}",,small_battery,E_adaptive_portfolio,synthetic_evrptw_n100_seed20360813_small_battery,20360813,composite
9,relocate,0.6508597538168132,1025.9777941412942,1018.6723809629719,0.007120439857508462,True,3,True,0.07922858299934887,0.42945337500350433,"{'instance': 'synthetic_evrptw_n100_seed20360813_small_battery', 'scale': 100, 'seed': 20360813, 'source': 'composite'}",,small_battery,E_adaptive_portfolio,synthetic_evrptw_n100_seed20360813_small_battery,20360813,composite
10,swap,0.619038880745876,1018.6723809629719,1018.6723809629719,0.0,False,0,True,0.03911583300214261,0.46856920800564694,"{'instance': 'synthetic_evrptw_n100_seed20360813_small_battery', 'scale': 100, 'seed': 20360813, 'source': 'composite'}",,small_battery,E_adaptive_portfolio,synthetic_evrptw_n100_seed20360813_small_battery,20360813,composite
11,two_opt,0.627296725874575,1018.6723809629719,1018.6723809629719,0.0,False,0,True,0.0065661670014378615,0.4751353750070848,"{'instance': 'synthetic_evrptw_n100_seed20360813_small_battery', 'scale': 100, 'seed': 20360813, 'source': 'composite'}",budget,small_battery,E_adaptive_portfolio,synthetic_evrptw_n100_seed20360813_small_battery,20360813,composite
0,two_opt,,1181.4395550068382,1181.4395550068382,0.0,False,0,True,0.008023625003261259,0.008023625003261259,"{'instance': 'synthetic_evrptw_n100_seed20360814_small_battery', 'scale': 100, 'seed': 20360814, 'source': 'nearest'}",,small_battery,E_adaptive_portfolio,synthetic_evrptw_n100_seed20360814_small_battery,20360814,nearest
1,relocate,,1181.4395550068382,1098.6145169774684,0.07010518454233608,True,26,True,0.06924150000122609,0.07726512500448734,"{'instance': 'synthetic_evrptw_n100_seed20360814_small_battery', 'scale': 100, 'seed': 20360814, 'source': 'nearest'}",,small_battery,E_adaptive_portfolio,synthetic_evrptw_n100_seed20360814_small_battery,20360814,nearest
2,swap,,1098.6145169774684,1080.2432066889153,0.01672225335151828,True,4,True,0.040211583000200335,0.11747670800468768,"{'instance': 'synthetic_evrptw_n100_seed20360814_small_battery', 'scale': 100, 'seed': 20360814, 'source': 'nearest'}",,small_battery,E_adaptive_portfolio,synthetic_evrptw_n100_seed20360814_small_battery,20360814,nearest
3,relocate,0.8038081363200795,1080.2432066889153,1061.1731346452177,0.017653498698825234,True,13,True,0.07425433299795259,0.19173104100264027,"{'instance': 'synthetic_evrptw_n100_seed20360814_small_battery', 'scale': 100, 'seed': 20360814, 'source': 'nearest'}",,small_battery,E_adaptive_portfolio,synthetic_evrptw_n100_seed20360814_small_battery,20360814,nearest
4,swap,0.8409092691123505,1061.1731346452177,1054.099532271055,0.006665832504822661,True,4,True,0.03936658300153795,0.23109762400417821,"{'instance': 'synthetic_evrptw_n100_seed20360814_small_battery', 'scale': 100, 'seed': 20360814, 'source': 'nearest'}",,small_battery,E_adaptive_portfolio,synthetic_evrptw_n100_seed20360814_small_battery,20360814,nearest
5,two_opt,0.8880453688256637,1054.099532271055,1051.385077717273,0.0025751406491319423,True,3,True,0.00728141700164997,0.23837904100582819,"{'instance': 'synthetic_evrptw_n100_seed20360814_small_battery', 'scale': 100, 'seed': 20360814, 'source': 'nearest'}",,small_battery,E_adaptive_portfolio,synthetic_evrptw_n100_seed20360814_small_battery,20360814,nearest
6,relocate,0.7064358071092764,1051.385077717273,1036.972959665206,0.01370774453386573,True,7,True,0.07682108300286927,0.31520012400869746,"{'instance': 'synthetic_evrptw_n100_seed20360814_small_battery', 'scale': 100, 'seed': 20360814, 'source': 'nearest'}",,small_battery,E_adaptive_portfolio,synthetic_evrptw_n100_seed20360814_small_battery,20360814,nearest
7,swap,0.7021634387152333,1036.972959665206,1028.8995188159556,0.007785584738735052,True,4,True,0.03975658399940585,0.3549567080081033,"{'instance': 'synthetic_evrptw_n100_seed20360814_small_battery', 'scale': 100, 'seed': 20360814, 'source': 'nearest'}",,small_battery,E_adaptive_portfolio,synthetic_evrptw_n100_seed20360814_small_battery,20360814,nearest
8,two_opt,0.7150544634427322,1028.8995188159556,1011.0048905718993,0.017392007593364636,True,3,True,0.007814249998773448,0.36277095800687675,"{'instance': 'synthetic_evrptw_n100_seed20360814_small_battery', 'scale': 100, 'seed': 20360814, 'source': 'nearest'}",,small_battery,E_adaptive_portfolio,synthetic_evrptw_n100_seed20360814_small_battery,20360814,nearest
9,relocate,0.6328880941347834,1011.0048905718993,1004.1583407225933,0.00677202446116073,True,6,True,0.07606454100096016,0.4388354990078369,"{'instance': 'synthetic_evrptw_n100_seed20360814_small_battery', 'scale': 100, 'seed': 20360814, 'source': 'nearest'}",,small_battery,E_adaptive_portfolio,synthetic_evrptw_n100_seed20360814_small_battery,20360814,nearest
10,swap,0.6236520966700008,1004.1583407225933,1001.0818833734033,0.003063717368493998,True,3,True,0.040312790999450954,0.47914829000728787,"{'instance': 'synthetic_evrptw_n100_seed20360814_small_battery', 'scale': 100, 'seed': 20360814, 'source': 'nearest'}",,small_battery,E_adaptive_portfolio,synthetic_evrptw_n100_seed20360814_small_battery,20360814,nearest
11,two_opt,0.6324801546340102,1001.0818833734033,1001.0818833734033,0.0,False,0,True,0.006609915999433724,0.4857582060067216,"{'instance': 'synthetic_evrptw_n100_seed20360814_small_battery', 'scale': 100, 'seed': 20360814, 'source': 'nearest'}",budget,small_battery,E_adaptive_portfolio,synthetic_evrptw_n100_seed20360814_small_battery,20360814,nearest
0,two_opt,,1167.014005991632,1167.014005991632,0.0,False,0,True,0.007004791001236299,0.007004791001236299,"{'instance': 'synthetic_evrptw_n100_seed20360814_small_battery', 'scale': 100, 'seed': 20360814, 'source': 'composite'}",,small_battery,E_adaptive_portfolio,synthetic_evrptw_n100_seed20360814_small_battery,20360814,composite
1,relocate,,1167.014005991632,1107.7108859556029,0.05081611680027638,True,19,True,0.06931654200161574,0.07632133300285204,"{'instance': 'synthetic_evrptw_n100_seed20360814_small_battery', 'scale': 100, 'seed': 20360814, 'source': 'composite'}",,small_battery,E_adaptive_portfolio,synthetic_evrptw_n100_seed20360814_small_battery,20360814,composite
2,swap,,1107.7108859556029,1075.6056051589753,0.0289834479408685,True,6,True,0.03654066599847283,0.11286199900132488,"{'instance': 'synthetic_evrptw_n100_seed20360814_small_battery', 'scale': 100, 'seed': 20360814, 'source': 'composite'}",,small_battery,E_adaptive_portfolio,synthetic_evrptw_n100_seed20360814_small_battery,20360814,composite
3,relocate,0.7845190685780199,1075.6056051589753,1055.2566740728403,0.01891858036861705,True,10,True,0.07652891700126929,0.18939091600259417,"{'instance': 'synthetic_evrptw_n100_seed20360814_small_battery', 'scale': 100, 'seed': 20360814, 'source': 'composite'}",,small_battery,E_adaptive_portfolio,synthetic_evrptw_n100_seed20360814_small_battery,20360814,composite
4,swap,0.8531704637017007,1055.2566740728403,1049.5538133145762,0.005404240407457852,True,3,True,0.03706108299957123,0.2264519990021654,"{'instance': 'synthetic_evrptw_n100_seed20360814_small_battery', 'scale': 100, 'seed': 20360814, 'source': 'composite'}",,small_battery,E_adaptive_portfolio,synthetic_evrptw_n100_seed20360814_small_battery,20360814,composite
5,two_opt,0.8880453688256637,1049.5538133145762,1045.4829348107191,0.0038786753496716257,True,3,True,0.01148129200009862,0.237933291002264,"{'instance': 'synthetic_evrptw_n100_seed20360814_small_battery', 'scale': 100, 'seed': 20360814, 'source': 'composite'}",,small_battery,E_adaptive_portfolio,synthetic_evrptw_n100_seed20360814_small_battery,20360814,composite
6,relocate,0.6974238140731426,1045.4829348107191,1032.407529345346,0.012506569959212682,True,9,True,0.07167399999889312,0.30960729100115714,"{'instance': 'synthetic_evrptw_n100_seed20360814_small_battery', 'scale': 100, 'seed': 20360814, 'source': 'composite'}",,small_battery,E_adaptive_portfolio,synthetic_evrptw_n100_seed20360814_small_battery,20360814,composite
7,swap,0.707663239961226,1032.407529345346,1030.4369040631148,0.001908766864070356,True,1,True,0.03995024999676389,0.349557540997921,"{'instance': 'synthetic_evrptw_n100_seed20360814_small_battery', 'scale': 100, 'seed': 20360814, 'source': 'composite'}",,small_battery,E_adaptive_portfolio,synthetic_evrptw_n100_seed20360814_small_battery,20360814,composite
8,two_opt,0.715706230793002,1030.4369040631148,1030.4369040631148,0.0,False,0,True,0.007302333000552608,0.35685987399847363,"{'instance': 'synthetic_evrptw_n100_seed20360814_small_battery', 'scale': 100, 'seed': 20360814, 'source': 'composite'}",,small_battery,E_adaptive_portfolio,synthetic_evrptw_n100_seed20360814_small_battery,20360814,composite
9,relocate,0.6264797072524764,1030.4369040631148,1020.9717946538997,0.009185530304566161,True,3,True,0.07842620799783617,0.4352860819963098,"{'instance': 'synthetic_evrptw_n100_seed20360814_small_battery', 'scale': 100, 'seed': 20360814, 'source': 'composite'}",,small_battery,E_adaptive_portfolio,synthetic_evrptw_n100_seed20360814_small_battery,20360814,composite
10,swap,0.625359691542441,1020.9717946538997,1016.1768853415088,0.004696417019058161,True,2,True,0.0403850840011728,0.4756711659974826,"{'instance': 'synthetic_evrptw_n100_seed20360814_small_battery', 'scale': 100, 'seed': 20360814, 'source': 'composite'}",,small_battery,E_adaptive_portfolio,synthetic_evrptw_n100_seed20360814_small_battery,20360814,composite
11,two_opt,0.6271173303364019,1016.1768853415088,1016.1768853415088,0.0,False,0,True,0.007172957997681806,0.4828441239951644,"{'instance': 'synthetic_evrptw_n100_seed20360814_small_battery', 'scale': 100, 'seed': 20360814, 'source': 'composite'}",budget,small_battery,E_adaptive_portfolio,synthetic_evrptw_n100_seed20360814_small_battery,20360814,composite
0,two_opt,,1110.4121339556068,1110.4121339556068,0.0,False,0,True,0.007804542001395021,0.007804542001395021,"{'instance': 'synthetic_evrptw_n100_seed20360815_small_battery', 'scale': 100, 'seed': 20360815, 'source': 'nearest'}",,small_battery,E_adaptive_portfolio,synthetic_evrptw_n100_seed20360815_small_battery,20360815,nearest
1,relocate,,1110.4121339556068,1072.930779379026,0.03375445335153302,True,17,True,0.07065800000054878,0.0784625420019438,"{'instance': 'synthetic_evrptw_n100_seed20360815_small_battery', 'scale': 100, 'seed': 20360815, 'source': 'nearest'}",,small_battery,E_adaptive_portfolio,synthetic_evrptw_n100_seed20360815_small_battery,20360815,nearest
2,swap,,1072.930779379026,1065.0110695874625,0.0073813799955922,True,5,True,0.03477970799940522,0.11324225000134902,"{'instance': 'synthetic_evrptw_n100_seed20360815_small_battery', 'scale': 100, 'seed': 20360815, 'source': 'nearest'}",,small_battery,E_adaptive_portfolio,synthetic_evrptw_n100_seed20360815_small_battery,20360815,nearest
3,relocate,0.7674574051292765,1065.0110695874625,1049.1421715630868,0.014900218859248726,True,8,True,0.07322779100286425,0.18647004100421327,"{'instance': 'synthetic_evrptw_n100_seed20360815_small_battery', 'scale': 100, 'seed': 20360815, 'source': 'nearest'}",,small_battery,E_adaptive_portfolio,synthetic_evrptw_n100_seed20360815_small_battery,20360815,nearest
4,swap,0.8315683957564244,1049.1421715630868,1049.1421715630868,0.0,False,0,True,0.03602354199756519,0.22249358300177846,"{'instance': 'synthetic_evrptw_n100_seed20360815_small_battery', 'scale': 100, 'seed': 20360815, 'source': 'nearest'}",,small_battery,E_adaptive_portfolio,synthetic_evrptw_n100_seed20360815_small_battery,20360815,nearest
5,two_opt,0.8880453688256637,1049.1421715630868,1047.6067882358484,0.0014634654566891107,True,3,True,0.007333042001846479,0.22982662500362494,"{'instance': 'synthetic_evrptw_n100_seed20360815_small_battery', 'scale': 100, 'seed': 20360815, 'source': 'nearest'}",,small_battery,E_adaptive_portfolio,synthetic_evrptw_n100_seed20360815_small_battery,20360815,nearest
6,relocate,0.6868838015940867,1047.6067882358484,1046.3168300281982,0.0012313381529557314,True,3,True,0.07900354099911056,0.3088301660027355,"{'instance': 'synthetic_evrptw_n100_seed20360815_small_battery', 'scale': 100, 'seed': 20360815, 'source': 'nearest'}",,small_battery,E_adaptive_portfolio,synthetic_evrptw_n100_seed20360815_small_battery,20360815,nearest
7,swap,0.694160085784859,1046.3168300281982,1045.2405801334555,0.0010286080313872562,True,2,True,0.03600825000103214,0.34483841600376763,"{'instance': 'synthetic_evrptw_n100_seed20360815_small_battery', 'scale': 100, 'seed': 20360815, 'source': 'nearest'}",,small_battery,E_adaptive_portfolio,synthetic_evrptw_n100_seed20360815_small_battery,20360815,nearest
8,two_opt,0.7144986258465108,1045.2405801334555,1045.0801260405792,0.00015350924555169922,True,1,True,0.00638266700116219,0.3512210830049298,"{'instance': 'synthetic_evrptw_n100_seed20360815_small_battery', 'scale': 100, 'seed': 20360815, 'source': 'nearest'}",,small_battery,E_adaptive_portfolio,synthetic_evrptw_n100_seed20360815_small_battery,20360815,nearest
9,relocate,0.6156946216643535,1045.0801260405792,1040.8458485166423,0.004051629553017202,True,2,True,0.07348054100293666,0.4247016240078665,"{'instance': 'synthetic_evrptw_n100_seed20360815_small_battery', 'scale': 100, 'seed': 20360815, 'source': 'nearest'}",,small_battery,E_adaptive_portfolio,synthetic_evrptw_n100_seed20360815_small_battery,20360815,nearest
10,swap,0.6160642024806353,1040.8458485166423,1039.7211689193146,0.0010805438662512285,True,1,True,0.034494540999730816,0.4591961650075973,"{'instance': 'synthetic_evrptw_n100_seed20360815_small_battery', 'scale': 100, 'seed': 20360815, 'source': 'nearest'}",,small_battery,E_adaptive_portfolio,synthetic_evrptw_n100_seed20360815_small_battery,20360815,nearest
11,two_opt,0.6263634301205916,1039.7211689193146,1038.3338067802968,0.0013343598076971147,True,2,True,0.006610166998143541,0.46580633200574084,"{'instance': 'synthetic_evrptw_n100_seed20360815_small_battery', 'scale': 100, 'seed': 20360815, 'source': 'nearest'}",budget,small_battery,E_adaptive_portfolio,synthetic_evrptw_n100_seed20360815_small_battery,20360815,nearest
0,two_opt,,1294.215228491919,1294.215228491919,0.0,False,0,True,0.006171959001221694,0.006171959001221694,"{'instance': 'synthetic_evrptw_n100_seed20360815_small_battery', 'scale': 100, 'seed': 20360815, 'source': 'composite'}",,small_battery,E_adaptive_portfolio,synthetic_evrptw_n100_seed20360815_small_battery,20360815,composite
1,relocate,,1294.215228491919,1235.5378833150787,0.045338166237785665,True,23,True,0.06415120800011209,0.07032316700133379,"{'instance': 'synthetic_evrptw_n100_seed20360815_small_battery', 'scale': 100, 'seed': 20360815, 'source': 'composite'}",,small_battery,E_adaptive_portfolio,synthetic_evrptw_n100_seed20360815_small_battery,20360815,composite
2,swap,,1235.5378833150787,1214.0836331478076,0.017364299757209437,True,10,True,0.03404170900103054,0.10436487600236433,"{'instance': 'synthetic_evrptw_n100_seed20360815_small_battery', 'scale': 100, 'seed': 20360815, 'source': 'composite'}",,small_battery,E_adaptive_portfolio,synthetic_evrptw_n100_seed20360815_small_battery,20360815,composite
3,relocate,0.7790411180155291,1214.0836331478076,1167.9803658995597,0.037973716134129865,True,20,True,0.06625120900207548,0.1706160850044398,"{'instance': 'synthetic_evrptw_n100_seed20360815_small_battery', 'scale': 100, 'seed': 20360815, 'source': 'composite'}",,small_battery,E_adaptive_portfolio,synthetic_evrptw_n100_seed20360815_small_battery,20360815,composite
4,swap,0.8415513155180416,1167.9803658995597,1133.6353734355228,0.029405453607591267,True,7,True,0.03516170900184079,0.2057777940062806,"{'instance': 'synthetic_evrptw_n100_seed20360815_small_battery', 'scale': 100, 'seed': 20360815, 'source': 'composite'}",,small_battery,E_adaptive_portfolio,synthetic_evrptw_n100_seed20360815_small_battery,20360815,composite
5,two_opt,0.8880453688256637,1133.6353734355228,1133.6353734355228,0.0,False,0,True,0.004966459000570467,0.21074425300685107,"{'instance': 'synthetic_evrptw_n100_seed20360815_small_battery', 'scale': 100, 'seed': 20360815, 'source': 'composite'}",,small_battery,E_adaptive_portfolio,synthetic_evrptw_n100_seed20360815_small_battery,20360815,composite
6,relocate,0.7042124066746536,1133.6353734355228,1102.1036553984343,0.027814691368998536,True,15,True,0.06405425000048126,0.27479850300733233,"{'instance': 'synthetic_evrptw_n100_seed20360815_small_battery', 'scale': 100, 'seed': 20360815, 'source': 'composite'}",,small_battery,E_adaptive_portfolio,synthetic_evrptw_n100_seed20360815_small_battery,20360815,composite
7,swap,0.7138542724694632,1102.1036553984343,1101.851184457978,0.0002290809391835578,True,1,True,0.03541137499996694,0.31020987800729927,"{'instance': 'synthetic_evrptw_n100_seed20360815_small_battery', 'scale': 100, 'seed': 20360815, 'source': 'composite'}",,small_battery,E_adaptive_portfolio,synthetic_evrptw_n100_seed20360815_small_battery,20360815,composite
8,two_opt,0.7137668931181662,1101.851184457978,1100.224547512536,0.0014762764413074182,True,2,True,0.005859541997779161,0.3160694200050784,"{'instance': 'synthetic_evrptw_n100_seed20360815_small_battery', 'scale': 100, 'seed': 20360815, 'source': 'composite'}",,small_battery,E_adaptive_portfolio,synthetic_evrptw_n100_seed20360815_small_battery,20360815,composite
9,relocate,0.6361081427900791,1100.224547512536,1079.2900228848866,0.01902750186312383,True,8,True,0.06878499999947962,0.38485442000455805,"{'instance': 'synthetic_evrptw_n100_seed20360815_small_battery', 'scale': 100, 'seed': 20360815, 'source': 'composite'}",,small_battery,E_adaptive_portfolio,synthetic_evrptw_n100_seed20360815_small_battery,20360815,composite
10,swap,0.6289271512396368,1079.2900228848866,1062.4456240585375,0.015606925357583587,True,2,True,0.0356445409997832,0.42049896100434125,"{'instance': 'synthetic_evrptw_n100_seed20360815_small_battery', 'scale': 100, 'seed': 20360815, 'source': 'composite'}",,small_battery,E_adaptive_portfolio,synthetic_evrptw_n100_seed20360815_small_battery,20360815,composite
11,two_opt,0.6263165307002805,1062.4456240585375,1062.033775622885,0.00038764189557223083,True,1,True,0.006526334000227507,0.42702529500456876,"{'instance': 'synthetic_evrptw_n100_seed20360815_small_battery', 'scale': 100, 'seed': 20360815, 'source': 'composite'}",budget,small_battery,E_adaptive_portfolio,synthetic_evrptw_n100_seed20360815_small_battery,20360815,composite
0,two_opt,,1185.6053484451438,1185.6053484451438,0.0,False,0,True,0.007259915997565258,0.007259915997565258,"{'instance': 'synthetic_evrptw_n100_seed20360816_small_battery', 'scale': 100, 'seed': 20360816, 'source': 'nearest'}",,small_battery,E_adaptive_portfolio,synthetic_evrptw_n100_seed20360816_small_battery,20360816,nearest
1,relocate,,1185.6053484451438,1145.4003305609672,0.03391096197137041,True,21,True,0.07052933300292352,0.07778924900048878,"{'instance': 'synthetic_evrptw_n100_seed20360816_small_battery', 'scale': 100, 'seed': 20360816, 'source': 'nearest'}",,small_battery,E_adaptive_portfolio,synthetic_evrptw_n100_seed20360816_small_battery,20360816,nearest
2,swap,,1145.4003305609672,1136.7502448124862,0.007552019601953928,True,6,True,0.03759862500010058,0.11538787400058936,"{'instance': 'synthetic_evrptw_n100_seed20360816_small_battery', 'scale': 100, 'seed': 20360816, 'source': 'nearest'}",,small_battery,E_adaptive_portfolio,synthetic_evrptw_n100_seed20360816_small_battery,20360816,nearest
3,relocate,0.7676139137491139,1136.7502448124862,1092.2161555840314,0.03917667001321033,True,19,True,0.07666899999821908,0.19205687399880844,"{'instance': 'synthetic_evrptw_n100_seed20360816_small_battery', 'scale': 100, 'seed': 20360816, 'source': 'nearest'}",,small_battery,E_adaptive_portfolio,synthetic_evrptw_n100_seed20360816_small_battery,20360816,nearest
4,swap,0.8317390353627861,1092.2161555840314,1070.1963852761942,0.020160634133875074,True,7,True,0.03959658299936564,0.23165345699817408,"{'instance': 'synthetic_evrptw_n100_seed20360816_small_battery', 'scale': 100, 'seed': 20360816, 'source': 'nearest'}",,small_battery,E_adaptive_portfolio,synthetic_evrptw_n100_seed20360816_small_battery,20360816,nearest
5,two_opt,0.8880453688256637,1070.1963852761942,1065.3700841096638,0.004509734131913363,True,4,True,0.007759416002954822,0.2394128730011289,"{'instance': 'synthetic_evrptw_n100_seed20360816_small_battery', 'scale': 100, 'seed': 20360816, 'source': 'nearest'}",,small_battery,E_adaptive_portfolio,synthetic_evrptw_n100_seed20360816_small_battery,20360816,nearest
6,relocate,0.6991002814809862,1065.3700841096638,1049.561252040675,0.014838817331913619,True,10,True,0.07686966599794687,0.31628253899907577,"{'instance': 'synthetic_evrptw_n100_seed20360816_small_battery', 'scale': 100, 'seed': 20360816, 'source': 'nearest'}",,small_battery,E_adaptive_portfolio,synthetic_evrptw_n100_seed20360816_small_battery,20360816,nearest
7,swap,0.7043257226549774,1049.561252040675,1049.314082352806,0.00023549810684078042,True,1,True,0.040982790997077245,0.357265329996153,"{'instance': 'synthetic_evrptw_n100_seed20360816_small_battery', 'scale': 100, 'seed': 20360816, 'source': 'nearest'}",,small_battery,E_adaptive_portfolio,synthetic_evrptw_n100_seed20360816_small_battery,20360816,nearest
8,two_opt,0.7160217601841229,1049.314082352806,1049.0203864713308,0.00027989320491797134,True,2,True,0.0068842079999740236,0.36414953799612704,"{'instance': 'synthetic_evrptw_n100_seed20360816_small_battery', 'scale': 100, 'seed': 20360816, 'source': 'nearest'}",,small_battery,E_adaptive_portfolio,synthetic_evrptw_n100_seed20360816_small_battery,20360816,nearest
9,relocate,0.6283747679819391,1049.0203864713308,1047.0124770245748,0.0019140804818008918,True,3,True,0.0775301670000772,0.44167970499620424,"{'instance': 'synthetic_evrptw_n100_seed20360816_small_battery', 'scale': 100, 'seed': 20360816, 'source': 'nearest'}",,small_battery,E_adaptive_portfolio,synthetic_evrptw_n100_seed20360816_small_battery,20360816,nearest
10,swap,0.622576923752532,1047.0124770245748,1046.997715720558,1.4098498671812053e-05,True,1,True,0.039632957999856444,0.4813126629960607,"{'instance': 'synthetic_evrptw_n100_seed20360816_small_battery', 'scale': 100, 'seed': 20360816, 'source': 'nearest'}",,small_battery,E_adaptive_portfolio,synthetic_evrptw_n100_seed20360816_small_battery,20360816,nearest
11,two_opt,0.6274209809987885,1046.997715720558,1046.997715720558,0.0,False,0,True,0.0063801250034885015,0.4876927879995492,"{'instance': 'synthetic_evrptw_n100_seed20360816_small_battery', 'scale': 100, 'seed': 20360816, 'source': 'nearest'}",budget,small_battery,E_adaptive_portfolio,synthetic_evrptw_n100_seed20360816_small_battery,20360816,nearest
0,two_opt,,1211.8597500825526,1211.8597500825526,0.0,False,0,True,0.007277458000316983,0.007277458000316983,"{'instance': 'synthetic_evrptw_n100_seed20360816_small_battery', 'scale': 100, 'seed': 20360816, 'source': 'composite'}",,small_battery,E_adaptive_portfolio,synthetic_evrptw_n100_seed20360816_small_battery,20360816,composite
1,relocate,,1211.8597500825526,1141.3263590260751,0.05820260228270865,True,25,True,0.0687346670019906,0.07601212500230758,"{'instance': 'synthetic_evrptw_n100_seed20360816_small_battery', 'scale': 100, 'seed': 20360816, 'source': 'composite'}",,small_battery,E_adaptive_portfolio,synthetic_evrptw_n100_seed20360816_small_battery,20360816,composite
2,swap,,1141.3263590260751,1099.7341774361876,0.036441970573061415,True,13,True,0.03506362500047544,0.11107575000278302,"{'instance': 'synthetic_evrptw_n100_seed20360816_small_battery', 'scale': 100, 'seed': 20360816, 'source': 'composite'}",,small_battery,E_adaptive_portfolio,synthetic_evrptw_n100_seed20360816_small_battery,20360816,composite
3,relocate,0.7919055540604522,1099.7341774361876,1061.9170653678982,0.034387502765852444,True,15,True,0.07034712500171736,0.18142287500450038,"{'instance': 'synthetic_evrptw_n100_seed20360816_small_battery', 'scale': 100, 'seed': 20360816, 'source': 'composite'}",,small_battery,E_adaptive_portfolio,synthetic_evrptw_n100_seed20360816_small_battery,20360816,composite
4,swap,0.8606289863338936,1061.9170653678982,1056.5223022641276,0.005080211326956713,True,5,True,0.036791042002732866,0.21821391700723325,"{'instance': 'synthetic_evrptw_n100_seed20360816_small_battery', 'scale': 100, 'seed': 20360816, 'source': 'composite'}",,small_battery,E_adaptive_portfolio,synthetic_evrptw_n100_seed20360816_small_battery,20360816,composite
5,two_opt,0.8880453688256637,1056.5223022641276,1044.7049716041322,0.011185121823430358,True,4,True,0.008213875000365078,0.22642779200759833,"{'instance': 'synthetic_evrptw_n100_seed20360816_small_battery', 'scale': 100, 'seed': 20360816, 'source': 'composite'}",,small_battery,E_adaptive_portfolio,synthetic_evrptw_n100_seed20360816_small_battery,20360816,composite
6,relocate,0.7088515180129764,1044.7049716041322,1038.5853277934498,0.0058577722677875055,True,7,True,0.07139462499981164,0.29782241700740997,"{'instance': 'synthetic_evrptw_n100_seed20360816_small_battery', 'scale': 100, 'seed': 20360816, 'source': 'composite'}",,small_battery,E_adaptive_portfolio,synthetic_evrptw_n100_seed20360816_small_battery,20360816,composite
7,swap,0.711230486737072,1038.5853277934498,1037.1908296704603,0.001342689989615203,True,1,True,0.03937200000291341,0.3371944170103234,"{'instance': 'synthetic_evrptw_n100_seed20360816_small_battery', 'scale': 100, 'seed': 20360816, 'source': 'composite'}",,small_battery,E_adaptive_portfolio,synthetic_evrptw_n100_seed20360816_small_battery,20360816,composite
8,two_opt,0.7193594540298814,1037.1908296704603,1036.935063274791,0.0002465953114438552,True,1,True,0.006811790997744538,0.3440062080080679,"{'instance': 'synthetic_evrptw_n100_seed20360816_small_battery', 'scale': 100, 'seed': 20360816, 'source': 'composite'}",,small_battery,E_adaptive_portfolio,synthetic_evrptw_n100_seed20360816_small_battery,20360816,composite
9,relocate,0.6318819106485573,1036.935063274791,1022.4750778733884,0.013944928581868838,True,5,True,0.0734187500020198,0.4174249580100877,"{'instance': 'synthetic_evrptw_n100_seed20360816_small_battery', 'scale': 100, 'seed': 20360816, 'source': 'composite'}",,small_battery,E_adaptive_portfolio,synthetic_evrptw_n100_seed20360816_small_battery,20360816,composite
10,swap,0.6275491637681866,1022.4750778733884,1022.0955618031543,0.0003711739077527898,True,1,True,0.04004300000087824,0.45746795801096596,"{'instance': 'synthetic_evrptw_n100_seed20360816_small_battery', 'scale': 100, 'seed': 20360816, 'source': 'composite'}",,small_battery,E_adaptive_portfolio,synthetic_evrptw_n100_seed20360816_small_battery,20360816,composite
11,two_opt,0.6296350109314695,1022.0955618031543,1022.0955618031543,0.0,False,0,True,0.006598833999305498,0.46406679201027146,"{'instance': 'synthetic_evrptw_n100_seed20360816_small_battery', 'scale': 100, 'seed': 20360816, 'source': 'composite'}",budget,small_battery,E_adaptive_portfolio,synthetic_evrptw_n100_seed20360816_small_battery,20360816,composite
0,two_opt,,1072.1534537038874,1072.1534537038874,0.0,False,0,True,0.007987041997694178,0.007987041997694178,"{'instance': 'synthetic_evrptw_n100_seed20360817_small_battery', 'scale': 100, 'seed': 20360817, 'source': 'nearest'}",,small_battery,E_adaptive_portfolio,synthetic_evrptw_n100_seed20360817_small_battery,20360817,nearest
1,relocate,,1072.1534537038874,1030.9012629185809,0.03847601352473913,True,19,True,0.07021695900039049,0.07820400099808467,"{'instance': 'synthetic_evrptw_n100_seed20360817_small_battery', 'scale': 100, 'seed': 20360817, 'source': 'nearest'}",,small_battery,E_adaptive_portfolio,synthetic_evrptw_n100_seed20360817_small_battery,20360817,nearest
2,swap,,1030.9012629185809,1019.9408374999712,0.010631886692601076,True,3,True,0.03384370799903991,0.11204770899712457,"{'instance': 'synthetic_evrptw_n100_seed20360817_small_battery', 'scale': 100, 'seed': 20360817, 'source': 'nearest'}",,small_battery,E_adaptive_portfolio,synthetic_evrptw_n100_seed20360817_small_battery,20360817,nearest
3,relocate,0.7721789653024826,1019.9408374999712,1008.0172016601397,0.011690517137305846,True,10,True,0.07398420900062774,0.18603191799775232,"{'instance': 'synthetic_evrptw_n100_seed20360817_small_battery', 'scale': 100, 'seed': 20360817, 'source': 'nearest'}",,small_battery,E_adaptive_portfolio,synthetic_evrptw_n100_seed20360817_small_battery,20360817,nearest
4,swap,0.8348189024534333,1008.0172016601397,1007.3178542464075,0.0006937851978918791,True,1,True,0.036888999999064254,0.22292091799681657,"{'instance': 'synthetic_evrptw_n100_seed20360817_small_battery', 'scale': 100, 'seed': 20360817, 'source': 'nearest'}",,small_battery,E_adaptive_portfolio,synthetic_evrptw_n100_seed20360817_small_battery,20360817,nearest
5,two_opt,0.8880453688256637,1007.3178542464075,991.3302688180676,0.01587144053978921,True,3,True,0.01052620799964643,0.233447125996463,"{'instance': 'synthetic_evrptw_n100_seed20360817_small_battery', 'scale': 100, 'seed': 20360817, 'source': 'nearest'}",,small_battery,E_adaptive_portfolio,synthetic_evrptw_n100_seed20360817_small_battery,20360817,nearest
6,relocate,0.6876397308197183,991.3302688180676,987.3070311760306,0.004058423079155806,True,4,True,0.07856462500058115,0.31201175099704415,"{'instance': 'synthetic_evrptw_n100_seed20360817_small_battery', 'scale': 100, 'seed': 20360817, 'source': 'nearest'}",,small_battery,E_adaptive_portfolio,synthetic_evrptw_n100_seed20360817_small_battery,20360817,nearest
7,two_opt,0.6984051160569575,987.3070311760306,987.3070311760306,0.0,False,0,True,0.00742487499883282,0.31943662599587697,"{'instance': 'synthetic_evrptw_n100_seed20360817_small_battery', 'scale': 100, 'seed': 20360817, 'source': 'nearest'}",,small_battery,E_adaptive_portfolio,synthetic_evrptw_n100_seed20360817_small_battery,20360817,nearest
8,swap,0.7194297290634127,987.3070311760306,987.3070311760306,0.0,False,0,True,0.036586666999937734,0.3560232929958147,"{'instance': 'synthetic_evrptw_n100_seed20360817_small_battery', 'scale': 100, 'seed': 20360817, 'source': 'nearest'}",,small_battery,E_adaptive_portfolio,synthetic_evrptw_n100_seed20360817_small_battery,20360817,nearest
9,relocate,0.617140936123508,987.3070311760306,977.3108306526134,0.010124713192318937,True,2,True,0.07956520800144062,0.4355885009972553,"{'instance': 'synthetic_evrptw_n100_seed20360817_small_battery', 'scale': 100, 'seed': 20360817, 'source': 'nearest'}",,small_battery,E_adaptive_portfolio,synthetic_evrptw_n100_seed20360817_small_battery,20360817,nearest
10,two_opt,0.6185513533182385,977.3108306526134,977.3108306526134,0.0,False,0,True,0.0071447500013164245,0.44273325099857175,"{'instance': 'synthetic_evrptw_n100_seed20360817_small_battery', 'scale': 100, 'seed': 20360817, 'source': 'nearest'}",,small_battery,E_adaptive_portfolio,synthetic_evrptw_n100_seed20360817_small_battery,20360817,nearest
11,swap,0.6295996625166757,977.3108306526134,977.3108306526134,0.0,False,0,True,0.03441033299895935,0.4771435839975311,"{'instance': 'synthetic_evrptw_n100_seed20360817_small_battery', 'scale': 100, 'seed': 20360817, 'source': 'nearest'}",budget,small_battery,E_adaptive_portfolio,synthetic_evrptw_n100_seed20360817_small_battery,20360817,nearest
0,two_opt,,1199.5567377227237,1199.5567377227237,0.0,False,0,True,0.006549082998390077,0.006549082998390077,"{'instance': 'synthetic_evrptw_n100_seed20360817_small_battery', 'scale': 100, 'seed': 20360817, 'source': 'composite'}",,small_battery,E_adaptive_portfolio,synthetic_evrptw_n100_seed20360817_small_battery,20360817,composite
1,relocate,,1199.5567377227237,1147.799125089911,0.043147281829345505,True,22,True,0.06726016700122273,0.0738092499996128,"{'instance': 'synthetic_evrptw_n100_seed20360817_small_battery', 'scale': 100, 'seed': 20360817, 'source': 'composite'}",,small_battery,E_adaptive_portfolio,synthetic_evrptw_n100_seed20360817_small_battery,20360817,composite
2,swap,,1147.799125089911,1136.7276134856,0.009645861686332838,True,2,True,0.03459054199993261,0.10839979199954541,"{'instance': 'synthetic_evrptw_n100_seed20360817_small_battery', 'scale': 100, 'seed': 20360817, 'source': 'composite'}",,small_battery,E_adaptive_portfolio,synthetic_evrptw_n100_seed20360817_small_battery,20360817,composite
3,relocate,0.7768502336070889,1136.7276134856,1113.732476421644,0.020229241193011022,True,11,True,0.07128575000024284,0.17968554199978826,"{'instance': 'synthetic_evrptw_n100_seed20360817_small_battery', 'scale': 100, 'seed': 20360817, 'source': 'composite'}",,small_battery,E_adaptive_portfolio,synthetic_evrptw_n100_seed20360817_small_battery,20360817,composite
4,swap,0.833832877447165,1113.732476421644,1110.9622779208423,0.0024873105161681923,True,1,True,0.036624958000174956,0.2163104999999632,"{'instance': 'synthetic_evrptw_n100_seed20360817_small_battery', 'scale': 100, 'seed': 20360817, 'source': 'composite'}",,small_battery,E_adaptive_portfolio,synthetic_evrptw_n100_seed20360817_small_battery,20360817,composite
5,two_opt,0.8880453688256637,1110.9622779208423,1095.6315007558414,0.013799547896164681,True,5,True,0.00782183300179895,0.22413233300176216,"{'instance': 'synthetic_evrptw_n100_seed20360817_small_battery', 'scale': 100, 'seed': 20360817, 'source': 'composite'}",,small_battery,E_adaptive_portfolio,synthetic_evrptw_n100_seed20360817_small_battery,20360817,composite
6,relocate,0.6942447269998742,1095.6315007558414,1066.10185717599,0.026952167366016598,True,6,True,0.0723087080004916,0.29644104100225377,"{'instance': 'synthetic_evrptw_n100_seed20360817_small_battery', 'scale': 100, 'seed': 20360817, 'source': 'composite'}",,small_battery,E_adaptive_portfolio,synthetic_evrptw_n100_seed20360817_small_battery,20360817,composite
7,two_opt,0.6973691697351453,1066.10185717599,1066.10185717599,0.0,False,0,True,0.006269666999287438,0.3027107080015412,"{'instance': 'synthetic_evrptw_n100_seed20360817_small_battery', 'scale': 100, 'seed': 20360817, 'source': 'composite'}",,small_battery,E_adaptive_portfolio,synthetic_evrptw_n100_seed20360817_small_battery,20360817,composite
8,swap,0.7198334792194168,1066.10185717599,1066.10185717599,0.0,False,0,True,0.03935783400083892,0.3420685420023801,"{'instance': 'synthetic_evrptw_n100_seed20360817_small_battery', 'scale': 100, 'seed': 20360817, 'source': 'composite'}",,small_battery,E_adaptive_portfolio,synthetic_evrptw_n100_seed20360817_small_battery,20360817,composite
9,relocate,0.6291755150058987,1066.10185717599,1062.5118237226152,0.003367439451690436,True,4,True,0.07651237500249408,0.4185809170048742,"{'instance': 'synthetic_evrptw_n100_seed20360817_small_battery', 'scale': 100, 'seed': 20360817, 'source': 'composite'}",,small_battery,E_adaptive_portfolio,synthetic_evrptw_n100_seed20360817_small_battery,20360817,composite
10,two_opt,0.6178607224370304,1062.5118237226152,1062.3991989461554,0.00010599861003450548,True,2,True,0.006409833000361687,0.4249907500052359,"{'instance': 'synthetic_evrptw_n100_seed20360817_small_battery', 'scale': 100, 'seed': 20360817, 'source': 'composite'}",,small_battery,E_adaptive_portfolio,synthetic_evrptw_n100_seed20360817_small_battery,20360817,composite
11,swap,0.629868829287345,1062.3991989461554,1062.3991989461554,0.0,False,0,True,0.039350416998786386,0.4643411670040223,"{'instance': 'synthetic_evrptw_n100_seed20360817_small_battery', 'scale': 100, 'seed': 20360817, 'source': 'composite'}",budget,small_battery,E_adaptive_portfolio,synthetic_evrptw_n100_seed20360817_small_battery,20360817,composite
0,two_opt,,1123.4584298390603,1123.4584298390603,0.0,False,0,True,0.009115749999182299,0.009115749999182299,"{'instance': 'synthetic_evrptw_n100_seed20360818_small_battery', 'scale': 100, 'seed': 20360818, 'source': 'nearest'}",,small_battery,E_adaptive_portfolio,synthetic_evrptw_n100_seed20360818_small_battery,20360818,nearest
1,relocate,,1123.4584298390603,1046.9574659311377,0.06809416519210386,True,23,True,0.07016983299763524,0.07928558299681754,"{'instance': 'synthetic_evrptw_n100_seed20360818_small_battery', 'scale': 100, 'seed': 20360818, 'source': 'nearest'}",,small_battery,E_adaptive_portfolio,synthetic_evrptw_n100_seed20360818_small_battery,20360818,nearest
2,swap,,1046.9574659311377,1011.7542661678693,0.033624288386882556,True,7,True,0.03463175000069896,0.1139173329975165,"{'instance': 'synthetic_evrptw_n100_seed20360818_small_battery', 'scale': 100, 'seed': 20360818, 'source': 'nearest'}",,small_battery,E_adaptive_portfolio,synthetic_evrptw_n100_seed20360818_small_battery,20360818,nearest
3,relocate,0.8017971169698473,1011.7542661678693,988.6813755571025,0.022804836492716744,True,11,True,0.07158016700122971,0.1854974999987462,"{'instance': 'synthetic_evrptw_n100_seed20360818_small_battery', 'scale': 100, 'seed': 20360818, 'source': 'nearest'}",,small_battery,E_adaptive_portfolio,synthetic_evrptw_n100_seed20360818_small_battery,20360818,nearest
4,swap,0.8578113041477148,988.6813755571025,964.6865365679596,0.024269536761145363,True,4,True,0.03673858299953281,0.22223608299827902,"{'instance': 'synthetic_evrptw_n100_seed20360818_small_battery', 'scale': 100, 'seed': 20360818, 'source': 'nearest'}",,small_battery,E_adaptive_portfolio,synthetic_evrptw_n100_seed20360818_small_battery,20360818,nearest
5,two_opt,0.8880453688256637,964.6865365679596,953.8479597511451,0.011235335423436693,True,6,True,0.011200165998161538,0.23343624899644055,"{'instance': 'synthetic_evrptw_n100_seed20360818_small_battery', 'scale': 100, 'seed': 20360818, 'source': 'nearest'}",,small_battery,E_adaptive_portfolio,synthetic_evrptw_n100_seed20360818_small_battery,20360818,nearest
6,relocate,0.7080059663311061,953.8479597511451,943.5891090792035,0.010755226309461482,True,6,True,0.0719558330019936,0.30539208199843415,"{'instance': 'synthetic_evrptw_n100_seed20360818_small_battery', 'scale': 100, 'seed': 20360818, 'source': 'nearest'}",,small_battery,E_adaptive_portfolio,synthetic_evrptw_n100_seed20360818_small_battery,20360818,nearest
7,swap,0.7194163083610768,943.5891090792035,935.3214543781309,0.008761922558793163,True,2,True,0.056589708001411054,0.3619817899998452,"{'instance': 'synthetic_evrptw_n100_seed20360818_small_battery', 'scale': 100, 'seed': 20360818, 'source': 'nearest'}",,small_battery,E_adaptive_portfolio,synthetic_evrptw_n100_seed20360818_small_battery,20360818,nearest
8,two_opt,0.7193845608298846,935.3214543781309,935.3214543781309,0.0,False,0,True,0.017403958998329472,0.3793857489981747,"{'instance': 'synthetic_evrptw_n100_seed20360818_small_battery', 'scale': 100, 'seed': 20360818, 'source': 'nearest'}",,small_battery,E_adaptive_portfolio,synthetic_evrptw_n100_seed20360818_small_battery,20360818,nearest
9,relocate,0.6329506942078684,935.3214543781309,915.7151855566378,0.020962064678104363,True,5,True,0.08059583300200757,0.45998158200018224,"{'instance': 'synthetic_evrptw_n100_seed20360818_small_battery', 'scale': 100, 'seed': 20360818, 'source': 'nearest'}",,small_battery,E_adaptive_portfolio,synthetic_evrptw_n100_seed20360818_small_battery,20360818,nearest
10,swap,0.6354794557072492,915.7151855566378,905.0260474667722,0.01167299424369382,True,1,True,0.03714566700000432,0.49712724900018657,"{'instance': 'synthetic_evrptw_n100_seed20360818_small_battery', 'scale': 100, 'seed': 20360818, 'source': 'nearest'}",,small_battery,E_adaptive_portfolio,synthetic_evrptw_n100_seed20360818_small_battery,20360818,nearest
11,two_opt,0.6295695503609903,905.0260474667722,902.8159747121799,0.0024419990571303454,True,1,True,0.008857624998199753,0.5059848739983863,"{'instance': 'synthetic_evrptw_n100_seed20360818_small_battery', 'scale': 100, 'seed': 20360818, 'source': 'nearest'}",budget,small_battery,E_adaptive_portfolio,synthetic_evrptw_n100_seed20360818_small_battery,20360818,nearest
0,two_opt,,1143.7698292559667,1143.7698292559667,0.0,False,0,True,0.007693417002883507,0.007693417002883507,"{'instance': 'synthetic_evrptw_n100_seed20360818_small_battery', 'scale': 100, 'seed': 20360818, 'source': 'composite'}",,small_battery,E_adaptive_portfolio,synthetic_evrptw_n100_seed20360818_small_battery,20360818,composite
1,relocate,,1143.7698292559667,1048.1227096669977,0.08362444710679974,True,23,True,0.0689803329987626,0.07667375000164611,"{'instance': 'synthetic_evrptw_n100_seed20360818_small_battery', 'scale': 100, 'seed': 20360818, 'source': 'composite'}",,small_battery,E_adaptive_portfolio,synthetic_evrptw_n100_seed20360818_small_battery,20360818,composite
2,swap,,1048.1227096669977,1036.127876401555,0.011444111605265674,True,4,True,0.038529041998117464,0.11520279199976358,"{'instance': 'synthetic_evrptw_n100_seed20360818_small_battery', 'scale': 100, 'seed': 20360818, 'source': 'composite'}",,small_battery,E_adaptive_portfolio,synthetic_evrptw_n100_seed20360818_small_battery,20360818,composite
3,relocate,0.8173273988845432,1036.127876401555,1027.0959513825835,0.00871699837894454,True,13,True,0.07190433299911092,0.1871071249988745,"{'instance': 'synthetic_evrptw_n100_seed20360818_small_battery', 'scale': 100, 'seed': 20360818, 'source': 'composite'}",,small_battery,E_adaptive_portfolio,synthetic_evrptw_n100_seed20360818_small_battery,20360818,composite
4,swap,0.8356311273660979,1027.0959513825835,1012.8641157729601,0.013856383710271493,True,3,True,0.03795358299976215,0.22506070799863664,"{'instance': 'synthetic_evrptw_n100_seed20360818_small_battery', 'scale': 100, 'seed': 20360818, 'source': 'composite'}",,small_battery,E_adaptive_portfolio,synthetic_evrptw_n100_seed20360818_small_battery,20360818,composite
5,two_opt,0.8880453688256637,1012.8641157729601,1003.8925459259915,0.008857624341960212,True,6,True,0.009623666999686975,0.23468437499832362,"{'instance': 'synthetic_evrptw_n100_seed20360818_small_battery', 'scale': 100, 'seed': 20360818, 'source': 'composite'}",,small_battery,E_adaptive_portfolio,synthetic_evrptw_n100_seed20360818_small_battery,20360818,composite
6,relocate,0.708727188231568,1003.8925459259915,988.5387357137579,0.015294276538403062,True,6,True,0.07646308399853297,0.3111474589968566,"{'instance': 'synthetic_evrptw_n100_seed20360818_small_battery', 'scale': 100, 'seed': 20360818, 'source': 'composite'}",,small_battery,E_adaptive_portfolio,synthetic_evrptw_n100_seed20360818_small_battery,20360818,composite
7,swap,0.7031196434448315,988.5387357137579,971.6879092338175,0.01704619745403652,True,3,True,0.03960529200048768,0.35075275099734426,"{'instance': 'synthetic_evrptw_n100_seed20360818_small_battery', 'scale': 100, 'seed': 20360818, 'source': 'composite'}",,small_battery,E_adaptive_portfolio,synthetic_evrptw_n100_seed20360818_small_battery,20360818,composite
8,two_opt,0.7181957052891463,971.6879092338175,962.7164189996936,0.009232892731163077,True,4,True,0.007655083001736784,0.35840783399908105,"{'instance': 'synthetic_evrptw_n100_seed20360818_small_battery', 'scale': 100, 'seed': 20360818, 'source': 'composite'}",,small_battery,E_adaptive_portfolio,synthetic_evrptw_n100_seed20360818_small_battery,20360818,composite
9,relocate,0.6349445255511569,962.7164189996936,950.8238757280205,0.012353111505078458,True,3,True,0.0788410829991335,0.43724891699821455,"{'instance': 'synthetic_evrptw_n100_seed20360818_small_battery', 'scale': 100, 'seed': 20360818, 'source': 'composite'}",,small_battery,E_adaptive_portfolio,synthetic_evrptw_n100_seed20360818_small_battery,20360818,composite
10,swap,0.6273764373948334,950.8238757280205,945.9968255961533,0.00507670269446204,True,1,True,0.04024737500003539,0.47749629199824994,"{'instance': 'synthetic_evrptw_n100_seed20360818_small_battery', 'scale': 100, 'seed': 20360818, 'source': 'composite'}",,small_battery,E_adaptive_portfolio,synthetic_evrptw_n100_seed20360818_small_battery,20360818,composite
11,two_opt,0.6318546109108858,945.9968255961533,945.9968255961533,0.0,False,0,True,0.007283458002348198,0.48477975000059814,"{'instance': 'synthetic_evrptw_n100_seed20360818_small_battery', 'scale': 100, 'seed': 20360818, 'source': 'composite'}",budget,small_battery,E_adaptive_portfolio,synthetic_evrptw_n100_seed20360818_small_battery,20360818,composite
0,two_opt,,1120.6390029423424,1120.6390029423424,0.0,False,0,True,0.007228500002383953,0.007228500002383953,"{'instance': 'synthetic_evrptw_n100_seed20360819_small_battery', 'scale': 100, 'seed': 20360819, 'source': 'nearest'}",,small_battery,E_adaptive_portfolio,synthetic_evrptw_n100_seed20360819_small_battery,20360819,nearest
1,relocate,,1120.6390029423424,1088.6346686153609,0.028559004499175148,True,16,True,0.07616729099754593,0.08339579099992989,"{'instance': 'synthetic_evrptw_n100_seed20360819_small_battery', 'scale': 100, 'seed': 20360819, 'source': 'nearest'}",,small_battery,E_adaptive_portfolio,synthetic_evrptw_n100_seed20360819_small_battery,20360819,nearest
2,swap,,1088.6346686153609,1075.7068345620112,0.011875273152739696,True,8,True,0.033040124999388354,0.11643591599931824,"{'instance': 'synthetic_evrptw_n100_seed20360819_small_battery', 'scale': 100, 'seed': 20360819, 'source': 'nearest'}",,small_battery,E_adaptive_portfolio,synthetic_evrptw_n100_seed20360819_small_battery,20360819,nearest
3,relocate,0.7622619562769186,1075.7068345620112,1060.4576635872481,0.014175954344449206,True,15,True,0.07082350000200677,0.187259416001325,"{'instance': 'synthetic_evrptw_n100_seed20360819_small_battery', 'scale': 100, 'seed': 20360819, 'source': 'nearest'}",,small_battery,E_adaptive_portfolio,synthetic_evrptw_n100_seed20360819_small_battery,20360819,nearest
4,swap,0.8360622889135719,1060.4576635872481,1049.2043770599646,0.010611726345789836,True,6,True,0.03474850000202423,0.22200791600334924,"{'instance': 'synthetic_evrptw_n100_seed20360819_small_battery', 'scale': 100, 'seed': 20360819, 'source': 'nearest'}",,small_battery,E_adaptive_portfolio,synthetic_evrptw_n100_seed20360819_small_battery,20360819,nearest
5,two_opt,0.8880453688256637,1049.2043770599646,1040.0683081480613,0.008707616086680837,True,5,True,0.007662625001103152,0.2296705410044524,"{'instance': 'synthetic_evrptw_n100_seed20360819_small_battery', 'scale': 100, 'seed': 20360819, 'source': 'nearest'}",,small_battery,E_adaptive_portfolio,synthetic_evrptw_n100_seed20360819_small_battery,20360819,nearest
6,relocate,0.683923944910508,1040.0683081480613,1034.3945649242778,0.00545516403041463,True,7,True,0.07620704200235195,0.30587758300680434,"{'instance': 'synthetic_evrptw_n100_seed20360819_small_battery', 'scale': 100, 'seed': 20360819, 'source': 'nearest'}",,small_battery,E_adaptive_portfolio,synthetic_evrptw_n100_seed20360819_small_battery,20360819,nearest
7,swap,0.7017128955363277,1034.3945649242778,1034.3945649242778,0.0,False,0,True,0.03504308399715228,0.3409206670039566,"{'instance': 'synthetic_evrptw_n100_seed20360819_small_battery', 'scale': 100, 'seed': 20360819, 'source': 'nearest'}",,small_battery,E_adaptive_portfolio,synthetic_evrptw_n100_seed20360819_small_battery,20360819,nearest
8,two_opt,0.7181207011615066,1034.3945649242778,1033.6941711566687,0.0006771050345380818,True,2,True,0.006395374999556225,0.34731604200351285,"{'instance': 'synthetic_evrptw_n100_seed20360819_small_battery', 'scale': 100, 'seed': 20360819, 'source': 'nearest'}",,small_battery,E_adaptive_portfolio,synthetic_evrptw_n100_seed20360819_small_battery,20360819,nearest
9,relocate,0.615129325834454,1033.6941711566687,1027.6710568200256,0.0058267856245174665,True,1,True,0.07973087500067777,0.4270469170041906,"{'instance': 'synthetic_evrptw_n100_seed20360819_small_battery', 'scale': 100, 'seed': 20360819, 'source': 'nearest'}",,small_battery,E_adaptive_portfolio,synthetic_evrptw_n100_seed20360819_small_battery,20360819,nearest
10,swap,0.6207565396378186,1027.6710568200256,1027.6710568200256,0.0,False,0,True,0.03661745799763594,0.46366437500182656,"{'instance': 'synthetic_evrptw_n100_seed20360819_small_battery', 'scale': 100, 'seed': 20360819, 'source': 'nearest'}",,small_battery,E_adaptive_portfolio,synthetic_evrptw_n100_seed20360819_small_battery,20360819,nearest
11,two_opt,0.6289526789269176,1027.6710568200256,1027.5911336637018,7.777114650970145e-05,True,1,True,0.006728082997142337,0.4703924579989689,"{'instance': 'synthetic_evrptw_n100_seed20360819_small_battery', 'scale': 100, 'seed': 20360819, 'source': 'nearest'}",budget,small_battery,E_adaptive_portfolio,synthetic_evrptw_n100_seed20360819_small_battery,20360819,nearest
0,two_opt,,1310.7868343808505,1310.7868343808505,0.0,False,0,True,0.0073985410017485265,0.0073985410017485265,"{'instance': 'synthetic_evrptw_n100_seed20360819_small_battery', 'scale': 100, 'seed': 20360819, 'source': 'composite'}",,small_battery,E_adaptive_portfolio,synthetic_evrptw_n100_seed20360819_small_battery,20360819,composite
1,relocate,,1310.7868343808505,1248.593965145566,0.04744697429362053,True,23,True,0.06904862499868614,0.07644716600043466,"{'instance': 'synthetic_evrptw_n100_seed20360819_small_battery', 'scale': 100, 'seed': 20360819, 'source': 'composite'}",,small_battery,E_adaptive_portfolio,synthetic_evrptw_n100_seed20360819_small_battery,20360819,composite
2,swap,,1248.593965145566,1220.3093607281742,0.022653164444931716,True,3,True,0.03703112500079442,0.11347829100122908,"{'instance': 'synthetic_evrptw_n100_seed20360819_small_battery', 'scale': 100, 'seed': 20360819, 'source': 'composite'}",,small_battery,E_adaptive_portfolio,synthetic_evrptw_n100_seed20360819_small_battery,20360819,composite
3,relocate,0.781149926071364,1220.3093607281742,1180.495756772985,0.0326258285287854,True,22,True,0.06860254200000782,0.1820808330012369,"{'instance': 'synthetic_evrptw_n100_seed20360819_small_battery', 'scale': 100, 'seed': 20360819, 'source': 'composite'}",,small_battery,E_adaptive_portfolio,synthetic_evrptw_n100_seed20360819_small_battery,20360819,composite
4,swap,0.8468401802057639,1180.495756772985,1168.0354380881704,0.01055515753726747,True,8,True,0.03684541600159719,0.21892624900283408,"{'instance': 'synthetic_evrptw_n100_seed20360819_small_battery', 'scale': 100, 'seed': 20360819, 'source': 'composite'}",,small_battery,E_adaptive_portfolio,synthetic_evrptw_n100_seed20360819_small_battery,20360819,composite
5,two_opt,0.8880453688256637,1168.0354380881704,1142.7770202550919,0.021624701622427873,True,7,True,0.007370666997303488,0.22629691600013757,"{'instance': 'synthetic_evrptw_n100_seed20360819_small_battery', 'scale': 100, 'seed': 20360819, 'source': 'composite'}",,small_battery,E_adaptive_portfolio,synthetic_evrptw_n100_seed20360819_small_battery,20360819,composite
6,relocate,0.7025928668998989,1142.7770202550919,1122.5826888010652,0.01767127890751507,True,10,True,0.07496454099964467,0.30126145699978224,"{'instance': 'synthetic_evrptw_n100_seed20360819_small_battery', 'scale': 100, 'seed': 20360819, 'source': 'composite'}",,small_battery,E_adaptive_portfolio,synthetic_evrptw_n100_seed20360819_small_battery,20360819,composite
7,swap,0.7070735567781625,1122.5826888010652,1112.9899454266993,0.008545244345974283,True,4,True,0.03924400000323658,0.3405054570030188,"{'instance': 'synthetic_evrptw_n100_seed20360819_small_battery', 'scale': 100, 'seed': 20360819, 'source': 'composite'}",,small_battery,E_adaptive_portfolio,synthetic_evrptw_n100_seed20360819_small_battery,20360819,composite
8,two_opt,0.7245792439293801,1112.9899454266993,1112.080963425192,0.0008167027970398216,True,1,True,0.00687679200200364,0.34738224900502246,"{'instance': 'synthetic_evrptw_n100_seed20360819_small_battery', 'scale': 100, 'seed': 20360819, 'source': 'composite'}",,small_battery,E_adaptive_portfolio,synthetic_evrptw_n100_seed20360819_small_battery,20360819,composite
9,relocate,0.631647312119748,1112.080963425192,1109.9569259556429,0.0019099665756413915,True,6,True,0.0699056669982383,0.41728791600326076,"{'instance': 'synthetic_evrptw_n100_seed20360819_small_battery', 'scale': 100, 'seed': 20360819, 'source': 'composite'}",,small_battery,E_adaptive_portfolio,synthetic_evrptw_n100_seed20360819_small_battery,20360819,composite
10,swap,0.6271787285810333,1109.9569259556429,1109.879922856836,6.937485320939729e-05,True,1,True,0.037702916997659486,0.45499083300092025,"{'instance': 'synthetic_evrptw_n100_seed20360819_small_battery', 'scale': 100, 'seed': 20360819, 'source': 'composite'}",,small_battery,E_adaptive_portfolio,synthetic_evrptw_n100_seed20360819_small_battery,20360819,composite
11,two_opt,0.6333049066930007,1109.879922856836,1109.879922856836,0.0,False,0,True,0.005817084002046613,0.46080791700296686,"{'instance': 'synthetic_evrptw_n100_seed20360819_small_battery', 'scale': 100, 'seed': 20360819, 'source': 'composite'}",budget,small_battery,E_adaptive_portfolio,synthetic_evrptw_n100_seed20360819_small_battery,20360819,composite
0,two_opt,,1087.2950656585879,1087.2950656585879,0.0,False,0,True,0.007902457997261081,0.007902457997261081,"{'instance': 'synthetic_evrptw_n100_seed20360820_small_battery', 'scale': 100, 'seed': 20360820, 'source': 'nearest'}",,small_battery,E_adaptive_portfolio,synthetic_evrptw_n100_seed20360820_small_battery,20360820,nearest
1,relocate,,1087.2950656585879,1063.223257283414,0.022139168230836583,True,14,True,0.07101691700154333,0.07891937499880441,"{'instance': 'synthetic_evrptw_n100_seed20360820_small_battery', 'scale': 100, 'seed': 20360820, 'source': 'nearest'}",,small_battery,E_adaptive_portfolio,synthetic_evrptw_n100_seed20360820_small_battery,20360820,nearest
2,swap,,1063.223257283414,1042.6141413031594,0.01938362036296288,True,5,True,0.03525329200056149,0.1141726669993659,"{'instance': 'synthetic_evrptw_n100_seed20360820_small_battery', 'scale': 100, 'seed': 20360820, 'source': 'nearest'}",,small_battery,E_adaptive_portfolio,synthetic_evrptw_n100_seed20360820_small_battery,20360820,nearest
3,relocate,0.7558421200085801,1042.6141413031594,1033.5770591621474,0.008667714912936596,True,11,True,0.07148704100109171,0.1856597080004576,"{'instance': 'synthetic_evrptw_n100_seed20360820_small_battery', 'scale': 100, 'seed': 20360820, 'source': 'nearest'}",,small_battery,E_adaptive_portfolio,synthetic_evrptw_n100_seed20360820_small_battery,20360820,nearest
4,swap,0.8435706361237951,1033.5770591621474,997.8636675284018,0.03455319689728414,True,7,True,0.03530450000107521,0.22096420800153282,"{'instance': 'synthetic_evrptw_n100_seed20360820_small_battery', 'scale': 100, 'seed': 20360820, 'source': 'nearest'}",,small_battery,E_adaptive_portfolio,synthetic_evrptw_n100_seed20360820_small_battery,20360820,nearest
5,two_opt,0.8880453688256637,997.8636675284018,997.8636675284018,0.0,False,0,True,0.006072749998565996,0.22703695800009882,"{'instance': 'synthetic_evrptw_n100_seed20360820_small_battery', 'scale': 100, 'seed': 20360820, 'source': 'nearest'}",,small_battery,E_adaptive_portfolio,synthetic_evrptw_n100_seed20360820_small_battery,20360820,nearest
6,swap,0.6895248741188194,997.8636675284018,997.8636675284018,0.0,False,0,True,0.03626641700248001,0.26330337500257883,"{'instance': 'synthetic_evrptw_n100_seed20360820_small_battery', 'scale': 100, 'seed': 20360820, 'source': 'nearest'}",,small_battery,E_adaptive_portfolio,synthetic_evrptw_n100_seed20360820_small_battery,20360820,nearest
7,relocate,0.7058728373589495,997.8636675284018,995.1915647748214,0.002677823474822947,True,4,True,0.072423333000188,0.3357267080027668,"{'instance': 'synthetic_evrptw_n100_seed20360820_small_battery', 'scale': 100, 'seed': 20360820, 'source': 'nearest'}",,small_battery,E_adaptive_portfolio,synthetic_evrptw_n100_seed20360820_small_battery,20360820,nearest
8,two_opt,0.7137668931181662,995.1915647748214,994.3921837047865,0.0008032434139609658,True,1,True,0.00733133399990038,0.3430580420026672,"{'instance': 'synthetic_evrptw_n100_seed20360820_small_battery', 'scale': 100, 'seed': 20360820, 'source': 'nearest'}",,small_battery,E_adaptive_portfolio,synthetic_evrptw_n100_seed20360820_small_battery,20360820,nearest
9,swap,0.6170448906298567,994.3921837047865,994.3921837047865,0.0,False,0,True,0.03662099999928614,0.37967904200195335,"{'instance': 'synthetic_evrptw_n100_seed20360820_small_battery', 'scale': 100, 'seed': 20360820, 'source': 'nearest'}",,small_battery,E_adaptive_portfolio,synthetic_evrptw_n100_seed20360820_small_battery,20360820,nearest
10,relocate,0.6244224420111741,994.3921837047865,985.2720144951409,0.009171601868054496,True,5,True,0.07398249999823747,0.4536615420001908,"{'instance': 'synthetic_evrptw_n100_seed20360820_small_battery', 'scale': 100, 'seed': 20360820, 'source': 'nearest'}",,small_battery,E_adaptive_portfolio,synthetic_evrptw_n100_seed20360820_small_battery,20360820,nearest
11,two_opt,0.6260921863578317,985.2720144951409,985.2720144951409,0.0,False,0,True,0.006346250000206055,0.4600077920003969,"{'instance': 'synthetic_evrptw_n100_seed20360820_small_battery', 'scale': 100, 'seed': 20360820, 'source': 'nearest'}",budget,small_battery,E_adaptive_portfolio,synthetic_evrptw_n100_seed20360820_small_battery,20360820,nearest
0,two_opt,,1245.1131548471192,1245.1131548471192,0.0,False,0,True,0.006685459000436822,0.006685459000436822,"{'instance': 'synthetic_evrptw_n100_seed20360820_small_battery', 'scale': 100, 'seed': 20360820, 'source': 'composite'}",,small_battery,E_adaptive_portfolio,synthetic_evrptw_n100_seed20360820_small_battery,20360820,composite
1,relocate,,1245.1131548471192,1212.0045639528423,0.026590828926180678,True,23,True,0.06683625000005122,0.07352170900048804,"{'instance': 'synthetic_evrptw_n100_seed20360820_small_battery', 'scale': 100, 'seed': 20360820, 'source': 'composite'}",,small_battery,E_adaptive_portfolio,synthetic_evrptw_n100_seed20360820_small_battery,20360820,composite
2,swap,,1212.0045639528423,1192.9296840455165,0.015738290493820264,True,8,True,0.03559987499829731,0.10912158399878535,"{'instance': 'synthetic_evrptw_n100_seed20360820_small_battery', 'scale': 100, 'seed': 20360820, 'source': 'composite'}",,small_battery,E_adaptive_portfolio,synthetic_evrptw_n100_seed20360820_small_battery,20360820,composite
3,relocate,0.7602937807039242,1192.9296840455165,1173.1623188354383,0.01657043619121139,True,15,True,0.06571154199991724,0.1748331259987026,"{'instance': 'synthetic_evrptw_n100_seed20360820_small_battery', 'scale': 100, 'seed': 20360820, 'source': 'composite'}",,small_battery,E_adaptive_portfolio,synthetic_evrptw_n100_seed20360820_small_battery,20360820,composite
4,swap,0.8399253062546524,1173.1623188354383,1162.0291500565304,0.0094898792777111,True,4,True,0.03725624999788124,0.21208937599658384,"{'instance': 'synthetic_evrptw_n100_seed20360820_small_battery', 'scale': 100, 'seed': 20360820, 'source': 'composite'}",,small_battery,E_adaptive_portfolio,synthetic_evrptw_n100_seed20360820_small_battery,20360820,composite
5,two_opt,0.8880453688256637,1162.0291500565304,1155.8020071587023,0.0053588525705445325,True,4,True,0.006742083998688031,0.21883145999527187,"{'instance': 'synthetic_evrptw_n100_seed20360820_small_battery', 'scale': 100, 'seed': 20360820, 'source': 'composite'}",,small_battery,E_adaptive_portfolio,synthetic_evrptw_n100_seed20360820_small_battery,20360820,composite
6,relocate,0.6841370980473919,1155.8020071587023,1145.9858710433132,0.008492921845256195,True,9,True,0.07093941600032849,0.28977087599560036,"{'instance': 'synthetic_evrptw_n100_seed20360820_small_battery', 'scale': 100, 'seed': 20360820, 'source': 'composite'}",,small_battery,E_adaptive_portfolio,synthetic_evrptw_n100_seed20360820_small_battery,20360820,composite
7,swap,0.7030834806728286,1145.9858710433132,1144.5088200965097,0.0012888910623817592,True,3,True,0.040028416999120964,0.3297992929947213,"{'instance': 'synthetic_evrptw_n100_seed20360820_small_battery', 'scale': 100, 'seed': 20360820, 'source': 'composite'}",,small_battery,E_adaptive_portfolio,synthetic_evrptw_n100_seed20360820_small_battery,20360820,composite
8,two_opt,0.7164463194034385,1144.5088200965097,1144.5088200965097,0.0,False,0,True,0.005940332997852238,0.33573962599257356,"{'instance': 'synthetic_evrptw_n100_seed20360820_small_battery', 'scale': 100, 'seed': 20360820, 'source': 'composite'}",,small_battery,E_adaptive_portfolio,synthetic_evrptw_n100_seed20360820_small_battery,20360820,composite
9,relocate,0.6162840138639905,1144.5088200965097,1141.469972133066,0.002655154691763265,True,5,True,0.07217283399950247,0.40791245999207604,"{'instance': 'synthetic_evrptw_n100_seed20360820_small_battery', 'scale': 100, 'seed': 20360820, 'source': 'composite'}",,small_battery,E_adaptive_portfolio,synthetic_evrptw_n100_seed20360820_small_battery,20360820,composite
10,swap,0.6220998934162798,1141.469972133066,1139.511774727492,0.0017155049658597655,True,1,True,0.03861395900094067,0.4465264189930167,"{'instance': 'synthetic_evrptw_n100_seed20360820_small_battery', 'scale': 100, 'seed': 20360820, 'source': 'composite'}",,small_battery,E_adaptive_portfolio,synthetic_evrptw_n100_seed20360820_small_battery,20360820,composite
11,two_opt,0.6276107227433596,1139.511774727492,1139.511774727492,0.0,False,0,True,0.00504916600038996,0.45157558499340666,"{'instance': 'synthetic_evrptw_n100_seed20360820_small_battery', 'scale': 100, 'seed': 20360820, 'source': 'composite'}",budget,small_battery,E_adaptive_portfolio,synthetic_evrptw_n100_seed20360820_small_battery,20360820,composite
0,two_opt,,1123.0794945404061,1123.0794945404061,0.0,False,0,True,0.00821495799755212,0.00821495799755212,"{'instance': 'synthetic_evrptw_n100_seed20360821_small_battery', 'scale': 100, 'seed': 20360821, 'source': 'nearest'}",,small_battery,E_adaptive_portfolio,synthetic_evrptw_n100_seed20360821_small_battery,20360821,nearest
1,relocate,,1123.0794945404061,1087.8073593102863,0.03140662384237914,True,19,True,0.06840549999833456,0.07662045799588668,"{'instance': 'synthetic_evrptw_n100_seed20360821_small_battery', 'scale': 100, 'seed': 20360821, 'source': 'nearest'}",,small_battery,E_adaptive_portfolio,synthetic_evrptw_n100_seed20360821_small_battery,20360821,nearest
2,swap,,1087.8073593102863,1080.3118106601505,0.006890511068879206,True,5,True,0.03449341699888464,0.11111387499477132,"{'instance': 'synthetic_evrptw_n100_seed20360821_small_battery', 'scale': 100, 'seed': 20360821, 'source': 'nearest'}",,small_battery,E_adaptive_portfolio,synthetic_evrptw_n100_seed20360821_small_battery,20360821,nearest
3,relocate,0.7651095756201226,1080.3118106601505,1067.0643488257938,0.012262627977992342,True,4,True,0.07279812500200933,0.18391199999678065,"{'instance': 'synthetic_evrptw_n100_seed20360821_small_battery', 'scale': 100, 'seed': 20360821, 'source': 'nearest'}",,small_battery,E_adaptive_portfolio,synthetic_evrptw_n100_seed20360821_small_battery,20360821,nearest
4,swap,0.8310775268297114,1067.0643488257938,1057.3633016062843,0.009091342270205756,True,4,True,0.035390500001085456,0.2193024999978661,"{'instance': 'synthetic_evrptw_n100_seed20360821_small_battery', 'scale': 100, 'seed': 20360821, 'source': 'nearest'}",,small_battery,E_adaptive_portfolio,synthetic_evrptw_n100_seed20360821_small_battery,20360821,nearest
5,two_opt,0.8880453688256637,1057.3633016062843,1053.3352325041105,0.0038095412390940038,True,3,True,0.00924966700040386,0.22855216699826997,"{'instance': 'synthetic_evrptw_n100_seed20360821_small_battery', 'scale': 100, 'seed': 20360821, 'source': 'nearest'}",,small_battery,E_adaptive_portfolio,synthetic_evrptw_n100_seed20360821_small_battery,20360821,nearest
6,relocate,0.6843910913988815,1053.3352325041105,1048.0040571092518,0.005061233338018001,True,6,True,0.073657834000187,0.30221000099845696,"{'instance': 'synthetic_evrptw_n100_seed20360821_small_battery', 'scale': 100, 'seed': 20360821, 'source': 'nearest'}",,small_battery,E_adaptive_portfolio,synthetic_evrptw_n100_seed20360821_small_battery,20360821,nearest
7,swap,0.6984603224566054,1048.0040571092518,1045.5476967435484,0.002343846237083159,True,1,True,0.036824082999373786,0.33903408399783075,"{'instance': 'synthetic_evrptw_n100_seed20360821_small_battery', 'scale': 100, 'seed': 20360821, 'source': 'nearest'}",,small_battery,E_adaptive_portfolio,synthetic_evrptw_n100_seed20360821_small_battery,20360821,nearest
8,two_opt,0.7156716637377132,1045.5476967435484,1045.5476967435484,0.0,False,0,True,0.006802665997383883,0.34583674999521463,"{'instance': 'synthetic_evrptw_n100_seed20360821_small_battery', 'scale': 100, 'seed': 20360821, 'source': 'nearest'}",,small_battery,E_adaptive_portfolio,synthetic_evrptw_n100_seed20360821_small_battery,20360821,nearest
9,relocate,0.6153094465959043,1045.5476967435484,1042.460118934721,0.0029530721730283826,True,3,True,0.0737552919999871,0.4195920419952017,"{'instance': 'synthetic_evrptw_n100_seed20360821_small_battery', 'scale': 100, 'seed': 20360821, 'source': 'nearest'}",,small_battery,E_adaptive_portfolio,synthetic_evrptw_n100_seed20360821_small_battery,20360821,nearest
10,swap,0.6193694396636982,1042.460118934721,1042.460118934721,0.0,False,0,True,0.03581524999754038,0.4554072919927421,"{'instance': 'synthetic_evrptw_n100_seed20360821_small_battery', 'scale': 100, 'seed': 20360821, 'source': 'nearest'}",,small_battery,E_adaptive_portfolio,synthetic_evrptw_n100_seed20360821_small_battery,20360821,nearest
11,two_opt,0.6270942856328761,1042.460118934721,1042.460118934721,0.0,False,0,True,0.006578125001396984,0.4619854169941391,"{'instance': 'synthetic_evrptw_n100_seed20360821_small_battery', 'scale': 100, 'seed': 20360821, 'source': 'nearest'}",budget,small_battery,E_adaptive_portfolio,synthetic_evrptw_n100_seed20360821_small_battery,20360821,nearest
0,two_opt,,1126.3894259558338,1126.3894259558338,0.0,False,0,True,0.0067143750020477455,0.0067143750020477455,"{'instance': 'synthetic_evrptw_n100_seed20360821_small_battery', 'scale': 100, 'seed': 20360821, 'source': 'composite'}",,small_battery,E_adaptive_portfolio,synthetic_evrptw_n100_seed20360821_small_battery,20360821,composite
1,relocate,,1126.3894259558338,1084.4503115324683,0.037233228097624145,True,17,True,0.06745520799813676,0.0741695830001845,"{'instance': 'synthetic_evrptw_n100_seed20360821_small_battery', 'scale': 100, 'seed': 20360821, 'source': 'composite'}",,small_battery,E_adaptive_portfolio,synthetic_evrptw_n100_seed20360821_small_battery,20360821,composite
2,swap,,1084.4503115324683,1046.341314822954,0.03514130274503894,True,8,True,0.03330383299908135,0.10747341599926585,"{'instance': 'synthetic_evrptw_n100_seed20360821_small_battery', 'scale': 100, 'seed': 20360821, 'source': 'composite'}",,small_battery,E_adaptive_portfolio,synthetic_evrptw_n100_seed20360821_small_battery,20360821,composite
3,relocate,0.7709361798753677,1046.341314822954,1008.3235920418176,0.036333959332924916,True,13,True,0.06994299999860232,0.17741641599786817,"{'instance': 'synthetic_evrptw_n100_seed20360821_small_battery', 'scale': 100, 'seed': 20360821, 'source': 'composite'}",,small_battery,E_adaptive_portfolio,synthetic_evrptw_n100_seed20360821_small_battery,20360821,composite
4,swap,0.8593283185058711,1008.3235920418176,1004.9480955852075,0.00334763213243365,True,2,True,0.033068791999539826,0.210485207997408,"{'instance': 'synthetic_evrptw_n100_seed20360821_small_battery', 'scale': 100, 'seed': 20360821, 'source': 'composite'}",,small_battery,E_adaptive_portfolio,synthetic_evrptw_n100_seed20360821_small_battery,20360821,composite
5,two_opt,0.8880453688256637,1004.9480955852075,980.3014821682312,0.024525260085819556,True,4,True,0.007110417001968017,0.217595624999376,"{'instance': 'synthetic_evrptw_n100_seed20360821_small_battery', 'scale': 100, 'seed': 20360821, 'source': 'composite'}",,small_battery,E_adaptive_portfolio,synthetic_evrptw_n100_seed20360821_small_battery,20360821,composite
6,relocate,0.6993400592039704,980.3014821682312,959.5193283995064,0.021199757571271682,True,6,True,0.08035825000115437,0.2979538750005304,"{'instance': 'synthetic_evrptw_n100_seed20360821_small_battery', 'scale': 100, 'seed': 20360821, 'source': 'composite'}",,small_battery,E_adaptive_portfolio,synthetic_evrptw_n100_seed20360821_small_battery,20360821,composite
7,swap,0.7097138632257992,959.5193283995064,951.9926055152591,0.007844263957456698,True,3,True,0.035910874998080544,0.33386474999861093,"{'instance': 'synthetic_evrptw_n100_seed20360821_small_battery', 'scale': 100, 'seed': 20360821, 'source': 'composite'}",,small_battery,E_adaptive_portfolio,synthetic_evrptw_n100_seed20360821_small_battery,20360821,composite
8,two_opt,0.7260295231610759,951.9926055152591,948.7636981189551,0.0033917357945826097,True,1,True,0.008178625001164619,0.34204337499977555,"{'instance': 'synthetic_evrptw_n100_seed20360821_small_battery', 'scale': 100, 'seed': 20360821, 'source': 'composite'}",,small_battery,E_adaptive_portfolio,synthetic_evrptw_n100_seed20360821_small_battery,20360821,composite
9,relocate,0.6306549332103812,948.7636981189551,945.8544841449049,0.003066320918283542,True,2,True,0.0804845419988851,0.42252791699866066,"{'instance': 'synthetic_evrptw_n100_seed20360821_small_battery', 'scale': 100, 'seed': 20360821, 'source': 'composite'}",,small_battery,E_adaptive_portfolio,synthetic_evrptw_n100_seed20360821_small_battery,20360821,composite
10,swap,0.6287052727499519,945.8544841449049,945.8544841449049,0.0,False,0,True,0.03649095899891108,0.45901887599757174,"{'instance': 'synthetic_evrptw_n100_seed20360821_small_battery', 'scale': 100, 'seed': 20360821, 'source': 'composite'}",,small_battery,E_adaptive_portfolio,synthetic_evrptw_n100_seed20360821_small_battery,20360821,composite
11,two_opt,0.6351301038466455,945.8544841449049,945.8544841449049,0.0,False,0,True,0.006857167001726339,0.4658760429992981,"{'instance': 'synthetic_evrptw_n100_seed20360821_small_battery', 'scale': 100, 'seed': 20360821, 'source': 'composite'}",budget,small_battery,E_adaptive_portfolio,synthetic_evrptw_n100_seed20360821_small_battery,20360821,composite
0,two_opt,,1113.8803637010792,1113.8803637010792,0.0,False,0,True,0.00785879099930753,0.00785879099930753,"{'instance': 'synthetic_evrptw_n100_seed20360822_small_battery', 'scale': 100, 'seed': 20360822, 'source': 'nearest'}",,small_battery,E_adaptive_portfolio,synthetic_evrptw_n100_seed20360822_small_battery,20360822,nearest
1,relocate,,1113.8803637010792,1058.7164253062858,0.04952411425182208,True,19,True,0.06944004199976916,0.0772988329990767,"{'instance': 'synthetic_evrptw_n100_seed20360822_small_battery', 'scale': 100, 'seed': 20360822, 'source': 'nearest'}",,small_battery,E_adaptive_portfolio,synthetic_evrptw_n100_seed20360822_small_battery,20360822,nearest
2,swap,,1058.7164253062858,1045.5857414717805,0.012402455955764231,True,4,True,0.039186250000057044,0.11648508299913374,"{'instance': 'synthetic_evrptw_n100_seed20360822_small_battery', 'scale': 100, 'seed': 20360822, 'source': 'nearest'}",,small_battery,E_adaptive_portfolio,synthetic_evrptw_n100_seed20360822_small_battery,20360822,nearest
3,relocate,0.7832270660295656,1045.5857414717805,1017.5940114210933,0.0267713387247282,True,15,True,0.07040079200305627,0.18688587500219,"{'instance': 'synthetic_evrptw_n100_seed20360822_small_battery', 'scale': 100, 'seed': 20360822, 'source': 'nearest'}",,small_battery,E_adaptive_portfolio,synthetic_evrptw_n100_seed20360822_small_battery,20360822,nearest
4,swap,0.8365894717165965,1017.5940114210933,1009.8028955392814,0.007656408935555228,True,4,True,0.03997404199981247,0.22685991700200248,"{'instance': 'synthetic_evrptw_n100_seed20360822_small_battery', 'scale': 100, 'seed': 20360822, 'source': 'nearest'}",,small_battery,E_adaptive_portfolio,synthetic_evrptw_n100_seed20360822_small_battery,20360822,nearest
5,two_opt,0.8880453688256637,1009.8028955392814,1006.4883693711984,0.003282349637463581,True,3,True,0.0073747080023167655,0.23423462500431924,"{'instance': 'synthetic_evrptw_n100_seed20360822_small_battery', 'scale': 100, 'seed': 20360822, 'source': 'nearest'}",,small_battery,E_adaptive_portfolio,synthetic_evrptw_n100_seed20360822_small_battery,20360822,nearest
6,relocate,0.700704191976971,1006.4883693711984,997.6526316358485,0.008778777782469549,True,9,True,0.06955804199969862,0.30379266700401786,"{'instance': 'synthetic_evrptw_n100_seed20360822_small_battery', 'scale': 100, 'seed': 20360822, 'source': 'nearest'}",,small_battery,E_adaptive_portfolio,synthetic_evrptw_n100_seed20360822_small_battery,20360822,nearest
7,swap,0.7004988282327226,997.6526316358485,994.7453090149004,0.002914163235535162,True,2,True,0.040371749997575535,0.3441644170015934,"{'instance': 'synthetic_evrptw_n100_seed20360822_small_battery', 'scale': 100, 'seed': 20360822, 'source': 'nearest'}",,small_battery,E_adaptive_portfolio,synthetic_evrptw_n100_seed20360822_small_battery,20360822,nearest
8,two_opt,0.715408067936898,994.7453090149004,994.7453090149004,0.0,False,0,True,0.00569550000000163,0.349859917001595,"{'instance': 'synthetic_evrptw_n100_seed20360822_small_battery', 'scale': 100, 'seed': 20360822, 'source': 'nearest'}",,small_battery,E_adaptive_portfolio,synthetic_evrptw_n100_seed20360822_small_battery,20360822,nearest
9,relocate,0.627424028462781,994.7453090149004,984.7978655200748,0.009999990353989813,True,7,True,0.07326899999679881,0.42312891699839383,"{'instance': 'synthetic_evrptw_n100_seed20360822_small_battery', 'scale': 100, 'seed': 20360822, 'source': 'nearest'}",,small_battery,E_adaptive_portfolio,synthetic_evrptw_n100_seed20360822_small_battery,20360822,nearest
10,swap,0.6209185491805936,984.7978655200748,984.7978655200748,0.0,False,0,True,0.040028958002949366,0.4631578750013432,"{'instance': 'synthetic_evrptw_n100_seed20360822_small_battery', 'scale': 100, 'seed': 20360822, 'source': 'nearest'}",,small_battery,E_adaptive_portfolio,synthetic_evrptw_n100_seed20360822_small_battery,20360822,nearest
11,two_opt,0.6269185550989992,984.7978655200748,984.7978655200748,0.0,False,0,True,0.005614624998997897,0.4687725000003411,"{'instance': 'synthetic_evrptw_n100_seed20360822_small_battery', 'scale': 100, 'seed': 20360822, 'source': 'nearest'}",budget,small_battery,E_adaptive_portfolio,synthetic_evrptw_n100_seed20360822_small_battery,20360822,nearest
0,two_opt,,1157.7139168569922,1157.7139168569922,0.0,False,0,True,0.0070307079986378085,0.0070307079986378085,"{'instance': 'synthetic_evrptw_n100_seed20360822_small_battery', 'scale': 100, 'seed': 20360822, 'source': 'composite'}",,small_battery,E_adaptive_portfolio,synthetic_evrptw_n100_seed20360822_small_battery,20360822,composite
1,relocate,,1157.7139168569922,1103.2257265622377,0.04706533237734693,True,22,True,0.0640075839983183,0.0710382919969561,"{'instance': 'synthetic_evrptw_n100_seed20360822_small_battery', 'scale': 100, 'seed': 20360822, 'source': 'composite'}",,small_battery,E_adaptive_portfolio,synthetic_evrptw_n100_seed20360822_small_battery,20360822,composite
2,swap,,1103.2257265622377,1079.8566392569542,0.021182507570870337,True,4,True,0.0348262910010817,0.1058645829980378,"{'instance': 'synthetic_evrptw_n100_seed20360822_small_battery', 'scale': 100, 'seed': 20360822, 'source': 'composite'}",,small_battery,E_adaptive_portfolio,synthetic_evrptw_n100_seed20360822_small_battery,20360822,composite
3,relocate,0.7807682841550904,1079.8566392569542,1061.3243257451538,0.01716182763348324,True,11,True,0.07082270799946855,0.17668729099750635,"{'instance': 'synthetic_evrptw_n100_seed20360822_small_battery', 'scale': 100, 'seed': 20360822, 'source': 'composite'}",,small_battery,E_adaptive_portfolio,synthetic_evrptw_n100_seed20360822_small_battery,20360822,composite
4,swap,0.8453695233317026,1061.3243257451538,1061.3243257451538,0.0,False,0,True,0.03535812500194879,0.21204541599945514,"{'instance': 'synthetic_evrptw_n100_seed20360822_small_battery', 'scale': 100, 'seed': 20360822, 'source': 'composite'}",,small_battery,E_adaptive_portfolio,synthetic_evrptw_n100_seed20360822_small_battery,20360822,composite
5,two_opt,0.8880453688256637,1061.3243257451538,1058.355755876808,0.0027970430869580223,True,2,True,0.0077816670018364675,0.2198270830012916,"{'instance': 'synthetic_evrptw_n100_seed20360822_small_battery', 'scale': 100, 'seed': 20360822, 'source': 'composite'}",,small_battery,E_adaptive_portfolio,synthetic_evrptw_n100_seed20360822_small_battery,20360822,composite
6,relocate,0.6946700454941109,1058.355755876808,1036.617966499651,0.020539208348848703,True,7,True,0.07622274999812362,0.29604983299941523,"{'instance': 'synthetic_evrptw_n100_seed20360822_small_battery', 'scale': 100, 'seed': 20360822, 'source': 'composite'}",,small_battery,E_adaptive_portfolio,synthetic_evrptw_n100_seed20360822_small_battery,20360822,composite
7,swap,0.701060649572498,1036.617966499651,1034.5521585051463,0.0019928344493972865,True,1,True,0.035467874997266335,0.33151770799668157,"{'instance': 'synthetic_evrptw_n100_seed20360822_small_battery', 'scale': 100, 'seed': 20360822, 'source': 'composite'}",,small_battery,E_adaptive_portfolio,synthetic_evrptw_n100_seed20360822_small_battery,20360822,composite
8,two_opt,0.7151654146616452,1034.5521585051463,1034.5521585051463,0.0,False,0,True,0.005960791000688914,0.3374784989973705,"{'instance': 'synthetic_evrptw_n100_seed20360822_small_battery', 'scale': 100, 'seed': 20360822, 'source': 'composite'}",,small_battery,E_adaptive_portfolio,synthetic_evrptw_n100_seed20360822_small_battery,20360822,composite
9,relocate,0.6273214076630007,1034.5521585051463,1032.4105006696375,0.002070130363077428,True,3,True,0.07844166600261815,0.41592016499998863,"{'instance': 'synthetic_evrptw_n100_seed20360822_small_battery', 'scale': 100, 'seed': 20360822, 'source': 'composite'}",,small_battery,E_adaptive_portfolio,synthetic_evrptw_n100_seed20360822_small_battery,20360822,composite
10,swap,0.6209859871450647,1032.4105006696375,1032.1891433470419,0.0002144082440580047,True,1,True,0.03646970800036797,0.4523898730003566,"{'instance': 'synthetic_evrptw_n100_seed20360822_small_battery', 'scale': 100, 'seed': 20360822, 'source': 'composite'}",,small_battery,E_adaptive_portfolio,synthetic_evrptw_n100_seed20360822_small_battery,20360822,composite
11,two_opt,0.6267567862488307,1032.1891433470419,1032.1891433470419,0.0,False,0,True,0.006368583999574184,0.4587584569999308,"{'instance': 'synthetic_evrptw_n100_seed20360822_small_battery', 'scale': 100, 'seed': 20360822, 'source': 'composite'}",budget,small_battery,E_adaptive_portfolio,synthetic_evrptw_n100_seed20360822_small_battery,20360822,composite
0,two_opt,,1212.181009899966,1212.181009899966,0.0,False,0,True,0.008138042001519352,0.008138042001519352,"{'instance': 'synthetic_evrptw_n100_seed20360823_small_battery', 'scale': 100, 'seed': 20360823, 'source': 'nearest'}",,small_battery,E_adaptive_portfolio,synthetic_evrptw_n100_seed20360823_small_battery,20360823,nearest
1,relocate,,1212.181009899966,1163.2504168130633,0.040365747926492154,True,18,True,0.07445925000138232,0.08259729200290167,"{'instance': 'synthetic_evrptw_n100_seed20360823_small_battery', 'scale': 100, 'seed': 20360823, 'source': 'nearest'}",,small_battery,E_adaptive_portfolio,synthetic_evrptw_n100_seed20360823_small_battery,20360823,nearest
2,swap,,1163.2504168130633,1145.883129146822,0.014929964705125259,True,6,True,0.03731754200271098,0.11991483400561265,"{'instance': 'synthetic_evrptw_n100_seed20360823_small_battery', 'scale': 100, 'seed': 20360823, 'source': 'nearest'}",,small_battery,E_adaptive_portfolio,synthetic_evrptw_n100_seed20360823_small_battery,20360823,nearest
3,relocate,0.7740686997042356,1145.883129146822,1108.0289585798705,0.033034931402765505,True,12,True,0.07612733300265973,0.19604216700827237,"{'instance': 'synthetic_evrptw_n100_seed20360823_small_battery', 'scale': 100, 'seed': 20360823, 'source': 'nearest'}",,small_battery,E_adaptive_portfolio,synthetic_evrptw_n100_seed20360823_small_battery,20360823,nearest
4,swap,0.8391169804659575,1108.0289585798705,1080.611434575161,0.024744411048470985,True,7,True,0.036750166000274476,0.23279233300854685,"{'instance': 'synthetic_evrptw_n100_seed20360823_small_battery', 'scale': 100, 'seed': 20360823, 'source': 'nearest'}",,small_battery,E_adaptive_portfolio,synthetic_evrptw_n100_seed20360823_small_battery,20360823,nearest
5,two_opt,0.8880453688256637,1080.611434575161,1066.7915251913232,0.01278897200386464,True,2,True,0.007292624999536201,0.24008495800808305,"{'instance': 'synthetic_evrptw_n100_seed20360823_small_battery', 'scale': 100, 'seed': 20360823, 'source': 'nearest'}",,small_battery,E_adaptive_portfolio,synthetic_evrptw_n100_seed20360823_small_battery,20360823,nearest
6,relocate,0.6992568051533247,1066.7915251913232,1051.560158736894,0.01427773477268445,True,8,True,0.07193841700063786,0.3120233750087209,"{'instance': 'synthetic_evrptw_n100_seed20360823_small_battery', 'scale': 100, 'seed': 20360823, 'source': 'nearest'}",,small_battery,E_adaptive_portfolio,synthetic_evrptw_n100_seed20360823_small_battery,20360823,nearest
7,swap,0.710306583663861,1051.560158736894,1037.586958751044,0.013288065233123916,True,6,True,0.03819066600044607,0.350214041009167,"{'instance': 'synthetic_evrptw_n100_seed20360823_small_battery', 'scale': 100, 'seed': 20360823, 'source': 'nearest'}",,small_battery,E_adaptive_portfolio,synthetic_evrptw_n100_seed20360823_small_battery,20360823,nearest
8,two_opt,0.7201613791200985,1037.586958751044,1031.7406952590266,0.005634480505667362,True,5,True,0.01032429100087029,0.36053833201003727,"{'instance': 'synthetic_evrptw_n100_seed20360823_small_battery', 'scale': 100, 'seed': 20360823, 'source': 'nearest'}",,small_battery,E_adaptive_portfolio,synthetic_evrptw_n100_seed20360823_small_battery,20360823,nearest
9,relocate,0.6282920895770884,1031.7406952590266,1017.1346232094955,0.014156727670671205,True,10,True,0.0756583749971469,0.43619670700718416,"{'instance': 'synthetic_evrptw_n100_seed20360823_small_battery', 'scale': 100, 'seed': 20360823, 'source': 'nearest'}",,small_battery,E_adaptive_portfolio,synthetic_evrptw_n100_seed20360823_small_battery,20360823,nearest
10,swap,0.6309150201338822,1017.1346232094955,1011.5030348507859,0.005536718768789527,True,3,True,0.0406145410015597,0.47681124800874386,"{'instance': 'synthetic_evrptw_n100_seed20360823_small_battery', 'scale': 100, 'seed': 20360823, 'source': 'nearest'}",,small_battery,E_adaptive_portfolio,synthetic_evrptw_n100_seed20360823_small_battery,20360823,nearest
11,two_opt,0.6319655893896887,1011.5030348507859,1011.5030348507859,0.0,False,0,True,0.007388874997559469,0.48420012300630333,"{'instance': 'synthetic_evrptw_n100_seed20360823_small_battery', 'scale': 100, 'seed': 20360823, 'source': 'nearest'}",budget,small_battery,E_adaptive_portfolio,synthetic_evrptw_n100_seed20360823_small_battery,20360823,nearest
0,two_opt,,1241.6675742201282,1241.6675742201282,0.0,False,0,True,0.006512457999633625,0.006512457999633625,"{'instance': 'synthetic_evrptw_n100_seed20360823_small_battery', 'scale': 100, 'seed': 20360823, 'source': 'composite'}",,small_battery,E_adaptive_portfolio,synthetic_evrptw_n100_seed20360823_small_battery,20360823,composite
1,relocate,,1241.6675742201282,1184.4510770590493,0.04608036671732825,True,18,True,0.06680116599818575,0.07331362399781938,"{'instance': 'synthetic_evrptw_n100_seed20360823_small_battery', 'scale': 100, 'seed': 20360823, 'source': 'composite'}",,small_battery,E_adaptive_portfolio,synthetic_evrptw_n100_seed20360823_small_battery,20360823,composite
2,swap,,1184.4510770590493,1160.0416604007391,0.02060821010768796,True,9,True,0.03298683400134905,0.10630045799916843,"{'instance': 'synthetic_evrptw_n100_seed20360823_small_battery', 'scale': 100, 'seed': 20360823, 'source': 'composite'}",,small_battery,E_adaptive_portfolio,synthetic_evrptw_n100_seed20360823_small_battery,20360823,composite
3,relocate,0.7797833184950718,1160.0416604007391,1115.7098973906957,0.03821566459494993,True,13,True,0.06651229199997033,0.17281274999913876,"{'instance': 'synthetic_evrptw_n100_seed20360823_small_battery', 'scale': 100, 'seed': 20360823, 'source': 'composite'}",,small_battery,E_adaptive_portfolio,synthetic_evrptw_n100_seed20360823_small_battery,20360823,composite
4,swap,0.8447952258685202,1115.7098973906957,1105.5480362206504,0.00910797797331618,True,8,True,0.03641287500067847,0.20922562499981723,"{'instance': 'synthetic_evrptw_n100_seed20360823_small_battery', 'scale': 100, 'seed': 20360823, 'source': 'composite'}",,small_battery,E_adaptive_portfolio,synthetic_evrptw_n100_seed20360823_small_battery,20360823,composite
5,two_opt,0.8880453688256637,1105.5480362206504,1051.4880312972882,0.04889882949651644,True,13,True,0.010629832999256905,0.21985545799907413,"{'instance': 'synthetic_evrptw_n100_seed20360823_small_battery', 'scale': 100, 'seed': 20360823, 'source': 'composite'}",,small_battery,E_adaptive_portfolio,synthetic_evrptw_n100_seed20360823_small_battery,20360823,composite
6,relocate,0.704704481144835,1051.4880312972882,1024.3306757732696,0.02582754602590468,True,6,True,0.07580654100092943,0.29566199900000356,"{'instance': 'synthetic_evrptw_n100_seed20360823_small_battery', 'scale': 100, 'seed': 20360823, 'source': 'composite'}",,small_battery,E_adaptive_portfolio,synthetic_evrptw_n100_seed20360823_small_battery,20360823,composite
7,two_opt,0.7149188105353211,1024.3306757732696,1024.2072986404007,0.0001204465860360416,True,1,True,0.007205124999018153,0.3028671239990217,"{'instance': 'synthetic_evrptw_n100_seed20360823_small_battery', 'scale': 100, 'seed': 20360823, 'source': 'composite'}",,small_battery,E_adaptive_portfolio,synthetic_evrptw_n100_seed20360823_small_battery,20360823,composite
8,swap,0.7286249871586683,1024.2072986404007,1024.2072986404007,0.0,False,0,True,0.040855249997548526,0.34372237399657024,"{'instance': 'synthetic_evrptw_n100_seed20360823_small_battery', 'scale': 100, 'seed': 20360823, 'source': 'composite'}",,small_battery,E_adaptive_portfolio,synthetic_evrptw_n100_seed20360823_small_battery,20360823,composite
9,relocate,0.6357738106558354,1024.2072986404007,1021.4033109235646,0.0027377150314768306,True,2,True,0.07823887500126148,0.4219612489978317,"{'instance': 'synthetic_evrptw_n100_seed20360823_small_battery', 'scale': 100, 'seed': 20360823, 'source': 'composite'}",,small_battery,E_adaptive_portfolio,synthetic_evrptw_n100_seed20360823_small_battery,20360823,composite
10,two_opt,0.6296006318324929,1021.4033109235646,1021.4033109235646,0.0,False,0,True,0.006897166000271682,0.4288584149981034,"{'instance': 'synthetic_evrptw_n100_seed20360823_small_battery', 'scale': 100, 'seed': 20360823, 'source': 'composite'}",,small_battery,E_adaptive_portfolio,synthetic_evrptw_n100_seed20360823_small_battery,20360823,composite
11,swap,0.6357298345801794,1021.4033109235646,1019.5442489063345,0.0018201057284111984,True,1,True,0.0408253749992582,0.4696837899973616,"{'instance': 'synthetic_evrptw_n100_seed20360823_small_battery', 'scale': 100, 'seed': 20360823, 'source': 'composite'}",budget,small_battery,E_adaptive_portfolio,synthetic_evrptw_n100_seed20360823_small_battery,20360823,composite
0,two_opt,,1183.3867217528066,1183.3867217528066,0.0,False,0,True,0.008093749998806743,0.008093749998806743,"{'instance': 'synthetic_evrptw_n100_seed20360824_small_battery', 'scale': 100, 'seed': 20360824, 'source': 'nearest'}",,small_battery,E_adaptive_portfolio,synthetic_evrptw_n100_seed20360824_small_battery,20360824,nearest
1,relocate,,1183.3867217528066,1133.594169251756,0.04207631502514992,True,27,True,0.06875429199862992,0.07684804199743667,"{'instance': 'synthetic_evrptw_n100_seed20360824_small_battery', 'scale': 100, 'seed': 20360824, 'source': 'nearest'}",,small_battery,E_adaptive_portfolio,synthetic_evrptw_n100_seed20360824_small_battery,20360824,nearest
2,swap,,1133.594169251756,1126.7588400846973,0.006029785043416788,True,5,True,0.03957337499741698,0.11642141699485364,"{'instance': 'synthetic_evrptw_n100_seed20360824_small_battery', 'scale': 100, 'seed': 20360824, 'source': 'nearest'}",,small_battery,E_adaptive_portfolio,synthetic_evrptw_n100_seed20360824_small_battery,20360824,nearest
3,relocate,0.7757792668028934,1126.7588400846973,1093.2196650197552,0.02976606339509262,True,17,True,0.07194620800146367,0.18836762499631732,"{'instance': 'synthetic_evrptw_n100_seed20360824_small_battery', 'scale': 100, 'seed': 20360824, 'source': 'nearest'}",,small_battery,E_adaptive_portfolio,synthetic_evrptw_n100_seed20360824_small_battery,20360824,nearest
4,swap,0.830216800804249,1093.2196650197552,1080.7783013577362,0.011380479202955276,True,6,True,0.0399649999999383,0.22833262499625562,"{'instance': 'synthetic_evrptw_n100_seed20360824_small_battery', 'scale': 100, 'seed': 20360824, 'source': 'nearest'}",,small_battery,E_adaptive_portfolio,synthetic_evrptw_n100_seed20360824_small_battery,20360824,nearest
5,two_opt,0.8880453688256637,1080.7783013577362,1079.4032373958285,0.0012722904967468946,True,3,True,0.01028562500141561,0.23861824999767123,"{'instance': 'synthetic_evrptw_n100_seed20360824_small_battery', 'scale': 100, 'seed': 20360824, 'source': 'nearest'}",,small_battery,E_adaptive_portfolio,synthetic_evrptw_n100_seed20360824_small_battery,20360824,nearest
6,relocate,0.6984776546988172,1079.4032373958285,1067.734503681509,0.010810356417376892,True,10,True,0.07278199999927892,0.31140024999695015,"{'instance': 'synthetic_evrptw_n100_seed20360824_small_battery', 'scale': 100, 'seed': 20360824, 'source': 'nearest'}",,small_battery,E_adaptive_portfolio,synthetic_evrptw_n100_seed20360824_small_battery,20360824,nearest
7,swap,0.6991745279102489,1067.734503681509,1062.6767445428818,0.004736907088033865,True,2,True,0.03929704099937226,0.3506972909963224,"{'instance': 'synthetic_evrptw_n100_seed20360824_small_battery', 'scale': 100, 'seed': 20360824, 'source': 'nearest'}",,small_battery,E_adaptive_portfolio,synthetic_evrptw_n100_seed20360824_small_battery,20360824,nearest
8,two_opt,0.7144030383665396,1062.6767445428818,1062.232013857936,0.0004185004397900482,True,1,True,0.007712749997153878,0.3584100409934763,"{'instance': 'synthetic_evrptw_n100_seed20360824_small_battery', 'scale': 100, 'seed': 20360824, 'source': 'nearest'}",,small_battery,E_adaptive_portfolio,synthetic_evrptw_n100_seed20360824_small_battery,20360824,nearest
9,relocate,0.6266168631556476,1062.232013857936,1058.4315758763778,0.0035777852032112035,True,3,True,0.07538774999920861,0.4337977909926849,"{'instance': 'synthetic_evrptw_n100_seed20360824_small_battery', 'scale': 100, 'seed': 20360824, 'source': 'nearest'}",,small_battery,E_adaptive_portfolio,synthetic_evrptw_n100_seed20360824_small_battery,20360824,nearest
10,swap,0.6206432635831107,1058.4315758763778,1057.0258194468065,0.0013281505026976562,True,1,True,0.04174454100211733,0.4755423319948022,"{'instance': 'synthetic_evrptw_n100_seed20360824_small_battery', 'scale': 100, 'seed': 20360824, 'source': 'nearest'}",,small_battery,E_adaptive_portfolio,synthetic_evrptw_n100_seed20360824_small_battery,20360824,nearest
11,two_opt,0.6263880355320237,1057.0258194468065,1057.0258194468065,0.0,False,0,True,0.006441000001359498,0.4819833319961617,"{'instance': 'synthetic_evrptw_n100_seed20360824_small_battery', 'scale': 100, 'seed': 20360824, 'source': 'nearest'}",budget,small_battery,E_adaptive_portfolio,synthetic_evrptw_n100_seed20360824_small_battery,20360824,nearest
0,two_opt,,1117.2587450931326,1117.2587450931326,0.0,False,0,True,0.0067247090009914245,0.0067247090009914245,"{'instance': 'synthetic_evrptw_n100_seed20360824_small_battery', 'scale': 100, 'seed': 20360824, 'source': 'composite'}",,small_battery,E_adaptive_portfolio,synthetic_evrptw_n100_seed20360824_small_battery,20360824,composite
1,relocate,,1117.2587450931326,1077.9687176808932,0.035166453236366704,True,19,True,0.06770029200197314,0.07442500100296456,"{'instance': 'synthetic_evrptw_n100_seed20360824_small_battery', 'scale': 100, 'seed': 20360824, 'source': 'composite'}",,small_battery,E_adaptive_portfolio,synthetic_evrptw_n100_seed20360824_small_battery,20360824,composite
2,swap,,1077.9687176808932,1076.22803972463,0.0016147759463818543,True,4,True,0.03485245800038683,0.1092774590033514,"{'instance': 'synthetic_evrptw_n100_seed20360824_small_battery', 'scale': 100, 'seed': 20360824, 'source': 'composite'}",,small_battery,E_adaptive_portfolio,synthetic_evrptw_n100_seed20360824_small_battery,20360824,composite
3,relocate,0.7688694050141102,1076.22803972463,1048.4615326953874,0.025799836098255792,True,11,True,0.0706079170013254,0.1798853760046768,"{'instance': 'synthetic_evrptw_n100_seed20360824_small_battery', 'scale': 100, 'seed': 20360824, 'source': 'composite'}",,small_battery,E_adaptive_portfolio,synthetic_evrptw_n100_seed20360824_small_battery,20360824,composite
4,swap,0.825801791707214,1048.4615326953874,1048.4615326953874,0.0,False,0,True,0.03541808299996774,0.21530345900464454,"{'instance': 'synthetic_evrptw_n100_seed20360824_small_battery', 'scale': 100, 'seed': 20360824, 'source': 'composite'}",,small_battery,E_adaptive_portfolio,synthetic_evrptw_n100_seed20360824_small_battery,20360824,composite
5,two_opt,0.8880453688256637,1048.4615326953874,1037.5598485017329,0.010397791291043812,True,7,True,0.007908666997536784,0.22321212600218132,"{'instance': 'synthetic_evrptw_n100_seed20360824_small_battery', 'scale': 100, 'seed': 20360824, 'source': 'composite'}",,small_battery,E_adaptive_portfolio,synthetic_evrptw_n100_seed20360824_small_battery,20360824,composite
6,relocate,0.6930396101560071,1037.5598485017329,1027.6946538499083,0.009508072875092678,True,3,True,0.07626641699971515,0.29947854300189647,"{'instance': 'synthetic_evrptw_n100_seed20360824_small_battery', 'scale': 100, 'seed': 20360824, 'source': 'composite'}",,small_battery,E_adaptive_portfolio,synthetic_evrptw_n100_seed20360824_small_battery,20360824,composite
7,two_opt,0.6956682914325848,1027.6946538499083,1027.6675399878955,2.6383188733383442e-05,True,1,True,0.007141916001273785,0.30662045900317025,"{'instance': 'synthetic_evrptw_n100_seed20360824_small_battery', 'scale': 100, 'seed': 20360824, 'source': 'composite'}",,small_battery,E_adaptive_portfolio,synthetic_evrptw_n100_seed20360824_small_battery,20360824,composite
8,swap,0.7145742810913571,1027.6675399878955,1027.6675399878955,0.0,False,0,True,0.03734245799932978,0.34396291700250003,"{'instance': 'synthetic_evrptw_n100_seed20360824_small_battery', 'scale': 100, 'seed': 20360824, 'source': 'composite'}",,small_battery,E_adaptive_portfolio,synthetic_evrptw_n100_seed20360824_small_battery,20360824,composite
9,relocate,0.6225574056130128,1027.6675399878955,1024.4127154877506,0.003167195978753221,True,1,True,0.07505612500244752,0.41901904200494755,"{'instance': 'synthetic_evrptw_n100_seed20360824_small_battery', 'scale': 100, 'seed': 20360824, 'source': 'composite'}",,small_battery,E_adaptive_portfolio,synthetic_evrptw_n100_seed20360824_small_battery,20360824,composite
10,two_opt,0.6167355979649012,1024.4127154877506,1024.4127154877506,0.0,False,0,True,0.0059152909998374525,0.424934333004785,"{'instance': 'synthetic_evrptw_n100_seed20360824_small_battery', 'scale': 100, 'seed': 20360824, 'source': 'composite'}",,small_battery,E_adaptive_portfolio,synthetic_evrptw_n100_seed20360824_small_battery,20360824,composite
11,swap,0.626362697201972,1024.4127154877506,1024.4127154877506,0.0,False,0,True,0.037323207998269936,0.46225754100305494,"{'instance': 'synthetic_evrptw_n100_seed20360824_small_battery', 'scale': 100, 'seed': 20360824, 'source': 'composite'}",budget,small_battery,E_adaptive_portfolio,synthetic_evrptw_n100_seed20360824_small_battery,20360824,composite
